TRACE::2025-04-11.15:28:01::SCWPlatform::Trying to open the hw design at /home/student/Documents/cursoML2025/git/ML_FPGA_UNMdP/labs/lab8/Lab8-01/MLZedboard_wrapper/hw/MLZedboard_wrapper.xsa
TRACE::2025-04-11.15:28:01::SCWPlatform::DSA given /home/student/Documents/cursoML2025/git/ML_FPGA_UNMdP/labs/lab8/Lab8-01/MLZedboard_wrapper/hw/MLZedboard_wrapper.xsa
TRACE::2025-04-11.15:28:01::SCWPlatform::DSA absoulate path /home/student/Documents/cursoML2025/git/ML_FPGA_UNMdP/labs/lab8/Lab8-01/MLZedboard_wrapper/hw/MLZedboard_wrapper.xsa
TRACE::2025-04-11.15:28:01::SCWPlatform::DSA directory /home/student/Documents/cursoML2025/git/ML_FPGA_UNMdP/labs/lab8/Lab8-01/MLZedboard_wrapper/hw
TRACE::2025-04-11.15:28:01::SCWPlatform:: Platform Path /home/student/Documents/cursoML2025/git/ML_FPGA_UNMdP/labs/lab8/Lab8-01/MLZedboard_wrapper/hw/MLZedboard_wrapper.xsa
TRACE::2025-04-11.15:28:01::SCWPlatform:: Unique name xilinx:zedboard::0.0
TRACE::2025-04-11.15:28:01::SCWPlatform::Do not have an existing db opened. 
TRACE::2025-04-11.15:28:03::SCWPlatform::Opened new HwDB with name MLZedboard_wrapper_0
TRACE::2025-04-11.15:28:03::SCWWriter::formatted JSON is {
	"platformName":	"MLZedboard_wrapper",
	"sprVersion":	"2.0",
	"mode":	"gui",
	"dsaType":	"Fixed",
	"platformDesc":	"MLZedboard_wrapper",
	"platHandOff":	"<platformDir>.xsa",
	"platIntHandOff":	"<platformDir>/hw/MLZedboard_wrapper.xsa",
	"deviceType":	"zynq",
	"platIsPrebuiltAutogen":	"false",
	"platIsNoBootBsp":	"false",
	"hasFsblMakeHasChanges":	"false",
	"hasPmufwMakeHasChanges":	"false",
	"platPreBuiltFlag":	false,
	"platformSamplesDir":	""
}
TRACE::2025-04-11.15:28:03::SCWWriter::formatted JSON is {
	"platformName":	"MLZedboard_wrapper",
	"sprVersion":	"2.0",
	"mode":	"gui",
	"dsaType":	"Fixed",
	"platformDesc":	"MLZedboard_wrapper",
	"platHandOff":	"<platformDir>.xsa",
	"platIntHandOff":	"<platformDir>/hw/MLZedboard_wrapper.xsa",
	"deviceType":	"zynq",
	"platIsPrebuiltAutogen":	"false",
	"platIsNoBootBsp":	"false",
	"hasFsblMakeHasChanges":	"false",
	"hasPmufwMakeHasChanges":	"false",
	"platPreBuiltFlag":	false,
	"platformSamplesDir":	"",
	"platActiveSys":	"MLZedboard_wrapper",
	"systems":	[{
			"systemName":	"MLZedboard_wrapper",
			"systemDesc":	"MLZedboard_wrapper",
			"sysIsBootAutoGen":	"true",
			"systemDispName":	"MLZedboard_wrapper"
		}]
}
TRACE::2025-04-11.15:28:03::SCWPlatform::Boot application domains not present, creating them
TRACE::2025-04-11.15:28:03::SCWDomain::checking for install qemu data   : 
TRACE::2025-04-11.15:28:03::SCWDomain:: Using the QEMU Data from install at  : /tools/Xilinx/Vitis/2022.2/data/emulation/platforms/zynq/sw/a9_standalone/qemu/
TRACE::2025-04-11.15:28:03::SCWDomain:: Using the QEMU args  from install at  : /tools/Xilinx/Vitis/2022.2/data/emulation/platforms/zynq/sw/a9_standalone/qemu/qemu_args.txt
TRACE::2025-04-11.15:28:03::SCWPlatform::Trying to open the hw design at /home/student/Documents/cursoML2025/git/ML_FPGA_UNMdP/labs/lab8/Lab8-01/MLZedboard_wrapper/hw/MLZedboard_wrapper.xsa
TRACE::2025-04-11.15:28:03::SCWPlatform::DSA given /home/student/Documents/cursoML2025/git/ML_FPGA_UNMdP/labs/lab8/Lab8-01/MLZedboard_wrapper/hw/MLZedboard_wrapper.xsa
TRACE::2025-04-11.15:28:03::SCWPlatform::DSA absoulate path /home/student/Documents/cursoML2025/git/ML_FPGA_UNMdP/labs/lab8/Lab8-01/MLZedboard_wrapper/hw/MLZedboard_wrapper.xsa
TRACE::2025-04-11.15:28:03::SCWPlatform::DSA directory /home/student/Documents/cursoML2025/git/ML_FPGA_UNMdP/labs/lab8/Lab8-01/MLZedboard_wrapper/hw
TRACE::2025-04-11.15:28:03::SCWPlatform:: Platform Path /home/student/Documents/cursoML2025/git/ML_FPGA_UNMdP/labs/lab8/Lab8-01/MLZedboard_wrapper/hw/MLZedboard_wrapper.xsa
TRACE::2025-04-11.15:28:03::SCWPlatform:: Unique name xilinx:zedboard::0.0
TRACE::2025-04-11.15:28:03::SCWPlatform::Trying to set the existing hwdb with name MLZedboard_wrapper_0
TRACE::2025-04-11.15:28:03::SCWPlatform::Opened existing hwdb MLZedboard_wrapper_0
TRACE::2025-04-11.15:28:03::SCWPlatform::Found the Hw Db part of the input DSA
TRACE::2025-04-11.15:28:03::SCWPlatform::Trying to open the hw design at /home/student/Documents/cursoML2025/git/ML_FPGA_UNMdP/labs/lab8/Lab8-01/MLZedboard_wrapper/hw/MLZedboard_wrapper.xsa
TRACE::2025-04-11.15:28:03::SCWPlatform::DSA given /home/student/Documents/cursoML2025/git/ML_FPGA_UNMdP/labs/lab8/Lab8-01/MLZedboard_wrapper/hw/MLZedboard_wrapper.xsa
TRACE::2025-04-11.15:28:03::SCWPlatform::DSA absoulate path /home/student/Documents/cursoML2025/git/ML_FPGA_UNMdP/labs/lab8/Lab8-01/MLZedboard_wrapper/hw/MLZedboard_wrapper.xsa
TRACE::2025-04-11.15:28:03::SCWPlatform::DSA directory /home/student/Documents/cursoML2025/git/ML_FPGA_UNMdP/labs/lab8/Lab8-01/MLZedboard_wrapper/hw
TRACE::2025-04-11.15:28:03::SCWPlatform:: Platform Path /home/student/Documents/cursoML2025/git/ML_FPGA_UNMdP/labs/lab8/Lab8-01/MLZedboard_wrapper/hw/MLZedboard_wrapper.xsa
TRACE::2025-04-11.15:28:03::SCWPlatform:: Unique name xilinx:zedboard::0.0
TRACE::2025-04-11.15:28:03::SCWPlatform::Trying to set the existing hwdb with name MLZedboard_wrapper_0
TRACE::2025-04-11.15:28:03::SCWPlatform::Opened existing hwdb MLZedboard_wrapper_0
TRACE::2025-04-11.15:28:03::SCWPlatform::Found the Hw Db part of the input DSA
TRACE::2025-04-11.15:28:03::SCWPlatform::Trying to open the hw design at /home/student/Documents/cursoML2025/git/ML_FPGA_UNMdP/labs/lab8/Lab8-01/MLZedboard_wrapper/hw/MLZedboard_wrapper.xsa
TRACE::2025-04-11.15:28:03::SCWPlatform::DSA given /home/student/Documents/cursoML2025/git/ML_FPGA_UNMdP/labs/lab8/Lab8-01/MLZedboard_wrapper/hw/MLZedboard_wrapper.xsa
TRACE::2025-04-11.15:28:03::SCWPlatform::DSA absoulate path /home/student/Documents/cursoML2025/git/ML_FPGA_UNMdP/labs/lab8/Lab8-01/MLZedboard_wrapper/hw/MLZedboard_wrapper.xsa
TRACE::2025-04-11.15:28:03::SCWPlatform::DSA directory /home/student/Documents/cursoML2025/git/ML_FPGA_UNMdP/labs/lab8/Lab8-01/MLZedboard_wrapper/hw
TRACE::2025-04-11.15:28:03::SCWPlatform:: Platform Path /home/student/Documents/cursoML2025/git/ML_FPGA_UNMdP/labs/lab8/Lab8-01/MLZedboard_wrapper/hw/MLZedboard_wrapper.xsa
TRACE::2025-04-11.15:28:03::SCWPlatform:: Unique name xilinx:zedboard::0.0
TRACE::2025-04-11.15:28:03::SCWPlatform::Trying to set the existing hwdb with name MLZedboard_wrapper_0
TRACE::2025-04-11.15:28:03::SCWPlatform::Opened existing hwdb MLZedboard_wrapper_0
TRACE::2025-04-11.15:28:03::SCWPlatform::Found the Hw Db part of the input DSA
TRACE::2025-04-11.15:28:03::SCWPlatform::Boot application domain added for zynq_fsbl
TRACE::2025-04-11.15:28:03::SCWPlatform::Generating the sources  .
TRACE::2025-04-11.15:28:03::SCWBDomain::Generating boot domain sources.
TRACE::2025-04-11.15:28:03::SCWBDomain:: Generating the zynq_fsbl Application.
TRACE::2025-04-11.15:28:03::SCWPlatform::Trying to open the hw design at /home/student/Documents/cursoML2025/git/ML_FPGA_UNMdP/labs/lab8/Lab8-01/MLZedboard_wrapper/hw/MLZedboard_wrapper.xsa
TRACE::2025-04-11.15:28:03::SCWPlatform::DSA given /home/student/Documents/cursoML2025/git/ML_FPGA_UNMdP/labs/lab8/Lab8-01/MLZedboard_wrapper/hw/MLZedboard_wrapper.xsa
TRACE::2025-04-11.15:28:03::SCWPlatform::DSA absoulate path /home/student/Documents/cursoML2025/git/ML_FPGA_UNMdP/labs/lab8/Lab8-01/MLZedboard_wrapper/hw/MLZedboard_wrapper.xsa
TRACE::2025-04-11.15:28:03::SCWPlatform::DSA directory /home/student/Documents/cursoML2025/git/ML_FPGA_UNMdP/labs/lab8/Lab8-01/MLZedboard_wrapper/hw
TRACE::2025-04-11.15:28:03::SCWPlatform:: Platform Path /home/student/Documents/cursoML2025/git/ML_FPGA_UNMdP/labs/lab8/Lab8-01/MLZedboard_wrapper/hw/MLZedboard_wrapper.xsa
TRACE::2025-04-11.15:28:03::SCWPlatform:: Unique name xilinx:zedboard::0.0
TRACE::2025-04-11.15:28:03::SCWPlatform::Trying to set the existing hwdb with name MLZedboard_wrapper_0
TRACE::2025-04-11.15:28:03::SCWPlatform::Opened existing hwdb MLZedboard_wrapper_0
TRACE::2025-04-11.15:28:03::SCWPlatform::Found the Hw Db part of the input DSA
TRACE::2025-04-11.15:28:03::SCWMssOS::Checking the sw design at  /home/student/Documents/cursoML2025/git/ML_FPGA_UNMdP/labs/lab8/Lab8-01/MLZedboard_wrapper/zynq_fsbl/zynq_fsbl_bsp/system.mss
TRACE::2025-04-11.15:28:03::SCWMssOS::DEBUG:  swdes dump  
TRACE::2025-04-11.15:28:03::SCWMssOS::No sw design opened at  /home/student/Documents/cursoML2025/git/ML_FPGA_UNMdP/labs/lab8/Lab8-01/MLZedboard_wrapper/zynq_fsbl/zynq_fsbl_bsp/system.mss
TRACE::2025-04-11.15:28:03::SCWMssOS::mss does not exists at /home/student/Documents/cursoML2025/git/ML_FPGA_UNMdP/labs/lab8/Lab8-01/MLZedboard_wrapper/zynq_fsbl/zynq_fsbl_bsp/system.mss
TRACE::2025-04-11.15:28:03::SCWMssOS::Creating sw design at  /home/student/Documents/cursoML2025/git/ML_FPGA_UNMdP/labs/lab8/Lab8-01/MLZedboard_wrapper/zynq_fsbl/zynq_fsbl_bsp/system.mss
TRACE::2025-04-11.15:28:03::SCWMssOS::Adding the swdes entry, created swdb /home/student/Documents/cursoML2025/git/ML_FPGA_UNMdP/labs/lab8/Lab8-01/MLZedboard_wrapper/zynq_fsbl/zynq_fsbl_bsp/system.mss with des name /home/student/Documents/cursoML2025/git/ML_FPGA_UNMdP/labs/lab8/Lab8-01/MLZedboard_wrapper/zynq_fsbl/zynq_fsbl_bsp/system.mss
TRACE::2025-04-11.15:28:03::SCWMssOS::updating the scw layer changes to swdes at   /home/student/Documents/cursoML2025/git/ML_FPGA_UNMdP/labs/lab8/Lab8-01/MLZedboard_wrapper/zynq_fsbl/zynq_fsbl_bsp/system.mss
TRACE::2025-04-11.15:28:03::SCWMssOS::Writing mss at /home/student/Documents/cursoML2025/git/ML_FPGA_UNMdP/labs/lab8/Lab8-01/MLZedboard_wrapper/zynq_fsbl/zynq_fsbl_bsp/system.mss
TRACE::2025-04-11.15:28:03::SCWMssOS::Completed writing the mss file at /home/student/Documents/cursoML2025/git/ML_FPGA_UNMdP/labs/lab8/Lab8-01/MLZedboard_wrapper/zynq_fsbl/zynq_fsbl_bsp
TRACE::2025-04-11.15:28:03::SCWMssOS::Picking up changes from newly written mss file into SCW Layer. 
TRACE::2025-04-11.15:28:03::SCWMssOS::Updated the changes from newly written mss file into SCW Layer. 
TRACE::2025-04-11.15:28:03::SCWBDomain::Completed writing the mss file at /home/student/Documents/cursoML2025/git/ML_FPGA_UNMdP/labs/lab8/Lab8-01/MLZedboard_wrapper/zynq_fsbl/zynq_fsbl_bsp
TRACE::2025-04-11.15:28:09::SCWPlatform::Generating sources Done.
TRACE::2025-04-11.15:28:09::SCWPlatform::Trying to open the hw design at /home/student/Documents/cursoML2025/git/ML_FPGA_UNMdP/labs/lab8/Lab8-01/MLZedboard_wrapper/hw/MLZedboard_wrapper.xsa
TRACE::2025-04-11.15:28:09::SCWPlatform::DSA given /home/student/Documents/cursoML2025/git/ML_FPGA_UNMdP/labs/lab8/Lab8-01/MLZedboard_wrapper/hw/MLZedboard_wrapper.xsa
TRACE::2025-04-11.15:28:09::SCWPlatform::DSA absoulate path /home/student/Documents/cursoML2025/git/ML_FPGA_UNMdP/labs/lab8/Lab8-01/MLZedboard_wrapper/hw/MLZedboard_wrapper.xsa
TRACE::2025-04-11.15:28:09::SCWPlatform::DSA directory /home/student/Documents/cursoML2025/git/ML_FPGA_UNMdP/labs/lab8/Lab8-01/MLZedboard_wrapper/hw
TRACE::2025-04-11.15:28:09::SCWPlatform:: Platform Path /home/student/Documents/cursoML2025/git/ML_FPGA_UNMdP/labs/lab8/Lab8-01/MLZedboard_wrapper/hw/MLZedboard_wrapper.xsa
TRACE::2025-04-11.15:28:09::SCWPlatform:: Unique name xilinx:zedboard::0.0
TRACE::2025-04-11.15:28:09::SCWPlatform::Trying to set the existing hwdb with name MLZedboard_wrapper_0
TRACE::2025-04-11.15:28:09::SCWPlatform::Opened existing hwdb MLZedboard_wrapper_0
TRACE::2025-04-11.15:28:09::SCWPlatform::Found the Hw Db part of the input DSA
TRACE::2025-04-11.15:28:09::SCWMssOS::Checking the sw design at  /home/student/Documents/cursoML2025/git/ML_FPGA_UNMdP/labs/lab8/Lab8-01/MLZedboard_wrapper/zynq_fsbl/zynq_fsbl_bsp/system.mss
TRACE::2025-04-11.15:28:09::SCWMssOS::DEBUG:  swdes dump  
TRACE::2025-04-11.15:28:09::SCWMssOS::No sw design opened at  /home/student/Documents/cursoML2025/git/ML_FPGA_UNMdP/labs/lab8/Lab8-01/MLZedboard_wrapper/zynq_fsbl/zynq_fsbl_bsp/system.mss
TRACE::2025-04-11.15:28:09::SCWMssOS::mss exists loading the mss file  /home/student/Documents/cursoML2025/git/ML_FPGA_UNMdP/labs/lab8/Lab8-01/MLZedboard_wrapper/zynq_fsbl/zynq_fsbl_bsp/system.mss
TRACE::2025-04-11.15:28:09::SCWMssOS::Opened the sw design from mss  /home/student/Documents/cursoML2025/git/ML_FPGA_UNMdP/labs/lab8/Lab8-01/MLZedboard_wrapper/zynq_fsbl/zynq_fsbl_bsp/system.mss
TRACE::2025-04-11.15:28:09::SCWMssOS::Adding the swdes entry /home/student/Documents/cursoML2025/git/ML_FPGA_UNMdP/labs/lab8/Lab8-01/MLZedboard_wrapper/zynq_fsbl/zynq_fsbl_bsp/system.mss with des name system
TRACE::2025-04-11.15:28:09::SCWMssOS::updating the scw layer about changes
TRACE::2025-04-11.15:28:09::SCWMssOS::Opened the sw design.  /home/student/Documents/cursoML2025/git/ML_FPGA_UNMdP/labs/lab8/Lab8-01/MLZedboard_wrapper/zynq_fsbl/zynq_fsbl_bsp/system.mss
TRACE::2025-04-11.15:28:09::SCWMssOS::Saving the mss changes /home/student/Documents/cursoML2025/git/ML_FPGA_UNMdP/labs/lab8/Lab8-01/MLZedboard_wrapper/zynq_fsbl/zynq_fsbl_bsp/system.mss
TRACE::2025-04-11.15:28:09::SCWMssOS::Found a swdesign opened with the mssfile.
TRACE::2025-04-11.15:28:09::SCWMssOS::Completed writemss as part of save.
TRACE::2025-04-11.15:28:09::SCWMssOS::Commit changes completed.
TRACE::2025-04-11.15:28:09::SCWPlatform::Trying to open the hw design at /home/student/Documents/cursoML2025/git/ML_FPGA_UNMdP/labs/lab8/Lab8-01/MLZedboard_wrapper/hw/MLZedboard_wrapper.xsa
TRACE::2025-04-11.15:28:09::SCWPlatform::DSA given /home/student/Documents/cursoML2025/git/ML_FPGA_UNMdP/labs/lab8/Lab8-01/MLZedboard_wrapper/hw/MLZedboard_wrapper.xsa
TRACE::2025-04-11.15:28:09::SCWPlatform::DSA absoulate path /home/student/Documents/cursoML2025/git/ML_FPGA_UNMdP/labs/lab8/Lab8-01/MLZedboard_wrapper/hw/MLZedboard_wrapper.xsa
TRACE::2025-04-11.15:28:09::SCWPlatform::DSA directory /home/student/Documents/cursoML2025/git/ML_FPGA_UNMdP/labs/lab8/Lab8-01/MLZedboard_wrapper/hw
TRACE::2025-04-11.15:28:09::SCWPlatform:: Platform Path /home/student/Documents/cursoML2025/git/ML_FPGA_UNMdP/labs/lab8/Lab8-01/MLZedboard_wrapper/hw/MLZedboard_wrapper.xsa
TRACE::2025-04-11.15:28:09::SCWPlatform:: Unique name xilinx:zedboard::0.0
TRACE::2025-04-11.15:28:09::SCWPlatform::Trying to set the existing hwdb with name MLZedboard_wrapper_0
TRACE::2025-04-11.15:28:09::SCWPlatform::Opened existing hwdb MLZedboard_wrapper_0
TRACE::2025-04-11.15:28:09::SCWPlatform::Found the Hw Db part of the input DSA
TRACE::2025-04-11.15:28:09::SCWMssOS::Checking the sw design at  /home/student/Documents/cursoML2025/git/ML_FPGA_UNMdP/labs/lab8/Lab8-01/MLZedboard_wrapper/zynq_fsbl/zynq_fsbl_bsp/system.mss
TRACE::2025-04-11.15:28:09::SCWMssOS::DEBUG:  swdes dump  /home/student/Documents/cursoML2025/git/ML_FPGA_UNMdP/labs/lab8/Lab8-01/MLZedboard_wrapper/zynq_fsbl/zynq_fsbl_bsp/system.mss|system||

TRACE::2025-04-11.15:28:09::SCWMssOS::Sw design exists and opened at  /home/student/Documents/cursoML2025/git/ML_FPGA_UNMdP/labs/lab8/Lab8-01/MLZedboard_wrapper/zynq_fsbl/zynq_fsbl_bsp/system.mss
TRACE::2025-04-11.15:28:09::SCWPlatform::Trying to open the hw design at /home/student/Documents/cursoML2025/git/ML_FPGA_UNMdP/labs/lab8/Lab8-01/MLZedboard_wrapper/hw/MLZedboard_wrapper.xsa
TRACE::2025-04-11.15:28:09::SCWPlatform::DSA given /home/student/Documents/cursoML2025/git/ML_FPGA_UNMdP/labs/lab8/Lab8-01/MLZedboard_wrapper/hw/MLZedboard_wrapper.xsa
TRACE::2025-04-11.15:28:09::SCWPlatform::DSA absoulate path /home/student/Documents/cursoML2025/git/ML_FPGA_UNMdP/labs/lab8/Lab8-01/MLZedboard_wrapper/hw/MLZedboard_wrapper.xsa
TRACE::2025-04-11.15:28:09::SCWPlatform::DSA directory /home/student/Documents/cursoML2025/git/ML_FPGA_UNMdP/labs/lab8/Lab8-01/MLZedboard_wrapper/hw
TRACE::2025-04-11.15:28:09::SCWPlatform:: Platform Path /home/student/Documents/cursoML2025/git/ML_FPGA_UNMdP/labs/lab8/Lab8-01/MLZedboard_wrapper/hw/MLZedboard_wrapper.xsa
TRACE::2025-04-11.15:28:09::SCWPlatform:: Unique name xilinx:zedboard::0.0
TRACE::2025-04-11.15:28:09::SCWPlatform::Trying to set the existing hwdb with name MLZedboard_wrapper_0
TRACE::2025-04-11.15:28:09::SCWPlatform::Opened existing hwdb MLZedboard_wrapper_0
TRACE::2025-04-11.15:28:09::SCWPlatform::Found the Hw Db part of the input DSA
TRACE::2025-04-11.15:28:09::SCWMssOS::Checking the sw design at  /home/student/Documents/cursoML2025/git/ML_FPGA_UNMdP/labs/lab8/Lab8-01/MLZedboard_wrapper/zynq_fsbl/zynq_fsbl_bsp/system.mss
TRACE::2025-04-11.15:28:09::SCWMssOS::DEBUG:  swdes dump  /home/student/Documents/cursoML2025/git/ML_FPGA_UNMdP/labs/lab8/Lab8-01/MLZedboard_wrapper/zynq_fsbl/zynq_fsbl_bsp/system.mss|system||

TRACE::2025-04-11.15:28:09::SCWMssOS::Sw design exists and opened at  /home/student/Documents/cursoML2025/git/ML_FPGA_UNMdP/labs/lab8/Lab8-01/MLZedboard_wrapper/zynq_fsbl/zynq_fsbl_bsp/system.mss
TRACE::2025-04-11.15:28:09::SCWPlatform::Trying to open the hw design at /home/student/Documents/cursoML2025/git/ML_FPGA_UNMdP/labs/lab8/Lab8-01/MLZedboard_wrapper/hw/MLZedboard_wrapper.xsa
TRACE::2025-04-11.15:28:09::SCWPlatform::DSA given /home/student/Documents/cursoML2025/git/ML_FPGA_UNMdP/labs/lab8/Lab8-01/MLZedboard_wrapper/hw/MLZedboard_wrapper.xsa
TRACE::2025-04-11.15:28:09::SCWPlatform::DSA absoulate path /home/student/Documents/cursoML2025/git/ML_FPGA_UNMdP/labs/lab8/Lab8-01/MLZedboard_wrapper/hw/MLZedboard_wrapper.xsa
TRACE::2025-04-11.15:28:09::SCWPlatform::DSA directory /home/student/Documents/cursoML2025/git/ML_FPGA_UNMdP/labs/lab8/Lab8-01/MLZedboard_wrapper/hw
TRACE::2025-04-11.15:28:09::SCWPlatform:: Platform Path /home/student/Documents/cursoML2025/git/ML_FPGA_UNMdP/labs/lab8/Lab8-01/MLZedboard_wrapper/hw/MLZedboard_wrapper.xsa
TRACE::2025-04-11.15:28:09::SCWPlatform:: Unique name xilinx:zedboard::0.0
TRACE::2025-04-11.15:28:09::SCWPlatform::Trying to set the existing hwdb with name MLZedboard_wrapper_0
TRACE::2025-04-11.15:28:09::SCWPlatform::Opened existing hwdb MLZedboard_wrapper_0
TRACE::2025-04-11.15:28:09::SCWPlatform::Found the Hw Db part of the input DSA
TRACE::2025-04-11.15:28:09::SCWMssOS::Checking the sw design at  /home/student/Documents/cursoML2025/git/ML_FPGA_UNMdP/labs/lab8/Lab8-01/MLZedboard_wrapper/zynq_fsbl/zynq_fsbl_bsp/system.mss
TRACE::2025-04-11.15:28:09::SCWMssOS::DEBUG:  swdes dump  /home/student/Documents/cursoML2025/git/ML_FPGA_UNMdP/labs/lab8/Lab8-01/MLZedboard_wrapper/zynq_fsbl/zynq_fsbl_bsp/system.mss|system||

TRACE::2025-04-11.15:28:09::SCWMssOS::Sw design exists and opened at  /home/student/Documents/cursoML2025/git/ML_FPGA_UNMdP/labs/lab8/Lab8-01/MLZedboard_wrapper/zynq_fsbl/zynq_fsbl_bsp/system.mss
TRACE::2025-04-11.15:28:09::SCWWriter::formatted JSON is {
	"platformName":	"MLZedboard_wrapper",
	"sprVersion":	"2.0",
	"mode":	"gui",
	"dsaType":	"Fixed",
	"platformDesc":	"MLZedboard_wrapper",
	"platHandOff":	"<platformDir>.xsa",
	"platIntHandOff":	"<platformDir>/hw/MLZedboard_wrapper.xsa",
	"deviceType":	"zynq",
	"platIsPrebuiltAutogen":	"false",
	"platIsNoBootBsp":	"false",
	"platFsblTarget":	"ps7_cortexa9_0",
	"hasFsblMakeHasChanges":	"false",
	"hasPmufwMakeHasChanges":	"false",
	"fsblExtraCompilerFlags":	"-MMD -MP       -mcpu=cortex-a9 -mfpu=vfpv3 -mfloat-abi=hard ",
	"platPreBuiltFlag":	false,
	"platformSamplesDir":	"",
	"platActiveSys":	"MLZedboard_wrapper",
	"systems":	[{
			"systemName":	"MLZedboard_wrapper",
			"systemDesc":	"MLZedboard_wrapper",
			"sysIsBootAutoGen":	"true",
			"systemDispName":	"MLZedboard_wrapper",
			"sysActiveDom":	"zynq_fsbl",
			"sysDefaultDom":	"",
			"domains":	[{
					"domainName":	"zynq_fsbl",
					"domainDispName":	"zynq_fsbl",
					"domainDesc":	"FSBL Application BSP - Auto Generated.",
					"processors":	"ps7_cortexa9_0",
					"os":	"standalone",
					"sdxOs":	"standalone",
					"debugEnable":	"",
					"domRuntimes":	["cpp"],
					"swRepo":	"",
					"mssOsVer":	"8.0",
					"mssFile":	"",
					"md5Digest":	"485db049a468bc7a6202088c4dc8152a",
					"compatibleApp":	"zynq_fsbl",
					"domType":	"bootDomain",
					"arch":	"32-bit",
					"appSettings":	{
						"appCompilerFlags":	"",
						"appLinkerFlags":	""
					},
					"addedLibs":	["xilffs:4.8", "xilrsa:1.6"],
					"libOptions":	{
						"libsContainingOptions":	[]
					},
					"prebuiltLibs":	{
						"prebuiltIncPath":	[],
						"prebuiltLibPath":	[]
					},
					"isolation":	{
					}
				}]
		}]
}
TRACE::2025-04-11.15:28:09::SCWMssOS::Saving the mss changes /home/student/Documents/cursoML2025/git/ML_FPGA_UNMdP/labs/lab8/Lab8-01/MLZedboard_wrapper/zynq_fsbl/zynq_fsbl_bsp/system.mss
TRACE::2025-04-11.15:28:09::SCWMssOS::Found a swdesign opened with the mssfile.
TRACE::2025-04-11.15:28:09::SCWMssOS::Completed writemss as part of save.
TRACE::2025-04-11.15:28:09::SCWMssOS::Commit changes completed.
TRACE::2025-04-11.15:28:09::SCWPlatform::Trying to open the hw design at /home/student/Documents/cursoML2025/git/ML_FPGA_UNMdP/labs/lab8/Lab8-01/MLZedboard_wrapper/hw/MLZedboard_wrapper.xsa
TRACE::2025-04-11.15:28:09::SCWPlatform::DSA given /home/student/Documents/cursoML2025/git/ML_FPGA_UNMdP/labs/lab8/Lab8-01/MLZedboard_wrapper/hw/MLZedboard_wrapper.xsa
TRACE::2025-04-11.15:28:09::SCWPlatform::DSA absoulate path /home/student/Documents/cursoML2025/git/ML_FPGA_UNMdP/labs/lab8/Lab8-01/MLZedboard_wrapper/hw/MLZedboard_wrapper.xsa
TRACE::2025-04-11.15:28:09::SCWPlatform::DSA directory /home/student/Documents/cursoML2025/git/ML_FPGA_UNMdP/labs/lab8/Lab8-01/MLZedboard_wrapper/hw
TRACE::2025-04-11.15:28:09::SCWPlatform:: Platform Path /home/student/Documents/cursoML2025/git/ML_FPGA_UNMdP/labs/lab8/Lab8-01/MLZedboard_wrapper/hw/MLZedboard_wrapper.xsa
TRACE::2025-04-11.15:28:09::SCWPlatform:: Unique name xilinx:zedboard::0.0
TRACE::2025-04-11.15:28:09::SCWPlatform::Trying to set the existing hwdb with name MLZedboard_wrapper_0
TRACE::2025-04-11.15:28:09::SCWPlatform::Opened existing hwdb MLZedboard_wrapper_0
TRACE::2025-04-11.15:28:09::SCWPlatform::Found the Hw Db part of the input DSA
TRACE::2025-04-11.15:28:09::SCWMssOS::Checking the sw design at  /home/student/Documents/cursoML2025/git/ML_FPGA_UNMdP/labs/lab8/Lab8-01/MLZedboard_wrapper/zynq_fsbl/zynq_fsbl_bsp/system.mss
TRACE::2025-04-11.15:28:09::SCWMssOS::DEBUG:  swdes dump  /home/student/Documents/cursoML2025/git/ML_FPGA_UNMdP/labs/lab8/Lab8-01/MLZedboard_wrapper/zynq_fsbl/zynq_fsbl_bsp/system.mss|system||

TRACE::2025-04-11.15:28:09::SCWMssOS::Sw design exists and opened at  /home/student/Documents/cursoML2025/git/ML_FPGA_UNMdP/labs/lab8/Lab8-01/MLZedboard_wrapper/zynq_fsbl/zynq_fsbl_bsp/system.mss
TRACE::2025-04-11.15:28:09::SCWPlatform::Trying to open the hw design at /home/student/Documents/cursoML2025/git/ML_FPGA_UNMdP/labs/lab8/Lab8-01/MLZedboard_wrapper/hw/MLZedboard_wrapper.xsa
TRACE::2025-04-11.15:28:09::SCWPlatform::DSA given /home/student/Documents/cursoML2025/git/ML_FPGA_UNMdP/labs/lab8/Lab8-01/MLZedboard_wrapper/hw/MLZedboard_wrapper.xsa
TRACE::2025-04-11.15:28:09::SCWPlatform::DSA absoulate path /home/student/Documents/cursoML2025/git/ML_FPGA_UNMdP/labs/lab8/Lab8-01/MLZedboard_wrapper/hw/MLZedboard_wrapper.xsa
TRACE::2025-04-11.15:28:09::SCWPlatform::DSA directory /home/student/Documents/cursoML2025/git/ML_FPGA_UNMdP/labs/lab8/Lab8-01/MLZedboard_wrapper/hw
TRACE::2025-04-11.15:28:09::SCWPlatform:: Platform Path /home/student/Documents/cursoML2025/git/ML_FPGA_UNMdP/labs/lab8/Lab8-01/MLZedboard_wrapper/hw/MLZedboard_wrapper.xsa
TRACE::2025-04-11.15:28:09::SCWPlatform:: Unique name xilinx:zedboard::0.0
TRACE::2025-04-11.15:28:09::SCWPlatform::Trying to set the existing hwdb with name MLZedboard_wrapper_0
TRACE::2025-04-11.15:28:09::SCWPlatform::Opened existing hwdb MLZedboard_wrapper_0
TRACE::2025-04-11.15:28:09::SCWPlatform::Found the Hw Db part of the input DSA
TRACE::2025-04-11.15:28:09::SCWMssOS::Checking the sw design at  /home/student/Documents/cursoML2025/git/ML_FPGA_UNMdP/labs/lab8/Lab8-01/MLZedboard_wrapper/zynq_fsbl/zynq_fsbl_bsp/system.mss
TRACE::2025-04-11.15:28:09::SCWMssOS::DEBUG:  swdes dump  /home/student/Documents/cursoML2025/git/ML_FPGA_UNMdP/labs/lab8/Lab8-01/MLZedboard_wrapper/zynq_fsbl/zynq_fsbl_bsp/system.mss|system||

TRACE::2025-04-11.15:28:09::SCWMssOS::Sw design exists and opened at  /home/student/Documents/cursoML2025/git/ML_FPGA_UNMdP/labs/lab8/Lab8-01/MLZedboard_wrapper/zynq_fsbl/zynq_fsbl_bsp/system.mss
TRACE::2025-04-11.15:28:09::SCWPlatform::Trying to open the hw design at /home/student/Documents/cursoML2025/git/ML_FPGA_UNMdP/labs/lab8/Lab8-01/MLZedboard_wrapper/hw/MLZedboard_wrapper.xsa
TRACE::2025-04-11.15:28:09::SCWPlatform::DSA given /home/student/Documents/cursoML2025/git/ML_FPGA_UNMdP/labs/lab8/Lab8-01/MLZedboard_wrapper/hw/MLZedboard_wrapper.xsa
TRACE::2025-04-11.15:28:09::SCWPlatform::DSA absoulate path /home/student/Documents/cursoML2025/git/ML_FPGA_UNMdP/labs/lab8/Lab8-01/MLZedboard_wrapper/hw/MLZedboard_wrapper.xsa
TRACE::2025-04-11.15:28:09::SCWPlatform::DSA directory /home/student/Documents/cursoML2025/git/ML_FPGA_UNMdP/labs/lab8/Lab8-01/MLZedboard_wrapper/hw
TRACE::2025-04-11.15:28:09::SCWPlatform:: Platform Path /home/student/Documents/cursoML2025/git/ML_FPGA_UNMdP/labs/lab8/Lab8-01/MLZedboard_wrapper/hw/MLZedboard_wrapper.xsa
TRACE::2025-04-11.15:28:09::SCWPlatform:: Unique name xilinx:zedboard::0.0
TRACE::2025-04-11.15:28:09::SCWPlatform::Trying to set the existing hwdb with name MLZedboard_wrapper_0
TRACE::2025-04-11.15:28:09::SCWPlatform::Opened existing hwdb MLZedboard_wrapper_0
TRACE::2025-04-11.15:28:09::SCWPlatform::Found the Hw Db part of the input DSA
TRACE::2025-04-11.15:28:09::SCWMssOS::Checking the sw design at  /home/student/Documents/cursoML2025/git/ML_FPGA_UNMdP/labs/lab8/Lab8-01/MLZedboard_wrapper/zynq_fsbl/zynq_fsbl_bsp/system.mss
TRACE::2025-04-11.15:28:09::SCWMssOS::DEBUG:  swdes dump  /home/student/Documents/cursoML2025/git/ML_FPGA_UNMdP/labs/lab8/Lab8-01/MLZedboard_wrapper/zynq_fsbl/zynq_fsbl_bsp/system.mss|system||

TRACE::2025-04-11.15:28:09::SCWMssOS::Sw design exists and opened at  /home/student/Documents/cursoML2025/git/ML_FPGA_UNMdP/labs/lab8/Lab8-01/MLZedboard_wrapper/zynq_fsbl/zynq_fsbl_bsp/system.mss
TRACE::2025-04-11.15:28:09::SCWWriter::formatted JSON is {
	"platformName":	"MLZedboard_wrapper",
	"sprVersion":	"2.0",
	"mode":	"gui",
	"dsaType":	"Fixed",
	"platformDesc":	"MLZedboard_wrapper",
	"platHandOff":	"<platformDir>.xsa",
	"platIntHandOff":	"<platformDir>/hw/MLZedboard_wrapper.xsa",
	"deviceType":	"zynq",
	"platIsPrebuiltAutogen":	"false",
	"platIsNoBootBsp":	"false",
	"platFsblTarget":	"ps7_cortexa9_0",
	"hasFsblMakeHasChanges":	"false",
	"hasPmufwMakeHasChanges":	"false",
	"fsblExtraCompilerFlags":	"-MMD -MP       -mcpu=cortex-a9 -mfpu=vfpv3 -mfloat-abi=hard ",
	"platPreBuiltFlag":	false,
	"platformSamplesDir":	"",
	"platActiveSys":	"MLZedboard_wrapper",
	"systems":	[{
			"systemName":	"MLZedboard_wrapper",
			"systemDesc":	"MLZedboard_wrapper",
			"sysIsBootAutoGen":	"true",
			"systemDispName":	"MLZedboard_wrapper",
			"sysActiveDom":	"zynq_fsbl",
			"sysDefaultDom":	"",
			"domains":	[{
					"domainName":	"zynq_fsbl",
					"domainDispName":	"zynq_fsbl",
					"domainDesc":	"FSBL Application BSP - Auto Generated.",
					"processors":	"ps7_cortexa9_0",
					"os":	"standalone",
					"sdxOs":	"standalone",
					"debugEnable":	"",
					"domRuntimes":	["cpp"],
					"swRepo":	"",
					"mssOsVer":	"8.0",
					"mssFile":	"",
					"md5Digest":	"485db049a468bc7a6202088c4dc8152a",
					"compatibleApp":	"zynq_fsbl",
					"domType":	"bootDomain",
					"arch":	"32-bit",
					"appSettings":	{
						"appCompilerFlags":	"",
						"appLinkerFlags":	""
					},
					"addedLibs":	["xilffs:4.8", "xilrsa:1.6"],
					"libOptions":	{
						"libsContainingOptions":	[]
					},
					"prebuiltLibs":	{
						"prebuiltIncPath":	[],
						"prebuiltLibPath":	[]
					},
					"isolation":	{
					}
				}]
		}]
}
TRACE::2025-04-11.15:28:09::SCWPlatform::Trying to open the hw design at /home/student/Documents/cursoML2025/git/ML_FPGA_UNMdP/labs/lab8/Lab8-01/MLZedboard_wrapper/hw/MLZedboard_wrapper.xsa
TRACE::2025-04-11.15:28:09::SCWPlatform::DSA given /home/student/Documents/cursoML2025/git/ML_FPGA_UNMdP/labs/lab8/Lab8-01/MLZedboard_wrapper/hw/MLZedboard_wrapper.xsa
TRACE::2025-04-11.15:28:09::SCWPlatform::DSA absoulate path /home/student/Documents/cursoML2025/git/ML_FPGA_UNMdP/labs/lab8/Lab8-01/MLZedboard_wrapper/hw/MLZedboard_wrapper.xsa
TRACE::2025-04-11.15:28:09::SCWPlatform::DSA directory /home/student/Documents/cursoML2025/git/ML_FPGA_UNMdP/labs/lab8/Lab8-01/MLZedboard_wrapper/hw
TRACE::2025-04-11.15:28:09::SCWPlatform:: Platform Path /home/student/Documents/cursoML2025/git/ML_FPGA_UNMdP/labs/lab8/Lab8-01/MLZedboard_wrapper/hw/MLZedboard_wrapper.xsa
TRACE::2025-04-11.15:28:09::SCWPlatform:: Unique name xilinx:zedboard::0.0
TRACE::2025-04-11.15:28:09::SCWPlatform::Trying to set the existing hwdb with name MLZedboard_wrapper_0
TRACE::2025-04-11.15:28:09::SCWPlatform::Opened existing hwdb MLZedboard_wrapper_0
TRACE::2025-04-11.15:28:09::SCWPlatform::Found the Hw Db part of the input DSA
TRACE::2025-04-11.15:28:09::SCWDomain::checking for install qemu data   : 
TRACE::2025-04-11.15:28:09::SCWDomain:: Using the QEMU Data from install at  : /tools/Xilinx/Vitis/2022.2/data/emulation/platforms/zynq/sw/a9_standalone/qemu/
TRACE::2025-04-11.15:28:09::SCWDomain:: Using the QEMU args  from install at  : /tools/Xilinx/Vitis/2022.2/data/emulation/platforms/zynq/sw/a9_standalone/qemu/qemu_args.txt
TRACE::2025-04-11.15:28:09::SCWPlatform::Trying to open the hw design at /home/student/Documents/cursoML2025/git/ML_FPGA_UNMdP/labs/lab8/Lab8-01/MLZedboard_wrapper/hw/MLZedboard_wrapper.xsa
TRACE::2025-04-11.15:28:09::SCWPlatform::DSA given /home/student/Documents/cursoML2025/git/ML_FPGA_UNMdP/labs/lab8/Lab8-01/MLZedboard_wrapper/hw/MLZedboard_wrapper.xsa
TRACE::2025-04-11.15:28:09::SCWPlatform::DSA absoulate path /home/student/Documents/cursoML2025/git/ML_FPGA_UNMdP/labs/lab8/Lab8-01/MLZedboard_wrapper/hw/MLZedboard_wrapper.xsa
TRACE::2025-04-11.15:28:09::SCWPlatform::DSA directory /home/student/Documents/cursoML2025/git/ML_FPGA_UNMdP/labs/lab8/Lab8-01/MLZedboard_wrapper/hw
TRACE::2025-04-11.15:28:09::SCWPlatform:: Platform Path /home/student/Documents/cursoML2025/git/ML_FPGA_UNMdP/labs/lab8/Lab8-01/MLZedboard_wrapper/hw/MLZedboard_wrapper.xsa
TRACE::2025-04-11.15:28:09::SCWPlatform:: Unique name xilinx:zedboard::0.0
TRACE::2025-04-11.15:28:09::SCWPlatform::Trying to set the existing hwdb with name MLZedboard_wrapper_0
TRACE::2025-04-11.15:28:09::SCWPlatform::Opened existing hwdb MLZedboard_wrapper_0
TRACE::2025-04-11.15:28:09::SCWPlatform::Found the Hw Db part of the input DSA
TRACE::2025-04-11.15:28:09::SCWPlatform::Trying to open the hw design at /home/student/Documents/cursoML2025/git/ML_FPGA_UNMdP/labs/lab8/Lab8-01/MLZedboard_wrapper/hw/MLZedboard_wrapper.xsa
TRACE::2025-04-11.15:28:09::SCWPlatform::DSA given /home/student/Documents/cursoML2025/git/ML_FPGA_UNMdP/labs/lab8/Lab8-01/MLZedboard_wrapper/hw/MLZedboard_wrapper.xsa
TRACE::2025-04-11.15:28:09::SCWPlatform::DSA absoulate path /home/student/Documents/cursoML2025/git/ML_FPGA_UNMdP/labs/lab8/Lab8-01/MLZedboard_wrapper/hw/MLZedboard_wrapper.xsa
TRACE::2025-04-11.15:28:09::SCWPlatform::DSA directory /home/student/Documents/cursoML2025/git/ML_FPGA_UNMdP/labs/lab8/Lab8-01/MLZedboard_wrapper/hw
TRACE::2025-04-11.15:28:09::SCWPlatform:: Platform Path /home/student/Documents/cursoML2025/git/ML_FPGA_UNMdP/labs/lab8/Lab8-01/MLZedboard_wrapper/hw/MLZedboard_wrapper.xsa
TRACE::2025-04-11.15:28:09::SCWPlatform:: Unique name xilinx:zedboard::0.0
TRACE::2025-04-11.15:28:09::SCWPlatform::Trying to set the existing hwdb with name MLZedboard_wrapper_0
TRACE::2025-04-11.15:28:09::SCWPlatform::Opened existing hwdb MLZedboard_wrapper_0
TRACE::2025-04-11.15:28:09::SCWPlatform::Found the Hw Db part of the input DSA
TRACE::2025-04-11.15:28:09::SCWDomain::Qemu Directory name is changed from "" to "qemu"
TRACE::2025-04-11.15:28:09::SCWPlatform::Trying to open the hw design at /home/student/Documents/cursoML2025/git/ML_FPGA_UNMdP/labs/lab8/Lab8-01/MLZedboard_wrapper/hw/MLZedboard_wrapper.xsa
TRACE::2025-04-11.15:28:09::SCWPlatform::DSA given /home/student/Documents/cursoML2025/git/ML_FPGA_UNMdP/labs/lab8/Lab8-01/MLZedboard_wrapper/hw/MLZedboard_wrapper.xsa
TRACE::2025-04-11.15:28:09::SCWPlatform::DSA absoulate path /home/student/Documents/cursoML2025/git/ML_FPGA_UNMdP/labs/lab8/Lab8-01/MLZedboard_wrapper/hw/MLZedboard_wrapper.xsa
TRACE::2025-04-11.15:28:09::SCWPlatform::DSA directory /home/student/Documents/cursoML2025/git/ML_FPGA_UNMdP/labs/lab8/Lab8-01/MLZedboard_wrapper/hw
TRACE::2025-04-11.15:28:09::SCWPlatform:: Platform Path /home/student/Documents/cursoML2025/git/ML_FPGA_UNMdP/labs/lab8/Lab8-01/MLZedboard_wrapper/hw/MLZedboard_wrapper.xsa
TRACE::2025-04-11.15:28:09::SCWPlatform:: Unique name xilinx:zedboard::0.0
TRACE::2025-04-11.15:28:09::SCWPlatform::Trying to set the existing hwdb with name MLZedboard_wrapper_0
TRACE::2025-04-11.15:28:09::SCWPlatform::Opened existing hwdb MLZedboard_wrapper_0
TRACE::2025-04-11.15:28:09::SCWPlatform::Found the Hw Db part of the input DSA
TRACE::2025-04-11.15:28:09::SCWMssOS::Checking the sw design at  /home/student/Documents/cursoML2025/git/ML_FPGA_UNMdP/labs/lab8/Lab8-01/MLZedboard_wrapper/ps7_cortexa9_0/freertos10_xilinx_ps7_cortexa9_0/bsp/system.mss
TRACE::2025-04-11.15:28:09::SCWMssOS::DEBUG:  swdes dump  /home/student/Documents/cursoML2025/git/ML_FPGA_UNMdP/labs/lab8/Lab8-01/MLZedboard_wrapper/zynq_fsbl/zynq_fsbl_bsp/system.mss|system||

TRACE::2025-04-11.15:28:09::SCWMssOS::No sw design opened at  /home/student/Documents/cursoML2025/git/ML_FPGA_UNMdP/labs/lab8/Lab8-01/MLZedboard_wrapper/ps7_cortexa9_0/freertos10_xilinx_ps7_cortexa9_0/bsp/system.mss
TRACE::2025-04-11.15:28:09::SCWMssOS::mss does not exists at /home/student/Documents/cursoML2025/git/ML_FPGA_UNMdP/labs/lab8/Lab8-01/MLZedboard_wrapper/ps7_cortexa9_0/freertos10_xilinx_ps7_cortexa9_0/bsp/system.mss
TRACE::2025-04-11.15:28:09::SCWMssOS::Creating sw design at  /home/student/Documents/cursoML2025/git/ML_FPGA_UNMdP/labs/lab8/Lab8-01/MLZedboard_wrapper/ps7_cortexa9_0/freertos10_xilinx_ps7_cortexa9_0/bsp/system.mss
TRACE::2025-04-11.15:28:09::SCWMssOS::Adding the swdes entry, created swdb /home/student/Documents/cursoML2025/git/ML_FPGA_UNMdP/labs/lab8/Lab8-01/MLZedboard_wrapper/ps7_cortexa9_0/freertos10_xilinx_ps7_cortexa9_0/bsp/system.mss with des name /home/student/Documents/cursoML2025/git/ML_FPGA_UNMdP/labs/lab8/Lab8-01/MLZedboard_wrapper/ps7_cortexa9_0/freertos10_xilinx_ps7_cortexa9_0/bsp/system.mss
TRACE::2025-04-11.15:28:09::SCWMssOS::updating the scw layer changes to swdes at   /home/student/Documents/cursoML2025/git/ML_FPGA_UNMdP/labs/lab8/Lab8-01/MLZedboard_wrapper/ps7_cortexa9_0/freertos10_xilinx_ps7_cortexa9_0/bsp/system.mss
TRACE::2025-04-11.15:28:09::SCWMssOS::Writing mss at /home/student/Documents/cursoML2025/git/ML_FPGA_UNMdP/labs/lab8/Lab8-01/MLZedboard_wrapper/ps7_cortexa9_0/freertos10_xilinx_ps7_cortexa9_0/bsp/system.mss
TRACE::2025-04-11.15:28:09::SCWMssOS::Completed writing the mss file at /home/student/Documents/cursoML2025/git/ML_FPGA_UNMdP/labs/lab8/Lab8-01/MLZedboard_wrapper/ps7_cortexa9_0/freertos10_xilinx_ps7_cortexa9_0/bsp
TRACE::2025-04-11.15:28:09::SCWMssOS::Picking up changes from newly written mss file into SCW Layer. 
TRACE::2025-04-11.15:28:09::SCWMssOS::Updated the changes from newly written mss file into SCW Layer. 
TRACE::2025-04-11.15:28:09::SCWMssOS::Completed writing the mss file at /home/student/Documents/cursoML2025/git/ML_FPGA_UNMdP/labs/lab8/Lab8-01/MLZedboard_wrapper/ps7_cortexa9_0/freertos10_xilinx_ps7_cortexa9_0/bsp
TRACE::2025-04-11.15:28:09::SCWMssOS::Forcing BSP Sources regeneration.
TRACE::2025-04-11.15:28:10::SCWMssOS::Saving the mss changes /home/student/Documents/cursoML2025/git/ML_FPGA_UNMdP/labs/lab8/Lab8-01/MLZedboard_wrapper/zynq_fsbl/zynq_fsbl_bsp/system.mss
TRACE::2025-04-11.15:28:10::SCWMssOS::Found a swdesign opened with the mssfile.
TRACE::2025-04-11.15:28:10::SCWMssOS::Completed writemss as part of save.
TRACE::2025-04-11.15:28:10::SCWMssOS::Commit changes completed.
TRACE::2025-04-11.15:28:10::SCWMssOS::Saving the mss changes /home/student/Documents/cursoML2025/git/ML_FPGA_UNMdP/labs/lab8/Lab8-01/MLZedboard_wrapper/ps7_cortexa9_0/freertos10_xilinx_ps7_cortexa9_0/bsp/system.mss
TRACE::2025-04-11.15:28:10::SCWMssOS::Adding the swdes entry, mss present, able to open swdb /home/student/Documents/cursoML2025/git/ML_FPGA_UNMdP/labs/lab8/Lab8-01/MLZedboard_wrapper/ps7_cortexa9_0/freertos10_xilinx_ps7_cortexa9_0/bsp/system.mss with des name system_0
TRACE::2025-04-11.15:28:10::SCWMssOS::Writing the mss file completed /home/student/Documents/cursoML2025/git/ML_FPGA_UNMdP/labs/lab8/Lab8-01/MLZedboard_wrapper/ps7_cortexa9_0/freertos10_xilinx_ps7_cortexa9_0/bsp/system.mss
TRACE::2025-04-11.15:28:10::SCWMssOS::Commit changes completed.
TRACE::2025-04-11.15:28:10::SCWPlatform::Trying to open the hw design at /home/student/Documents/cursoML2025/git/ML_FPGA_UNMdP/labs/lab8/Lab8-01/MLZedboard_wrapper/hw/MLZedboard_wrapper.xsa
TRACE::2025-04-11.15:28:10::SCWPlatform::DSA given /home/student/Documents/cursoML2025/git/ML_FPGA_UNMdP/labs/lab8/Lab8-01/MLZedboard_wrapper/hw/MLZedboard_wrapper.xsa
TRACE::2025-04-11.15:28:10::SCWPlatform::DSA absoulate path /home/student/Documents/cursoML2025/git/ML_FPGA_UNMdP/labs/lab8/Lab8-01/MLZedboard_wrapper/hw/MLZedboard_wrapper.xsa
TRACE::2025-04-11.15:28:10::SCWPlatform::DSA directory /home/student/Documents/cursoML2025/git/ML_FPGA_UNMdP/labs/lab8/Lab8-01/MLZedboard_wrapper/hw
TRACE::2025-04-11.15:28:10::SCWPlatform:: Platform Path /home/student/Documents/cursoML2025/git/ML_FPGA_UNMdP/labs/lab8/Lab8-01/MLZedboard_wrapper/hw/MLZedboard_wrapper.xsa
TRACE::2025-04-11.15:28:10::SCWPlatform:: Unique name xilinx:zedboard::0.0
TRACE::2025-04-11.15:28:10::SCWPlatform::Trying to set the existing hwdb with name MLZedboard_wrapper_0
TRACE::2025-04-11.15:28:10::SCWPlatform::Opened existing hwdb MLZedboard_wrapper_0
TRACE::2025-04-11.15:28:10::SCWPlatform::Found the Hw Db part of the input DSA
TRACE::2025-04-11.15:28:10::SCWMssOS::Checking the sw design at  /home/student/Documents/cursoML2025/git/ML_FPGA_UNMdP/labs/lab8/Lab8-01/MLZedboard_wrapper/zynq_fsbl/zynq_fsbl_bsp/system.mss
TRACE::2025-04-11.15:28:10::SCWMssOS::DEBUG:  swdes dump  /home/student/Documents/cursoML2025/git/ML_FPGA_UNMdP/labs/lab8/Lab8-01/MLZedboard_wrapper/ps7_cortexa9_0/freertos10_xilinx_ps7_cortexa9_0/bsp/system.mss|system_0||
/home/student/Documents/cursoML2025/git/ML_FPGA_UNMdP/labs/lab8/Lab8-01/MLZedboard_wrapper/zynq_fsbl/zynq_fsbl_bsp/system.mss|system||

TRACE::2025-04-11.15:28:10::SCWMssOS::Sw design exists and opened at  /home/student/Documents/cursoML2025/git/ML_FPGA_UNMdP/labs/lab8/Lab8-01/MLZedboard_wrapper/zynq_fsbl/zynq_fsbl_bsp/system.mss
TRACE::2025-04-11.15:28:10::SCWPlatform::Trying to open the hw design at /home/student/Documents/cursoML2025/git/ML_FPGA_UNMdP/labs/lab8/Lab8-01/MLZedboard_wrapper/hw/MLZedboard_wrapper.xsa
TRACE::2025-04-11.15:28:10::SCWPlatform::DSA given /home/student/Documents/cursoML2025/git/ML_FPGA_UNMdP/labs/lab8/Lab8-01/MLZedboard_wrapper/hw/MLZedboard_wrapper.xsa
TRACE::2025-04-11.15:28:10::SCWPlatform::DSA absoulate path /home/student/Documents/cursoML2025/git/ML_FPGA_UNMdP/labs/lab8/Lab8-01/MLZedboard_wrapper/hw/MLZedboard_wrapper.xsa
TRACE::2025-04-11.15:28:10::SCWPlatform::DSA directory /home/student/Documents/cursoML2025/git/ML_FPGA_UNMdP/labs/lab8/Lab8-01/MLZedboard_wrapper/hw
TRACE::2025-04-11.15:28:10::SCWPlatform:: Platform Path /home/student/Documents/cursoML2025/git/ML_FPGA_UNMdP/labs/lab8/Lab8-01/MLZedboard_wrapper/hw/MLZedboard_wrapper.xsa
TRACE::2025-04-11.15:28:10::SCWPlatform:: Unique name xilinx:zedboard::0.0
TRACE::2025-04-11.15:28:10::SCWPlatform::Trying to set the existing hwdb with name MLZedboard_wrapper_0
TRACE::2025-04-11.15:28:10::SCWPlatform::Opened existing hwdb MLZedboard_wrapper_0
TRACE::2025-04-11.15:28:10::SCWPlatform::Found the Hw Db part of the input DSA
TRACE::2025-04-11.15:28:10::SCWMssOS::Checking the sw design at  /home/student/Documents/cursoML2025/git/ML_FPGA_UNMdP/labs/lab8/Lab8-01/MLZedboard_wrapper/zynq_fsbl/zynq_fsbl_bsp/system.mss
TRACE::2025-04-11.15:28:10::SCWMssOS::DEBUG:  swdes dump  /home/student/Documents/cursoML2025/git/ML_FPGA_UNMdP/labs/lab8/Lab8-01/MLZedboard_wrapper/ps7_cortexa9_0/freertos10_xilinx_ps7_cortexa9_0/bsp/system.mss|system_0||
/home/student/Documents/cursoML2025/git/ML_FPGA_UNMdP/labs/lab8/Lab8-01/MLZedboard_wrapper/zynq_fsbl/zynq_fsbl_bsp/system.mss|system||

TRACE::2025-04-11.15:28:10::SCWMssOS::Sw design exists and opened at  /home/student/Documents/cursoML2025/git/ML_FPGA_UNMdP/labs/lab8/Lab8-01/MLZedboard_wrapper/zynq_fsbl/zynq_fsbl_bsp/system.mss
TRACE::2025-04-11.15:28:10::SCWPlatform::Trying to open the hw design at /home/student/Documents/cursoML2025/git/ML_FPGA_UNMdP/labs/lab8/Lab8-01/MLZedboard_wrapper/hw/MLZedboard_wrapper.xsa
TRACE::2025-04-11.15:28:10::SCWPlatform::DSA given /home/student/Documents/cursoML2025/git/ML_FPGA_UNMdP/labs/lab8/Lab8-01/MLZedboard_wrapper/hw/MLZedboard_wrapper.xsa
TRACE::2025-04-11.15:28:10::SCWPlatform::DSA absoulate path /home/student/Documents/cursoML2025/git/ML_FPGA_UNMdP/labs/lab8/Lab8-01/MLZedboard_wrapper/hw/MLZedboard_wrapper.xsa
TRACE::2025-04-11.15:28:10::SCWPlatform::DSA directory /home/student/Documents/cursoML2025/git/ML_FPGA_UNMdP/labs/lab8/Lab8-01/MLZedboard_wrapper/hw
TRACE::2025-04-11.15:28:10::SCWPlatform:: Platform Path /home/student/Documents/cursoML2025/git/ML_FPGA_UNMdP/labs/lab8/Lab8-01/MLZedboard_wrapper/hw/MLZedboard_wrapper.xsa
TRACE::2025-04-11.15:28:10::SCWPlatform:: Unique name xilinx:zedboard::0.0
TRACE::2025-04-11.15:28:10::SCWPlatform::Trying to set the existing hwdb with name MLZedboard_wrapper_0
TRACE::2025-04-11.15:28:10::SCWPlatform::Opened existing hwdb MLZedboard_wrapper_0
TRACE::2025-04-11.15:28:10::SCWPlatform::Found the Hw Db part of the input DSA
TRACE::2025-04-11.15:28:10::SCWMssOS::Checking the sw design at  /home/student/Documents/cursoML2025/git/ML_FPGA_UNMdP/labs/lab8/Lab8-01/MLZedboard_wrapper/zynq_fsbl/zynq_fsbl_bsp/system.mss
TRACE::2025-04-11.15:28:10::SCWMssOS::DEBUG:  swdes dump  /home/student/Documents/cursoML2025/git/ML_FPGA_UNMdP/labs/lab8/Lab8-01/MLZedboard_wrapper/ps7_cortexa9_0/freertos10_xilinx_ps7_cortexa9_0/bsp/system.mss|system_0||
/home/student/Documents/cursoML2025/git/ML_FPGA_UNMdP/labs/lab8/Lab8-01/MLZedboard_wrapper/zynq_fsbl/zynq_fsbl_bsp/system.mss|system||

TRACE::2025-04-11.15:28:10::SCWMssOS::Sw design exists and opened at  /home/student/Documents/cursoML2025/git/ML_FPGA_UNMdP/labs/lab8/Lab8-01/MLZedboard_wrapper/zynq_fsbl/zynq_fsbl_bsp/system.mss
TRACE::2025-04-11.15:28:10::SCWPlatform::Trying to open the hw design at /home/student/Documents/cursoML2025/git/ML_FPGA_UNMdP/labs/lab8/Lab8-01/MLZedboard_wrapper/hw/MLZedboard_wrapper.xsa
TRACE::2025-04-11.15:28:10::SCWPlatform::DSA given /home/student/Documents/cursoML2025/git/ML_FPGA_UNMdP/labs/lab8/Lab8-01/MLZedboard_wrapper/hw/MLZedboard_wrapper.xsa
TRACE::2025-04-11.15:28:10::SCWPlatform::DSA absoulate path /home/student/Documents/cursoML2025/git/ML_FPGA_UNMdP/labs/lab8/Lab8-01/MLZedboard_wrapper/hw/MLZedboard_wrapper.xsa
TRACE::2025-04-11.15:28:10::SCWPlatform::DSA directory /home/student/Documents/cursoML2025/git/ML_FPGA_UNMdP/labs/lab8/Lab8-01/MLZedboard_wrapper/hw
TRACE::2025-04-11.15:28:10::SCWPlatform:: Platform Path /home/student/Documents/cursoML2025/git/ML_FPGA_UNMdP/labs/lab8/Lab8-01/MLZedboard_wrapper/hw/MLZedboard_wrapper.xsa
TRACE::2025-04-11.15:28:10::SCWPlatform:: Unique name xilinx:zedboard::0.0
TRACE::2025-04-11.15:28:10::SCWPlatform::Trying to set the existing hwdb with name MLZedboard_wrapper_0
TRACE::2025-04-11.15:28:10::SCWPlatform::Opened existing hwdb MLZedboard_wrapper_0
TRACE::2025-04-11.15:28:10::SCWPlatform::Found the Hw Db part of the input DSA
TRACE::2025-04-11.15:28:10::SCWMssOS::Checking the sw design at  /home/student/Documents/cursoML2025/git/ML_FPGA_UNMdP/labs/lab8/Lab8-01/MLZedboard_wrapper/ps7_cortexa9_0/freertos10_xilinx_ps7_cortexa9_0/bsp/system.mss
TRACE::2025-04-11.15:28:10::SCWMssOS::DEBUG:  swdes dump  /home/student/Documents/cursoML2025/git/ML_FPGA_UNMdP/labs/lab8/Lab8-01/MLZedboard_wrapper/ps7_cortexa9_0/freertos10_xilinx_ps7_cortexa9_0/bsp/system.mss|system_0||
/home/student/Documents/cursoML2025/git/ML_FPGA_UNMdP/labs/lab8/Lab8-01/MLZedboard_wrapper/zynq_fsbl/zynq_fsbl_bsp/system.mss|system||

TRACE::2025-04-11.15:28:10::SCWMssOS::Sw design exists and opened at  /home/student/Documents/cursoML2025/git/ML_FPGA_UNMdP/labs/lab8/Lab8-01/MLZedboard_wrapper/ps7_cortexa9_0/freertos10_xilinx_ps7_cortexa9_0/bsp/system.mss
TRACE::2025-04-11.15:28:10::SCWPlatform::Trying to open the hw design at /home/student/Documents/cursoML2025/git/ML_FPGA_UNMdP/labs/lab8/Lab8-01/MLZedboard_wrapper/hw/MLZedboard_wrapper.xsa
TRACE::2025-04-11.15:28:10::SCWPlatform::DSA given /home/student/Documents/cursoML2025/git/ML_FPGA_UNMdP/labs/lab8/Lab8-01/MLZedboard_wrapper/hw/MLZedboard_wrapper.xsa
TRACE::2025-04-11.15:28:10::SCWPlatform::DSA absoulate path /home/student/Documents/cursoML2025/git/ML_FPGA_UNMdP/labs/lab8/Lab8-01/MLZedboard_wrapper/hw/MLZedboard_wrapper.xsa
TRACE::2025-04-11.15:28:10::SCWPlatform::DSA directory /home/student/Documents/cursoML2025/git/ML_FPGA_UNMdP/labs/lab8/Lab8-01/MLZedboard_wrapper/hw
TRACE::2025-04-11.15:28:10::SCWPlatform:: Platform Path /home/student/Documents/cursoML2025/git/ML_FPGA_UNMdP/labs/lab8/Lab8-01/MLZedboard_wrapper/hw/MLZedboard_wrapper.xsa
TRACE::2025-04-11.15:28:10::SCWPlatform:: Unique name xilinx:zedboard::0.0
TRACE::2025-04-11.15:28:10::SCWPlatform::Trying to set the existing hwdb with name MLZedboard_wrapper_0
TRACE::2025-04-11.15:28:10::SCWPlatform::Opened existing hwdb MLZedboard_wrapper_0
TRACE::2025-04-11.15:28:10::SCWPlatform::Found the Hw Db part of the input DSA
TRACE::2025-04-11.15:28:10::SCWMssOS::Checking the sw design at  /home/student/Documents/cursoML2025/git/ML_FPGA_UNMdP/labs/lab8/Lab8-01/MLZedboard_wrapper/ps7_cortexa9_0/freertos10_xilinx_ps7_cortexa9_0/bsp/system.mss
TRACE::2025-04-11.15:28:10::SCWMssOS::DEBUG:  swdes dump  /home/student/Documents/cursoML2025/git/ML_FPGA_UNMdP/labs/lab8/Lab8-01/MLZedboard_wrapper/ps7_cortexa9_0/freertos10_xilinx_ps7_cortexa9_0/bsp/system.mss|system_0||
/home/student/Documents/cursoML2025/git/ML_FPGA_UNMdP/labs/lab8/Lab8-01/MLZedboard_wrapper/zynq_fsbl/zynq_fsbl_bsp/system.mss|system||

TRACE::2025-04-11.15:28:10::SCWMssOS::Sw design exists and opened at  /home/student/Documents/cursoML2025/git/ML_FPGA_UNMdP/labs/lab8/Lab8-01/MLZedboard_wrapper/ps7_cortexa9_0/freertos10_xilinx_ps7_cortexa9_0/bsp/system.mss
TRACE::2025-04-11.15:28:10::SCWPlatform::Trying to open the hw design at /home/student/Documents/cursoML2025/git/ML_FPGA_UNMdP/labs/lab8/Lab8-01/MLZedboard_wrapper/hw/MLZedboard_wrapper.xsa
TRACE::2025-04-11.15:28:10::SCWPlatform::DSA given /home/student/Documents/cursoML2025/git/ML_FPGA_UNMdP/labs/lab8/Lab8-01/MLZedboard_wrapper/hw/MLZedboard_wrapper.xsa
TRACE::2025-04-11.15:28:10::SCWPlatform::DSA absoulate path /home/student/Documents/cursoML2025/git/ML_FPGA_UNMdP/labs/lab8/Lab8-01/MLZedboard_wrapper/hw/MLZedboard_wrapper.xsa
TRACE::2025-04-11.15:28:10::SCWPlatform::DSA directory /home/student/Documents/cursoML2025/git/ML_FPGA_UNMdP/labs/lab8/Lab8-01/MLZedboard_wrapper/hw
TRACE::2025-04-11.15:28:10::SCWPlatform:: Platform Path /home/student/Documents/cursoML2025/git/ML_FPGA_UNMdP/labs/lab8/Lab8-01/MLZedboard_wrapper/hw/MLZedboard_wrapper.xsa
TRACE::2025-04-11.15:28:10::SCWPlatform:: Unique name xilinx:zedboard::0.0
TRACE::2025-04-11.15:28:10::SCWPlatform::Trying to set the existing hwdb with name MLZedboard_wrapper_0
TRACE::2025-04-11.15:28:10::SCWPlatform::Opened existing hwdb MLZedboard_wrapper_0
TRACE::2025-04-11.15:28:10::SCWPlatform::Found the Hw Db part of the input DSA
TRACE::2025-04-11.15:28:10::SCWMssOS::Checking the sw design at  /home/student/Documents/cursoML2025/git/ML_FPGA_UNMdP/labs/lab8/Lab8-01/MLZedboard_wrapper/ps7_cortexa9_0/freertos10_xilinx_ps7_cortexa9_0/bsp/system.mss
TRACE::2025-04-11.15:28:10::SCWMssOS::DEBUG:  swdes dump  /home/student/Documents/cursoML2025/git/ML_FPGA_UNMdP/labs/lab8/Lab8-01/MLZedboard_wrapper/ps7_cortexa9_0/freertos10_xilinx_ps7_cortexa9_0/bsp/system.mss|system_0||
/home/student/Documents/cursoML2025/git/ML_FPGA_UNMdP/labs/lab8/Lab8-01/MLZedboard_wrapper/zynq_fsbl/zynq_fsbl_bsp/system.mss|system||

TRACE::2025-04-11.15:28:10::SCWMssOS::Sw design exists and opened at  /home/student/Documents/cursoML2025/git/ML_FPGA_UNMdP/labs/lab8/Lab8-01/MLZedboard_wrapper/ps7_cortexa9_0/freertos10_xilinx_ps7_cortexa9_0/bsp/system.mss
TRACE::2025-04-11.15:28:10::SCWWriter::formatted JSON is {
	"platformName":	"MLZedboard_wrapper",
	"sprVersion":	"2.0",
	"mode":	"gui",
	"dsaType":	"Fixed",
	"platformDesc":	"MLZedboard_wrapper",
	"platHandOff":	"<platformDir>.xsa",
	"platIntHandOff":	"<platformDir>/hw/MLZedboard_wrapper.xsa",
	"deviceType":	"zynq",
	"platIsPrebuiltAutogen":	"false",
	"platIsNoBootBsp":	"false",
	"platFsblTarget":	"ps7_cortexa9_0",
	"hasFsblMakeHasChanges":	"false",
	"hasPmufwMakeHasChanges":	"false",
	"fsblExtraCompilerFlags":	"-MMD -MP       -mcpu=cortex-a9 -mfpu=vfpv3 -mfloat-abi=hard ",
	"platPreBuiltFlag":	false,
	"platformSamplesDir":	"",
	"platActiveSys":	"MLZedboard_wrapper",
	"systems":	[{
			"systemName":	"MLZedboard_wrapper",
			"systemDesc":	"MLZedboard_wrapper",
			"sysIsBootAutoGen":	"true",
			"systemDispName":	"MLZedboard_wrapper",
			"sysActiveDom":	"freertos10_xilinx_ps7_cortexa9_0",
			"sysDefaultDom":	"freertos10_xilinx_ps7_cortexa9_0",
			"domains":	[{
					"domainName":	"zynq_fsbl",
					"domainDispName":	"zynq_fsbl",
					"domainDesc":	"FSBL Application BSP - Auto Generated.",
					"processors":	"ps7_cortexa9_0",
					"os":	"standalone",
					"sdxOs":	"standalone",
					"debugEnable":	"",
					"domRuntimes":	["cpp"],
					"swRepo":	"",
					"mssOsVer":	"8.0",
					"mssFile":	"",
					"md5Digest":	"485db049a468bc7a6202088c4dc8152a",
					"compatibleApp":	"zynq_fsbl",
					"domType":	"bootDomain",
					"arch":	"32-bit",
					"appSettings":	{
						"appCompilerFlags":	"",
						"appLinkerFlags":	""
					},
					"addedLibs":	["xilffs:4.8", "xilrsa:1.6"],
					"libOptions":	{
						"libsContainingOptions":	[]
					},
					"prebuiltLibs":	{
						"prebuiltIncPath":	[],
						"prebuiltLibPath":	[]
					},
					"isolation":	{
					}
				}, {
					"domainName":	"freertos10_xilinx_ps7_cortexa9_0",
					"domainDispName":	"freertos10_xilinx_ps7_cortexa9_0",
					"domainDesc":	"freertos10_xilinx_ps7_cortexa9_0",
					"processors":	"ps7_cortexa9_0",
					"os":	"standalone",
					"sdxOs":	"standalone",
					"qemuArgs":	"<platformDir>/resources/MLZedboard_wrapper/freertos10_xilinx_ps7_cortexa9_0/qemu_args.txt",
					"qemuData":	"<platformDir>/resources/MLZedboard_wrapper/freertos10_xilinx_ps7_cortexa9_0/qemu",
					"debugEnable":	"False",
					"domRuntimes":	["cpp"],
					"swRepo":	"",
					"mssOsVer":	"8.0",
					"mssFile":	"",
					"md5Digest":	"698f89bf8e3b0481c4918f6f9c441acd",
					"compatibleApp":	"hello_world",
					"domType":	"mssDomain",
					"arch":	"32-bit",
					"appSettings":	{
						"appCompilerFlags":	"",
						"appLinkerFlags":	""
					},
					"addedLibs":	[],
					"libOptions":	{
						"libsContainingOptions":	[]
					},
					"prebuiltLibs":	{
						"prebuiltIncPath":	[],
						"prebuiltLibPath":	[]
					},
					"isolation":	{
					}
				}]
		}]
}
LOG::2025-04-11.15:28:10::SCWPlatform::Started generating the artifacts platform MLZedboard_wrapper
TRACE::2025-04-11.15:28:10::SCWPlatform::Sanity checking of platform is completed
LOG::2025-04-11.15:28:10::SCWPlatform::Started generating the artifacts for system configuration MLZedboard_wrapper
LOG::2025-04-11.15:28:10::SCWSystem::Checking the domain zynq_fsbl
LOG::2025-04-11.15:28:10::SCWSystem::Doing application build for :  zynq_fsbl
TRACE::2025-04-11.15:28:10::SCWBDomain::Not a forced makefile updation, No changes are present. 
TRACE::2025-04-11.15:28:10::SCWDomain::Skipping the build for domain :  zynq_fsbl
LOG::2025-04-11.15:28:10::SCWSystem::Checking the domain freertos10_xilinx_ps7_cortexa9_0
LOG::2025-04-11.15:28:10::SCWSystem::Not a boot domain 
LOG::2025-04-11.15:28:10::SCWSystem::Started Processing the domain freertos10_xilinx_ps7_cortexa9_0
TRACE::2025-04-11.15:28:10::SCWDomain::Generating domain artifcats
TRACE::2025-04-11.15:28:10::SCWMssOS::Generating standalone artifcats
TRACE::2025-04-11.15:28:10::SCWMssOS::Copying the qemu file from  /home/student/Documents/cursoML2025/git/ML_FPGA_UNMdP/labs/lab8/Lab8-01/MLZedboard_wrapper/resources/MLZedboard_wrapper/freertos10_xilinx_ps7_cortexa9_0/qemu_args.txt To /home/student/Documents/cursoML2025/git/ML_FPGA_UNMdP/labs/lab8/Lab8-01/MLZedboard_wrapper/export/MLZedboard_wrapper/sw/MLZedboard_wrapper/qemu/
TRACE::2025-04-11.15:28:10::SCWMssOS::Copying the qemu file from  /home/student/Documents/cursoML2025/git/ML_FPGA_UNMdP/labs/lab8/Lab8-01/MLZedboard_wrapper/resources/MLZedboard_wrapper/freertos10_xilinx_ps7_cortexa9_0/qemu_args.txt To /home/student/Documents/cursoML2025/git/ML_FPGA_UNMdP/labs/lab8/Lab8-01/MLZedboard_wrapper/export/MLZedboard_wrapper/sw/MLZedboard_wrapper/freertos10_xilinx_ps7_cortexa9_0/qemu/
TRACE::2025-04-11.15:28:10::SCWMssOS:: Copying the user libraries. 
TRACE::2025-04-11.15:28:10::SCWPlatform::Trying to open the hw design at /home/student/Documents/cursoML2025/git/ML_FPGA_UNMdP/labs/lab8/Lab8-01/MLZedboard_wrapper/hw/MLZedboard_wrapper.xsa
TRACE::2025-04-11.15:28:10::SCWPlatform::DSA given /home/student/Documents/cursoML2025/git/ML_FPGA_UNMdP/labs/lab8/Lab8-01/MLZedboard_wrapper/hw/MLZedboard_wrapper.xsa
TRACE::2025-04-11.15:28:10::SCWPlatform::DSA absoulate path /home/student/Documents/cursoML2025/git/ML_FPGA_UNMdP/labs/lab8/Lab8-01/MLZedboard_wrapper/hw/MLZedboard_wrapper.xsa
TRACE::2025-04-11.15:28:10::SCWPlatform::DSA directory /home/student/Documents/cursoML2025/git/ML_FPGA_UNMdP/labs/lab8/Lab8-01/MLZedboard_wrapper/hw
TRACE::2025-04-11.15:28:10::SCWPlatform:: Platform Path /home/student/Documents/cursoML2025/git/ML_FPGA_UNMdP/labs/lab8/Lab8-01/MLZedboard_wrapper/hw/MLZedboard_wrapper.xsa
TRACE::2025-04-11.15:28:10::SCWPlatform:: Unique name xilinx:zedboard::0.0
TRACE::2025-04-11.15:28:10::SCWPlatform::Trying to set the existing hwdb with name MLZedboard_wrapper_0
TRACE::2025-04-11.15:28:10::SCWPlatform::Opened existing hwdb MLZedboard_wrapper_0
TRACE::2025-04-11.15:28:10::SCWPlatform::Found the Hw Db part of the input DSA
TRACE::2025-04-11.15:28:10::SCWMssOS::Checking the sw design at  /home/student/Documents/cursoML2025/git/ML_FPGA_UNMdP/labs/lab8/Lab8-01/MLZedboard_wrapper/ps7_cortexa9_0/freertos10_xilinx_ps7_cortexa9_0/bsp/system.mss
TRACE::2025-04-11.15:28:10::SCWMssOS::DEBUG:  swdes dump  /home/student/Documents/cursoML2025/git/ML_FPGA_UNMdP/labs/lab8/Lab8-01/MLZedboard_wrapper/ps7_cortexa9_0/freertos10_xilinx_ps7_cortexa9_0/bsp/system.mss|system_0||
/home/student/Documents/cursoML2025/git/ML_FPGA_UNMdP/labs/lab8/Lab8-01/MLZedboard_wrapper/zynq_fsbl/zynq_fsbl_bsp/system.mss|system||

TRACE::2025-04-11.15:28:10::SCWMssOS::Sw design exists and opened at  /home/student/Documents/cursoML2025/git/ML_FPGA_UNMdP/labs/lab8/Lab8-01/MLZedboard_wrapper/ps7_cortexa9_0/freertos10_xilinx_ps7_cortexa9_0/bsp/system.mss
TRACE::2025-04-11.15:28:10::SCWMssOS::Completed writing the mss file at /home/student/Documents/cursoML2025/git/ML_FPGA_UNMdP/labs/lab8/Lab8-01/MLZedboard_wrapper/ps7_cortexa9_0/freertos10_xilinx_ps7_cortexa9_0/bsp
TRACE::2025-04-11.15:28:10::SCWMssOS::Mss edits present, copying mssfile into export location /home/student/Documents/cursoML2025/git/ML_FPGA_UNMdP/labs/lab8/Lab8-01/MLZedboard_wrapper/ps7_cortexa9_0/freertos10_xilinx_ps7_cortexa9_0/bsp/system.mss
TRACE::2025-04-11.15:28:10::SCWMssOS::bsp generated is upto date with the mss file. Skipping bsp generation.
TRACE::2025-04-11.15:28:10::SCWMssOS::BSP is already built. skipping the bsp build ... 
TRACE::2025-04-11.15:28:10::SCWDomain::Skipping the build for domain :  freertos10_xilinx_ps7_cortexa9_0
TRACE::2025-04-11.15:28:10::SCWMssOS::skipping the bsp build ... 
TRACE::2025-04-11.15:28:10::SCWMssOS::Copying to export directory.
TRACE::2025-04-11.15:28:10::SCWMssOS:: Checking if to create the Supporting Applications
TRACE::2025-04-11.15:28:10::SCWMssOS:: No Linux domain exists, trying to generate FSBL 
TRACE::2025-04-11.15:28:10::SCWMssOS:: Completed Standalone Artifacts creation 
LOG::2025-04-11.15:28:10::SCWSystem::Completed Processing the domain freertos10_xilinx_ps7_cortexa9_0
LOG::2025-04-11.15:28:10::SCWSystem::Completed Processing the sysconfig MLZedboard_wrapper
LOG::2025-04-11.15:28:10::SCWPlatform::Completed generating the artifacts for system configuration MLZedboard_wrapper
TRACE::2025-04-11.15:28:10::SCWPlatform::Started preparing the platform 
TRACE::2025-04-11.15:28:10::SCWSystem::Writing the bif file for system config MLZedboard_wrapper
TRACE::2025-04-11.15:28:10::SCWSystem::dir created 
TRACE::2025-04-11.15:28:10::SCWSystem::Writing the bif 
TRACE::2025-04-11.15:28:10::SCWPlatform::Started writing the spfm file 
TRACE::2025-04-11.15:28:10::SCWPlatform::Started writing the xpfm file 
TRACE::2025-04-11.15:28:10::SCWPlatform::Completed generating the platform
TRACE::2025-04-11.15:28:10::SCWMssOS::Saving the mss changes /home/student/Documents/cursoML2025/git/ML_FPGA_UNMdP/labs/lab8/Lab8-01/MLZedboard_wrapper/zynq_fsbl/zynq_fsbl_bsp/system.mss
TRACE::2025-04-11.15:28:10::SCWMssOS::Found a swdesign opened with the mssfile.
TRACE::2025-04-11.15:28:10::SCWMssOS::Completed writemss as part of save.
TRACE::2025-04-11.15:28:10::SCWMssOS::Commit changes completed.
TRACE::2025-04-11.15:28:10::SCWMssOS::Saving the mss changes /home/student/Documents/cursoML2025/git/ML_FPGA_UNMdP/labs/lab8/Lab8-01/MLZedboard_wrapper/ps7_cortexa9_0/freertos10_xilinx_ps7_cortexa9_0/bsp/system.mss
TRACE::2025-04-11.15:28:10::SCWMssOS::Found a swdesign opened with the mssfile.
TRACE::2025-04-11.15:28:10::SCWMssOS::Completed writemss as part of save.
TRACE::2025-04-11.15:28:10::SCWMssOS::Commit changes completed.
TRACE::2025-04-11.15:28:10::SCWPlatform::Trying to open the hw design at /home/student/Documents/cursoML2025/git/ML_FPGA_UNMdP/labs/lab8/Lab8-01/MLZedboard_wrapper/hw/MLZedboard_wrapper.xsa
TRACE::2025-04-11.15:28:10::SCWPlatform::DSA given /home/student/Documents/cursoML2025/git/ML_FPGA_UNMdP/labs/lab8/Lab8-01/MLZedboard_wrapper/hw/MLZedboard_wrapper.xsa
TRACE::2025-04-11.15:28:10::SCWPlatform::DSA absoulate path /home/student/Documents/cursoML2025/git/ML_FPGA_UNMdP/labs/lab8/Lab8-01/MLZedboard_wrapper/hw/MLZedboard_wrapper.xsa
TRACE::2025-04-11.15:28:10::SCWPlatform::DSA directory /home/student/Documents/cursoML2025/git/ML_FPGA_UNMdP/labs/lab8/Lab8-01/MLZedboard_wrapper/hw
TRACE::2025-04-11.15:28:10::SCWPlatform:: Platform Path /home/student/Documents/cursoML2025/git/ML_FPGA_UNMdP/labs/lab8/Lab8-01/MLZedboard_wrapper/hw/MLZedboard_wrapper.xsa
TRACE::2025-04-11.15:28:10::SCWPlatform:: Unique name xilinx:zedboard::0.0
TRACE::2025-04-11.15:28:10::SCWPlatform::Trying to set the existing hwdb with name MLZedboard_wrapper_0
TRACE::2025-04-11.15:28:10::SCWPlatform::Opened existing hwdb MLZedboard_wrapper_0
TRACE::2025-04-11.15:28:10::SCWPlatform::Found the Hw Db part of the input DSA
TRACE::2025-04-11.15:28:10::SCWMssOS::Checking the sw design at  /home/student/Documents/cursoML2025/git/ML_FPGA_UNMdP/labs/lab8/Lab8-01/MLZedboard_wrapper/zynq_fsbl/zynq_fsbl_bsp/system.mss
TRACE::2025-04-11.15:28:10::SCWMssOS::DEBUG:  swdes dump  /home/student/Documents/cursoML2025/git/ML_FPGA_UNMdP/labs/lab8/Lab8-01/MLZedboard_wrapper/ps7_cortexa9_0/freertos10_xilinx_ps7_cortexa9_0/bsp/system.mss|system_0||
/home/student/Documents/cursoML2025/git/ML_FPGA_UNMdP/labs/lab8/Lab8-01/MLZedboard_wrapper/zynq_fsbl/zynq_fsbl_bsp/system.mss|system||

TRACE::2025-04-11.15:28:10::SCWMssOS::Sw design exists and opened at  /home/student/Documents/cursoML2025/git/ML_FPGA_UNMdP/labs/lab8/Lab8-01/MLZedboard_wrapper/zynq_fsbl/zynq_fsbl_bsp/system.mss
TRACE::2025-04-11.15:28:10::SCWPlatform::Trying to open the hw design at /home/student/Documents/cursoML2025/git/ML_FPGA_UNMdP/labs/lab8/Lab8-01/MLZedboard_wrapper/hw/MLZedboard_wrapper.xsa
TRACE::2025-04-11.15:28:10::SCWPlatform::DSA given /home/student/Documents/cursoML2025/git/ML_FPGA_UNMdP/labs/lab8/Lab8-01/MLZedboard_wrapper/hw/MLZedboard_wrapper.xsa
TRACE::2025-04-11.15:28:10::SCWPlatform::DSA absoulate path /home/student/Documents/cursoML2025/git/ML_FPGA_UNMdP/labs/lab8/Lab8-01/MLZedboard_wrapper/hw/MLZedboard_wrapper.xsa
TRACE::2025-04-11.15:28:10::SCWPlatform::DSA directory /home/student/Documents/cursoML2025/git/ML_FPGA_UNMdP/labs/lab8/Lab8-01/MLZedboard_wrapper/hw
TRACE::2025-04-11.15:28:10::SCWPlatform:: Platform Path /home/student/Documents/cursoML2025/git/ML_FPGA_UNMdP/labs/lab8/Lab8-01/MLZedboard_wrapper/hw/MLZedboard_wrapper.xsa
TRACE::2025-04-11.15:28:10::SCWPlatform:: Unique name xilinx:zedboard::0.0
TRACE::2025-04-11.15:28:10::SCWPlatform::Trying to set the existing hwdb with name MLZedboard_wrapper_0
TRACE::2025-04-11.15:28:10::SCWPlatform::Opened existing hwdb MLZedboard_wrapper_0
TRACE::2025-04-11.15:28:10::SCWPlatform::Found the Hw Db part of the input DSA
TRACE::2025-04-11.15:28:10::SCWMssOS::Checking the sw design at  /home/student/Documents/cursoML2025/git/ML_FPGA_UNMdP/labs/lab8/Lab8-01/MLZedboard_wrapper/zynq_fsbl/zynq_fsbl_bsp/system.mss
TRACE::2025-04-11.15:28:10::SCWMssOS::DEBUG:  swdes dump  /home/student/Documents/cursoML2025/git/ML_FPGA_UNMdP/labs/lab8/Lab8-01/MLZedboard_wrapper/ps7_cortexa9_0/freertos10_xilinx_ps7_cortexa9_0/bsp/system.mss|system_0||
/home/student/Documents/cursoML2025/git/ML_FPGA_UNMdP/labs/lab8/Lab8-01/MLZedboard_wrapper/zynq_fsbl/zynq_fsbl_bsp/system.mss|system||

TRACE::2025-04-11.15:28:10::SCWMssOS::Sw design exists and opened at  /home/student/Documents/cursoML2025/git/ML_FPGA_UNMdP/labs/lab8/Lab8-01/MLZedboard_wrapper/zynq_fsbl/zynq_fsbl_bsp/system.mss
TRACE::2025-04-11.15:28:10::SCWPlatform::Trying to open the hw design at /home/student/Documents/cursoML2025/git/ML_FPGA_UNMdP/labs/lab8/Lab8-01/MLZedboard_wrapper/hw/MLZedboard_wrapper.xsa
TRACE::2025-04-11.15:28:10::SCWPlatform::DSA given /home/student/Documents/cursoML2025/git/ML_FPGA_UNMdP/labs/lab8/Lab8-01/MLZedboard_wrapper/hw/MLZedboard_wrapper.xsa
TRACE::2025-04-11.15:28:10::SCWPlatform::DSA absoulate path /home/student/Documents/cursoML2025/git/ML_FPGA_UNMdP/labs/lab8/Lab8-01/MLZedboard_wrapper/hw/MLZedboard_wrapper.xsa
TRACE::2025-04-11.15:28:10::SCWPlatform::DSA directory /home/student/Documents/cursoML2025/git/ML_FPGA_UNMdP/labs/lab8/Lab8-01/MLZedboard_wrapper/hw
TRACE::2025-04-11.15:28:10::SCWPlatform:: Platform Path /home/student/Documents/cursoML2025/git/ML_FPGA_UNMdP/labs/lab8/Lab8-01/MLZedboard_wrapper/hw/MLZedboard_wrapper.xsa
TRACE::2025-04-11.15:28:10::SCWPlatform:: Unique name xilinx:zedboard::0.0
TRACE::2025-04-11.15:28:10::SCWPlatform::Trying to set the existing hwdb with name MLZedboard_wrapper_0
TRACE::2025-04-11.15:28:10::SCWPlatform::Opened existing hwdb MLZedboard_wrapper_0
TRACE::2025-04-11.15:28:10::SCWPlatform::Found the Hw Db part of the input DSA
TRACE::2025-04-11.15:28:10::SCWMssOS::Checking the sw design at  /home/student/Documents/cursoML2025/git/ML_FPGA_UNMdP/labs/lab8/Lab8-01/MLZedboard_wrapper/zynq_fsbl/zynq_fsbl_bsp/system.mss
TRACE::2025-04-11.15:28:10::SCWMssOS::DEBUG:  swdes dump  /home/student/Documents/cursoML2025/git/ML_FPGA_UNMdP/labs/lab8/Lab8-01/MLZedboard_wrapper/ps7_cortexa9_0/freertos10_xilinx_ps7_cortexa9_0/bsp/system.mss|system_0||
/home/student/Documents/cursoML2025/git/ML_FPGA_UNMdP/labs/lab8/Lab8-01/MLZedboard_wrapper/zynq_fsbl/zynq_fsbl_bsp/system.mss|system||

TRACE::2025-04-11.15:28:10::SCWMssOS::Sw design exists and opened at  /home/student/Documents/cursoML2025/git/ML_FPGA_UNMdP/labs/lab8/Lab8-01/MLZedboard_wrapper/zynq_fsbl/zynq_fsbl_bsp/system.mss
TRACE::2025-04-11.15:28:10::SCWPlatform::Trying to open the hw design at /home/student/Documents/cursoML2025/git/ML_FPGA_UNMdP/labs/lab8/Lab8-01/MLZedboard_wrapper/hw/MLZedboard_wrapper.xsa
TRACE::2025-04-11.15:28:10::SCWPlatform::DSA given /home/student/Documents/cursoML2025/git/ML_FPGA_UNMdP/labs/lab8/Lab8-01/MLZedboard_wrapper/hw/MLZedboard_wrapper.xsa
TRACE::2025-04-11.15:28:10::SCWPlatform::DSA absoulate path /home/student/Documents/cursoML2025/git/ML_FPGA_UNMdP/labs/lab8/Lab8-01/MLZedboard_wrapper/hw/MLZedboard_wrapper.xsa
TRACE::2025-04-11.15:28:10::SCWPlatform::DSA directory /home/student/Documents/cursoML2025/git/ML_FPGA_UNMdP/labs/lab8/Lab8-01/MLZedboard_wrapper/hw
TRACE::2025-04-11.15:28:10::SCWPlatform:: Platform Path /home/student/Documents/cursoML2025/git/ML_FPGA_UNMdP/labs/lab8/Lab8-01/MLZedboard_wrapper/hw/MLZedboard_wrapper.xsa
TRACE::2025-04-11.15:28:10::SCWPlatform:: Unique name xilinx:zedboard::0.0
TRACE::2025-04-11.15:28:10::SCWPlatform::Trying to set the existing hwdb with name MLZedboard_wrapper_0
TRACE::2025-04-11.15:28:10::SCWPlatform::Opened existing hwdb MLZedboard_wrapper_0
TRACE::2025-04-11.15:28:10::SCWPlatform::Found the Hw Db part of the input DSA
TRACE::2025-04-11.15:28:10::SCWMssOS::Checking the sw design at  /home/student/Documents/cursoML2025/git/ML_FPGA_UNMdP/labs/lab8/Lab8-01/MLZedboard_wrapper/ps7_cortexa9_0/freertos10_xilinx_ps7_cortexa9_0/bsp/system.mss
TRACE::2025-04-11.15:28:10::SCWMssOS::DEBUG:  swdes dump  /home/student/Documents/cursoML2025/git/ML_FPGA_UNMdP/labs/lab8/Lab8-01/MLZedboard_wrapper/ps7_cortexa9_0/freertos10_xilinx_ps7_cortexa9_0/bsp/system.mss|system_0||
/home/student/Documents/cursoML2025/git/ML_FPGA_UNMdP/labs/lab8/Lab8-01/MLZedboard_wrapper/zynq_fsbl/zynq_fsbl_bsp/system.mss|system||

TRACE::2025-04-11.15:28:10::SCWMssOS::Sw design exists and opened at  /home/student/Documents/cursoML2025/git/ML_FPGA_UNMdP/labs/lab8/Lab8-01/MLZedboard_wrapper/ps7_cortexa9_0/freertos10_xilinx_ps7_cortexa9_0/bsp/system.mss
TRACE::2025-04-11.15:28:10::SCWPlatform::Trying to open the hw design at /home/student/Documents/cursoML2025/git/ML_FPGA_UNMdP/labs/lab8/Lab8-01/MLZedboard_wrapper/hw/MLZedboard_wrapper.xsa
TRACE::2025-04-11.15:28:10::SCWPlatform::DSA given /home/student/Documents/cursoML2025/git/ML_FPGA_UNMdP/labs/lab8/Lab8-01/MLZedboard_wrapper/hw/MLZedboard_wrapper.xsa
TRACE::2025-04-11.15:28:10::SCWPlatform::DSA absoulate path /home/student/Documents/cursoML2025/git/ML_FPGA_UNMdP/labs/lab8/Lab8-01/MLZedboard_wrapper/hw/MLZedboard_wrapper.xsa
TRACE::2025-04-11.15:28:10::SCWPlatform::DSA directory /home/student/Documents/cursoML2025/git/ML_FPGA_UNMdP/labs/lab8/Lab8-01/MLZedboard_wrapper/hw
TRACE::2025-04-11.15:28:10::SCWPlatform:: Platform Path /home/student/Documents/cursoML2025/git/ML_FPGA_UNMdP/labs/lab8/Lab8-01/MLZedboard_wrapper/hw/MLZedboard_wrapper.xsa
TRACE::2025-04-11.15:28:10::SCWPlatform:: Unique name xilinx:zedboard::0.0
TRACE::2025-04-11.15:28:10::SCWPlatform::Trying to set the existing hwdb with name MLZedboard_wrapper_0
TRACE::2025-04-11.15:28:10::SCWPlatform::Opened existing hwdb MLZedboard_wrapper_0
TRACE::2025-04-11.15:28:10::SCWPlatform::Found the Hw Db part of the input DSA
TRACE::2025-04-11.15:28:10::SCWMssOS::Checking the sw design at  /home/student/Documents/cursoML2025/git/ML_FPGA_UNMdP/labs/lab8/Lab8-01/MLZedboard_wrapper/ps7_cortexa9_0/freertos10_xilinx_ps7_cortexa9_0/bsp/system.mss
TRACE::2025-04-11.15:28:10::SCWMssOS::DEBUG:  swdes dump  /home/student/Documents/cursoML2025/git/ML_FPGA_UNMdP/labs/lab8/Lab8-01/MLZedboard_wrapper/ps7_cortexa9_0/freertos10_xilinx_ps7_cortexa9_0/bsp/system.mss|system_0||
/home/student/Documents/cursoML2025/git/ML_FPGA_UNMdP/labs/lab8/Lab8-01/MLZedboard_wrapper/zynq_fsbl/zynq_fsbl_bsp/system.mss|system||

TRACE::2025-04-11.15:28:10::SCWMssOS::Sw design exists and opened at  /home/student/Documents/cursoML2025/git/ML_FPGA_UNMdP/labs/lab8/Lab8-01/MLZedboard_wrapper/ps7_cortexa9_0/freertos10_xilinx_ps7_cortexa9_0/bsp/system.mss
TRACE::2025-04-11.15:28:10::SCWPlatform::Trying to open the hw design at /home/student/Documents/cursoML2025/git/ML_FPGA_UNMdP/labs/lab8/Lab8-01/MLZedboard_wrapper/hw/MLZedboard_wrapper.xsa
TRACE::2025-04-11.15:28:10::SCWPlatform::DSA given /home/student/Documents/cursoML2025/git/ML_FPGA_UNMdP/labs/lab8/Lab8-01/MLZedboard_wrapper/hw/MLZedboard_wrapper.xsa
TRACE::2025-04-11.15:28:10::SCWPlatform::DSA absoulate path /home/student/Documents/cursoML2025/git/ML_FPGA_UNMdP/labs/lab8/Lab8-01/MLZedboard_wrapper/hw/MLZedboard_wrapper.xsa
TRACE::2025-04-11.15:28:10::SCWPlatform::DSA directory /home/student/Documents/cursoML2025/git/ML_FPGA_UNMdP/labs/lab8/Lab8-01/MLZedboard_wrapper/hw
TRACE::2025-04-11.15:28:10::SCWPlatform:: Platform Path /home/student/Documents/cursoML2025/git/ML_FPGA_UNMdP/labs/lab8/Lab8-01/MLZedboard_wrapper/hw/MLZedboard_wrapper.xsa
TRACE::2025-04-11.15:28:10::SCWPlatform:: Unique name xilinx:zedboard::0.0
TRACE::2025-04-11.15:28:10::SCWPlatform::Trying to set the existing hwdb with name MLZedboard_wrapper_0
TRACE::2025-04-11.15:28:10::SCWPlatform::Opened existing hwdb MLZedboard_wrapper_0
TRACE::2025-04-11.15:28:10::SCWPlatform::Found the Hw Db part of the input DSA
TRACE::2025-04-11.15:28:10::SCWMssOS::Checking the sw design at  /home/student/Documents/cursoML2025/git/ML_FPGA_UNMdP/labs/lab8/Lab8-01/MLZedboard_wrapper/ps7_cortexa9_0/freertos10_xilinx_ps7_cortexa9_0/bsp/system.mss
TRACE::2025-04-11.15:28:10::SCWMssOS::DEBUG:  swdes dump  /home/student/Documents/cursoML2025/git/ML_FPGA_UNMdP/labs/lab8/Lab8-01/MLZedboard_wrapper/ps7_cortexa9_0/freertos10_xilinx_ps7_cortexa9_0/bsp/system.mss|system_0||
/home/student/Documents/cursoML2025/git/ML_FPGA_UNMdP/labs/lab8/Lab8-01/MLZedboard_wrapper/zynq_fsbl/zynq_fsbl_bsp/system.mss|system||

TRACE::2025-04-11.15:28:10::SCWMssOS::Sw design exists and opened at  /home/student/Documents/cursoML2025/git/ML_FPGA_UNMdP/labs/lab8/Lab8-01/MLZedboard_wrapper/ps7_cortexa9_0/freertos10_xilinx_ps7_cortexa9_0/bsp/system.mss
TRACE::2025-04-11.15:28:10::SCWWriter::formatted JSON is {
	"platformName":	"MLZedboard_wrapper",
	"sprVersion":	"2.0",
	"mode":	"gui",
	"dsaType":	"Fixed",
	"platformDesc":	"MLZedboard_wrapper",
	"platHandOff":	"<platformDir>.xsa",
	"platIntHandOff":	"<platformDir>/hw/MLZedboard_wrapper.xsa",
	"deviceType":	"zynq",
	"platIsPrebuiltAutogen":	"false",
	"platIsNoBootBsp":	"false",
	"platFsblTarget":	"ps7_cortexa9_0",
	"hasFsblMakeHasChanges":	"false",
	"hasPmufwMakeHasChanges":	"false",
	"fsblExtraCompilerFlags":	"-MMD -MP       -mcpu=cortex-a9 -mfpu=vfpv3 -mfloat-abi=hard ",
	"platPreBuiltFlag":	false,
	"platformSamplesDir":	"",
	"platActiveSys":	"MLZedboard_wrapper",
	"systems":	[{
			"systemName":	"MLZedboard_wrapper",
			"systemDesc":	"MLZedboard_wrapper",
			"sysIsBootAutoGen":	"true",
			"systemDispName":	"MLZedboard_wrapper",
			"sysActiveDom":	"freertos10_xilinx_ps7_cortexa9_0",
			"sysDefaultDom":	"freertos10_xilinx_ps7_cortexa9_0",
			"domains":	[{
					"domainName":	"zynq_fsbl",
					"domainDispName":	"zynq_fsbl",
					"domainDesc":	"FSBL Application BSP - Auto Generated.",
					"processors":	"ps7_cortexa9_0",
					"os":	"standalone",
					"sdxOs":	"standalone",
					"debugEnable":	"",
					"domRuntimes":	["cpp"],
					"swRepo":	"",
					"mssOsVer":	"8.0",
					"mssFile":	"",
					"md5Digest":	"485db049a468bc7a6202088c4dc8152a",
					"compatibleApp":	"zynq_fsbl",
					"domType":	"bootDomain",
					"arch":	"32-bit",
					"appSettings":	{
						"appCompilerFlags":	"",
						"appLinkerFlags":	""
					},
					"addedLibs":	["xilffs:4.8", "xilrsa:1.6"],
					"libOptions":	{
						"libsContainingOptions":	[]
					},
					"prebuiltLibs":	{
						"prebuiltIncPath":	[],
						"prebuiltLibPath":	[]
					},
					"isolation":	{
					}
				}, {
					"domainName":	"freertos10_xilinx_ps7_cortexa9_0",
					"domainDispName":	"freertos10_xilinx_ps7_cortexa9_0",
					"domainDesc":	"freertos10_xilinx_ps7_cortexa9_0",
					"processors":	"ps7_cortexa9_0",
					"os":	"standalone",
					"sdxOs":	"standalone",
					"qemuArgs":	"<platformDir>/resources/MLZedboard_wrapper/freertos10_xilinx_ps7_cortexa9_0/qemu_args.txt",
					"qemuData":	"<platformDir>/resources/MLZedboard_wrapper/freertos10_xilinx_ps7_cortexa9_0/qemu",
					"debugEnable":	"False",
					"domRuntimes":	["cpp"],
					"swRepo":	"",
					"mssOsVer":	"8.0",
					"mssFile":	"",
					"md5Digest":	"698f89bf8e3b0481c4918f6f9c441acd",
					"compatibleApp":	"hello_world",
					"domType":	"mssDomain",
					"arch":	"32-bit",
					"appSettings":	{
						"appCompilerFlags":	"",
						"appLinkerFlags":	""
					},
					"addedLibs":	[],
					"libOptions":	{
						"libsContainingOptions":	[]
					},
					"prebuiltLibs":	{
						"prebuiltIncPath":	[],
						"prebuiltLibPath":	[]
					},
					"isolation":	{
					}
				}]
		}]
}
KEYINFO::2025-04-11.15:28:10::SCWPlatform::updated the xpfm file.
TRACE::2025-04-11.15:28:11::SCWPlatform::Trying to open the hw design at /home/student/Documents/cursoML2025/git/ML_FPGA_UNMdP/labs/lab8/Lab8-01/MLZedboard_wrapper/hw/MLZedboard_wrapper.xsa
TRACE::2025-04-11.15:28:11::SCWPlatform::DSA given /home/student/Documents/cursoML2025/git/ML_FPGA_UNMdP/labs/lab8/Lab8-01/MLZedboard_wrapper/hw/MLZedboard_wrapper.xsa
TRACE::2025-04-11.15:28:11::SCWPlatform::DSA absoulate path /home/student/Documents/cursoML2025/git/ML_FPGA_UNMdP/labs/lab8/Lab8-01/MLZedboard_wrapper/hw/MLZedboard_wrapper.xsa
TRACE::2025-04-11.15:28:11::SCWPlatform::DSA directory /home/student/Documents/cursoML2025/git/ML_FPGA_UNMdP/labs/lab8/Lab8-01/MLZedboard_wrapper/hw
TRACE::2025-04-11.15:28:11::SCWPlatform:: Platform Path /home/student/Documents/cursoML2025/git/ML_FPGA_UNMdP/labs/lab8/Lab8-01/MLZedboard_wrapper/hw/MLZedboard_wrapper.xsa
TRACE::2025-04-11.15:28:11::SCWPlatform:: Unique name xilinx:zedboard::0.0
TRACE::2025-04-11.15:28:11::SCWPlatform::Trying to set the existing hwdb with name MLZedboard_wrapper_0
TRACE::2025-04-11.15:28:11::SCWPlatform::Opened existing hwdb MLZedboard_wrapper_0
TRACE::2025-04-11.15:28:11::SCWPlatform::Found the Hw Db part of the input DSA
TRACE::2025-04-11.15:28:11::SCWMssOS::Checking the sw design at  /home/student/Documents/cursoML2025/git/ML_FPGA_UNMdP/labs/lab8/Lab8-01/MLZedboard_wrapper/ps7_cortexa9_0/freertos10_xilinx_ps7_cortexa9_0/bsp/system.mss
TRACE::2025-04-11.15:28:11::SCWMssOS::DEBUG:  swdes dump  /home/student/Documents/cursoML2025/git/ML_FPGA_UNMdP/labs/lab8/Lab8-01/MLZedboard_wrapper/ps7_cortexa9_0/freertos10_xilinx_ps7_cortexa9_0/bsp/system.mss|system_0||
/home/student/Documents/cursoML2025/git/ML_FPGA_UNMdP/labs/lab8/Lab8-01/MLZedboard_wrapper/zynq_fsbl/zynq_fsbl_bsp/system.mss|system||

TRACE::2025-04-11.15:28:11::SCWMssOS::Sw design exists and opened at  /home/student/Documents/cursoML2025/git/ML_FPGA_UNMdP/labs/lab8/Lab8-01/MLZedboard_wrapper/ps7_cortexa9_0/freertos10_xilinx_ps7_cortexa9_0/bsp/system.mss
TRACE::2025-04-11.15:28:11::SCWMssOS::Saving the mss changes /home/student/Documents/cursoML2025/git/ML_FPGA_UNMdP/labs/lab8/Lab8-01/MLZedboard_wrapper/zynq_fsbl/zynq_fsbl_bsp/system.mss
TRACE::2025-04-11.15:28:11::SCWMssOS::Found a swdesign opened with the mssfile.
TRACE::2025-04-11.15:28:11::SCWMssOS::Completed writemss as part of save.
TRACE::2025-04-11.15:28:11::SCWMssOS::Commit changes completed.
TRACE::2025-04-11.15:28:11::SCWMssOS::Saving the mss changes /home/student/Documents/cursoML2025/git/ML_FPGA_UNMdP/labs/lab8/Lab8-01/MLZedboard_wrapper/ps7_cortexa9_0/freertos10_xilinx_ps7_cortexa9_0/bsp/system.mss
TRACE::2025-04-11.15:28:11::SCWMssOS::Found a swdesign opened with the mssfile.
TRACE::2025-04-11.15:28:11::SCWMssOS::Completed writemss as part of save.
TRACE::2025-04-11.15:28:11::SCWMssOS::Commit changes completed.
TRACE::2025-04-11.15:28:11::SCWPlatform::Trying to open the hw design at /home/student/Documents/cursoML2025/git/ML_FPGA_UNMdP/labs/lab8/Lab8-01/MLZedboard_wrapper/hw/MLZedboard_wrapper.xsa
TRACE::2025-04-11.15:28:11::SCWPlatform::DSA given /home/student/Documents/cursoML2025/git/ML_FPGA_UNMdP/labs/lab8/Lab8-01/MLZedboard_wrapper/hw/MLZedboard_wrapper.xsa
TRACE::2025-04-11.15:28:11::SCWPlatform::DSA absoulate path /home/student/Documents/cursoML2025/git/ML_FPGA_UNMdP/labs/lab8/Lab8-01/MLZedboard_wrapper/hw/MLZedboard_wrapper.xsa
TRACE::2025-04-11.15:28:11::SCWPlatform::DSA directory /home/student/Documents/cursoML2025/git/ML_FPGA_UNMdP/labs/lab8/Lab8-01/MLZedboard_wrapper/hw
TRACE::2025-04-11.15:28:11::SCWPlatform:: Platform Path /home/student/Documents/cursoML2025/git/ML_FPGA_UNMdP/labs/lab8/Lab8-01/MLZedboard_wrapper/hw/MLZedboard_wrapper.xsa
TRACE::2025-04-11.15:28:11::SCWPlatform:: Unique name xilinx:zedboard::0.0
TRACE::2025-04-11.15:28:11::SCWPlatform::Trying to set the existing hwdb with name MLZedboard_wrapper_0
TRACE::2025-04-11.15:28:11::SCWPlatform::Opened existing hwdb MLZedboard_wrapper_0
TRACE::2025-04-11.15:28:11::SCWPlatform::Found the Hw Db part of the input DSA
TRACE::2025-04-11.15:28:11::SCWMssOS::Checking the sw design at  /home/student/Documents/cursoML2025/git/ML_FPGA_UNMdP/labs/lab8/Lab8-01/MLZedboard_wrapper/zynq_fsbl/zynq_fsbl_bsp/system.mss
TRACE::2025-04-11.15:28:11::SCWMssOS::DEBUG:  swdes dump  /home/student/Documents/cursoML2025/git/ML_FPGA_UNMdP/labs/lab8/Lab8-01/MLZedboard_wrapper/ps7_cortexa9_0/freertos10_xilinx_ps7_cortexa9_0/bsp/system.mss|system_0||
/home/student/Documents/cursoML2025/git/ML_FPGA_UNMdP/labs/lab8/Lab8-01/MLZedboard_wrapper/zynq_fsbl/zynq_fsbl_bsp/system.mss|system||

TRACE::2025-04-11.15:28:11::SCWMssOS::Sw design exists and opened at  /home/student/Documents/cursoML2025/git/ML_FPGA_UNMdP/labs/lab8/Lab8-01/MLZedboard_wrapper/zynq_fsbl/zynq_fsbl_bsp/system.mss
TRACE::2025-04-11.15:28:11::SCWPlatform::Trying to open the hw design at /home/student/Documents/cursoML2025/git/ML_FPGA_UNMdP/labs/lab8/Lab8-01/MLZedboard_wrapper/hw/MLZedboard_wrapper.xsa
TRACE::2025-04-11.15:28:11::SCWPlatform::DSA given /home/student/Documents/cursoML2025/git/ML_FPGA_UNMdP/labs/lab8/Lab8-01/MLZedboard_wrapper/hw/MLZedboard_wrapper.xsa
TRACE::2025-04-11.15:28:11::SCWPlatform::DSA absoulate path /home/student/Documents/cursoML2025/git/ML_FPGA_UNMdP/labs/lab8/Lab8-01/MLZedboard_wrapper/hw/MLZedboard_wrapper.xsa
TRACE::2025-04-11.15:28:11::SCWPlatform::DSA directory /home/student/Documents/cursoML2025/git/ML_FPGA_UNMdP/labs/lab8/Lab8-01/MLZedboard_wrapper/hw
TRACE::2025-04-11.15:28:11::SCWPlatform:: Platform Path /home/student/Documents/cursoML2025/git/ML_FPGA_UNMdP/labs/lab8/Lab8-01/MLZedboard_wrapper/hw/MLZedboard_wrapper.xsa
TRACE::2025-04-11.15:28:11::SCWPlatform:: Unique name xilinx:zedboard::0.0
TRACE::2025-04-11.15:28:11::SCWPlatform::Trying to set the existing hwdb with name MLZedboard_wrapper_0
TRACE::2025-04-11.15:28:11::SCWPlatform::Opened existing hwdb MLZedboard_wrapper_0
TRACE::2025-04-11.15:28:11::SCWPlatform::Found the Hw Db part of the input DSA
TRACE::2025-04-11.15:28:11::SCWMssOS::Checking the sw design at  /home/student/Documents/cursoML2025/git/ML_FPGA_UNMdP/labs/lab8/Lab8-01/MLZedboard_wrapper/zynq_fsbl/zynq_fsbl_bsp/system.mss
TRACE::2025-04-11.15:28:11::SCWMssOS::DEBUG:  swdes dump  /home/student/Documents/cursoML2025/git/ML_FPGA_UNMdP/labs/lab8/Lab8-01/MLZedboard_wrapper/ps7_cortexa9_0/freertos10_xilinx_ps7_cortexa9_0/bsp/system.mss|system_0||
/home/student/Documents/cursoML2025/git/ML_FPGA_UNMdP/labs/lab8/Lab8-01/MLZedboard_wrapper/zynq_fsbl/zynq_fsbl_bsp/system.mss|system||

TRACE::2025-04-11.15:28:11::SCWMssOS::Sw design exists and opened at  /home/student/Documents/cursoML2025/git/ML_FPGA_UNMdP/labs/lab8/Lab8-01/MLZedboard_wrapper/zynq_fsbl/zynq_fsbl_bsp/system.mss
TRACE::2025-04-11.15:28:11::SCWPlatform::Trying to open the hw design at /home/student/Documents/cursoML2025/git/ML_FPGA_UNMdP/labs/lab8/Lab8-01/MLZedboard_wrapper/hw/MLZedboard_wrapper.xsa
TRACE::2025-04-11.15:28:11::SCWPlatform::DSA given /home/student/Documents/cursoML2025/git/ML_FPGA_UNMdP/labs/lab8/Lab8-01/MLZedboard_wrapper/hw/MLZedboard_wrapper.xsa
TRACE::2025-04-11.15:28:11::SCWPlatform::DSA absoulate path /home/student/Documents/cursoML2025/git/ML_FPGA_UNMdP/labs/lab8/Lab8-01/MLZedboard_wrapper/hw/MLZedboard_wrapper.xsa
TRACE::2025-04-11.15:28:11::SCWPlatform::DSA directory /home/student/Documents/cursoML2025/git/ML_FPGA_UNMdP/labs/lab8/Lab8-01/MLZedboard_wrapper/hw
TRACE::2025-04-11.15:28:11::SCWPlatform:: Platform Path /home/student/Documents/cursoML2025/git/ML_FPGA_UNMdP/labs/lab8/Lab8-01/MLZedboard_wrapper/hw/MLZedboard_wrapper.xsa
TRACE::2025-04-11.15:28:11::SCWPlatform:: Unique name xilinx:zedboard::0.0
TRACE::2025-04-11.15:28:11::SCWPlatform::Trying to set the existing hwdb with name MLZedboard_wrapper_0
TRACE::2025-04-11.15:28:11::SCWPlatform::Opened existing hwdb MLZedboard_wrapper_0
TRACE::2025-04-11.15:28:11::SCWPlatform::Found the Hw Db part of the input DSA
TRACE::2025-04-11.15:28:11::SCWMssOS::Checking the sw design at  /home/student/Documents/cursoML2025/git/ML_FPGA_UNMdP/labs/lab8/Lab8-01/MLZedboard_wrapper/zynq_fsbl/zynq_fsbl_bsp/system.mss
TRACE::2025-04-11.15:28:11::SCWMssOS::DEBUG:  swdes dump  /home/student/Documents/cursoML2025/git/ML_FPGA_UNMdP/labs/lab8/Lab8-01/MLZedboard_wrapper/ps7_cortexa9_0/freertos10_xilinx_ps7_cortexa9_0/bsp/system.mss|system_0||
/home/student/Documents/cursoML2025/git/ML_FPGA_UNMdP/labs/lab8/Lab8-01/MLZedboard_wrapper/zynq_fsbl/zynq_fsbl_bsp/system.mss|system||

TRACE::2025-04-11.15:28:11::SCWMssOS::Sw design exists and opened at  /home/student/Documents/cursoML2025/git/ML_FPGA_UNMdP/labs/lab8/Lab8-01/MLZedboard_wrapper/zynq_fsbl/zynq_fsbl_bsp/system.mss
TRACE::2025-04-11.15:28:11::SCWPlatform::Trying to open the hw design at /home/student/Documents/cursoML2025/git/ML_FPGA_UNMdP/labs/lab8/Lab8-01/MLZedboard_wrapper/hw/MLZedboard_wrapper.xsa
TRACE::2025-04-11.15:28:11::SCWPlatform::DSA given /home/student/Documents/cursoML2025/git/ML_FPGA_UNMdP/labs/lab8/Lab8-01/MLZedboard_wrapper/hw/MLZedboard_wrapper.xsa
TRACE::2025-04-11.15:28:11::SCWPlatform::DSA absoulate path /home/student/Documents/cursoML2025/git/ML_FPGA_UNMdP/labs/lab8/Lab8-01/MLZedboard_wrapper/hw/MLZedboard_wrapper.xsa
TRACE::2025-04-11.15:28:11::SCWPlatform::DSA directory /home/student/Documents/cursoML2025/git/ML_FPGA_UNMdP/labs/lab8/Lab8-01/MLZedboard_wrapper/hw
TRACE::2025-04-11.15:28:11::SCWPlatform:: Platform Path /home/student/Documents/cursoML2025/git/ML_FPGA_UNMdP/labs/lab8/Lab8-01/MLZedboard_wrapper/hw/MLZedboard_wrapper.xsa
TRACE::2025-04-11.15:28:11::SCWPlatform:: Unique name xilinx:zedboard::0.0
TRACE::2025-04-11.15:28:11::SCWPlatform::Trying to set the existing hwdb with name MLZedboard_wrapper_0
TRACE::2025-04-11.15:28:11::SCWPlatform::Opened existing hwdb MLZedboard_wrapper_0
TRACE::2025-04-11.15:28:11::SCWPlatform::Found the Hw Db part of the input DSA
TRACE::2025-04-11.15:28:11::SCWMssOS::Checking the sw design at  /home/student/Documents/cursoML2025/git/ML_FPGA_UNMdP/labs/lab8/Lab8-01/MLZedboard_wrapper/ps7_cortexa9_0/freertos10_xilinx_ps7_cortexa9_0/bsp/system.mss
TRACE::2025-04-11.15:28:11::SCWMssOS::DEBUG:  swdes dump  /home/student/Documents/cursoML2025/git/ML_FPGA_UNMdP/labs/lab8/Lab8-01/MLZedboard_wrapper/ps7_cortexa9_0/freertos10_xilinx_ps7_cortexa9_0/bsp/system.mss|system_0||
/home/student/Documents/cursoML2025/git/ML_FPGA_UNMdP/labs/lab8/Lab8-01/MLZedboard_wrapper/zynq_fsbl/zynq_fsbl_bsp/system.mss|system||

TRACE::2025-04-11.15:28:11::SCWMssOS::Sw design exists and opened at  /home/student/Documents/cursoML2025/git/ML_FPGA_UNMdP/labs/lab8/Lab8-01/MLZedboard_wrapper/ps7_cortexa9_0/freertos10_xilinx_ps7_cortexa9_0/bsp/system.mss
TRACE::2025-04-11.15:28:11::SCWPlatform::Trying to open the hw design at /home/student/Documents/cursoML2025/git/ML_FPGA_UNMdP/labs/lab8/Lab8-01/MLZedboard_wrapper/hw/MLZedboard_wrapper.xsa
TRACE::2025-04-11.15:28:11::SCWPlatform::DSA given /home/student/Documents/cursoML2025/git/ML_FPGA_UNMdP/labs/lab8/Lab8-01/MLZedboard_wrapper/hw/MLZedboard_wrapper.xsa
TRACE::2025-04-11.15:28:11::SCWPlatform::DSA absoulate path /home/student/Documents/cursoML2025/git/ML_FPGA_UNMdP/labs/lab8/Lab8-01/MLZedboard_wrapper/hw/MLZedboard_wrapper.xsa
TRACE::2025-04-11.15:28:11::SCWPlatform::DSA directory /home/student/Documents/cursoML2025/git/ML_FPGA_UNMdP/labs/lab8/Lab8-01/MLZedboard_wrapper/hw
TRACE::2025-04-11.15:28:11::SCWPlatform:: Platform Path /home/student/Documents/cursoML2025/git/ML_FPGA_UNMdP/labs/lab8/Lab8-01/MLZedboard_wrapper/hw/MLZedboard_wrapper.xsa
TRACE::2025-04-11.15:28:11::SCWPlatform:: Unique name xilinx:zedboard::0.0
TRACE::2025-04-11.15:28:11::SCWPlatform::Trying to set the existing hwdb with name MLZedboard_wrapper_0
TRACE::2025-04-11.15:28:11::SCWPlatform::Opened existing hwdb MLZedboard_wrapper_0
TRACE::2025-04-11.15:28:11::SCWPlatform::Found the Hw Db part of the input DSA
TRACE::2025-04-11.15:28:11::SCWMssOS::Checking the sw design at  /home/student/Documents/cursoML2025/git/ML_FPGA_UNMdP/labs/lab8/Lab8-01/MLZedboard_wrapper/ps7_cortexa9_0/freertos10_xilinx_ps7_cortexa9_0/bsp/system.mss
TRACE::2025-04-11.15:28:11::SCWMssOS::DEBUG:  swdes dump  /home/student/Documents/cursoML2025/git/ML_FPGA_UNMdP/labs/lab8/Lab8-01/MLZedboard_wrapper/ps7_cortexa9_0/freertos10_xilinx_ps7_cortexa9_0/bsp/system.mss|system_0||
/home/student/Documents/cursoML2025/git/ML_FPGA_UNMdP/labs/lab8/Lab8-01/MLZedboard_wrapper/zynq_fsbl/zynq_fsbl_bsp/system.mss|system||

TRACE::2025-04-11.15:28:11::SCWMssOS::Sw design exists and opened at  /home/student/Documents/cursoML2025/git/ML_FPGA_UNMdP/labs/lab8/Lab8-01/MLZedboard_wrapper/ps7_cortexa9_0/freertos10_xilinx_ps7_cortexa9_0/bsp/system.mss
TRACE::2025-04-11.15:28:11::SCWPlatform::Trying to open the hw design at /home/student/Documents/cursoML2025/git/ML_FPGA_UNMdP/labs/lab8/Lab8-01/MLZedboard_wrapper/hw/MLZedboard_wrapper.xsa
TRACE::2025-04-11.15:28:11::SCWPlatform::DSA given /home/student/Documents/cursoML2025/git/ML_FPGA_UNMdP/labs/lab8/Lab8-01/MLZedboard_wrapper/hw/MLZedboard_wrapper.xsa
TRACE::2025-04-11.15:28:11::SCWPlatform::DSA absoulate path /home/student/Documents/cursoML2025/git/ML_FPGA_UNMdP/labs/lab8/Lab8-01/MLZedboard_wrapper/hw/MLZedboard_wrapper.xsa
TRACE::2025-04-11.15:28:11::SCWPlatform::DSA directory /home/student/Documents/cursoML2025/git/ML_FPGA_UNMdP/labs/lab8/Lab8-01/MLZedboard_wrapper/hw
TRACE::2025-04-11.15:28:11::SCWPlatform:: Platform Path /home/student/Documents/cursoML2025/git/ML_FPGA_UNMdP/labs/lab8/Lab8-01/MLZedboard_wrapper/hw/MLZedboard_wrapper.xsa
TRACE::2025-04-11.15:28:11::SCWPlatform:: Unique name xilinx:zedboard::0.0
TRACE::2025-04-11.15:28:11::SCWPlatform::Trying to set the existing hwdb with name MLZedboard_wrapper_0
TRACE::2025-04-11.15:28:11::SCWPlatform::Opened existing hwdb MLZedboard_wrapper_0
TRACE::2025-04-11.15:28:11::SCWPlatform::Found the Hw Db part of the input DSA
TRACE::2025-04-11.15:28:11::SCWMssOS::Checking the sw design at  /home/student/Documents/cursoML2025/git/ML_FPGA_UNMdP/labs/lab8/Lab8-01/MLZedboard_wrapper/ps7_cortexa9_0/freertos10_xilinx_ps7_cortexa9_0/bsp/system.mss
TRACE::2025-04-11.15:28:11::SCWMssOS::DEBUG:  swdes dump  /home/student/Documents/cursoML2025/git/ML_FPGA_UNMdP/labs/lab8/Lab8-01/MLZedboard_wrapper/ps7_cortexa9_0/freertos10_xilinx_ps7_cortexa9_0/bsp/system.mss|system_0||
/home/student/Documents/cursoML2025/git/ML_FPGA_UNMdP/labs/lab8/Lab8-01/MLZedboard_wrapper/zynq_fsbl/zynq_fsbl_bsp/system.mss|system||

TRACE::2025-04-11.15:28:11::SCWMssOS::Sw design exists and opened at  /home/student/Documents/cursoML2025/git/ML_FPGA_UNMdP/labs/lab8/Lab8-01/MLZedboard_wrapper/ps7_cortexa9_0/freertos10_xilinx_ps7_cortexa9_0/bsp/system.mss
TRACE::2025-04-11.15:28:11::SCWWriter::formatted JSON is {
	"platformName":	"MLZedboard_wrapper",
	"sprVersion":	"2.0",
	"mode":	"gui",
	"dsaType":	"Fixed",
	"platformDesc":	"MLZedboard_wrapper",
	"platHandOff":	"<platformDir>.xsa",
	"platIntHandOff":	"<platformDir>/hw/MLZedboard_wrapper.xsa",
	"deviceType":	"zynq",
	"platIsPrebuiltAutogen":	"false",
	"platIsNoBootBsp":	"false",
	"platFsblTarget":	"ps7_cortexa9_0",
	"hasFsblMakeHasChanges":	"false",
	"hasPmufwMakeHasChanges":	"false",
	"fsblExtraCompilerFlags":	"-MMD -MP       -mcpu=cortex-a9 -mfpu=vfpv3 -mfloat-abi=hard ",
	"platPreBuiltFlag":	false,
	"platformSamplesDir":	"",
	"platActiveSys":	"MLZedboard_wrapper",
	"systems":	[{
			"systemName":	"MLZedboard_wrapper",
			"systemDesc":	"MLZedboard_wrapper",
			"sysIsBootAutoGen":	"true",
			"systemDispName":	"MLZedboard_wrapper",
			"sysActiveDom":	"freertos10_xilinx_ps7_cortexa9_0",
			"sysDefaultDom":	"freertos10_xilinx_ps7_cortexa9_0",
			"domains":	[{
					"domainName":	"zynq_fsbl",
					"domainDispName":	"zynq_fsbl",
					"domainDesc":	"FSBL Application BSP - Auto Generated.",
					"processors":	"ps7_cortexa9_0",
					"os":	"standalone",
					"sdxOs":	"standalone",
					"debugEnable":	"",
					"domRuntimes":	["cpp"],
					"swRepo":	"",
					"mssOsVer":	"8.0",
					"mssFile":	"",
					"md5Digest":	"485db049a468bc7a6202088c4dc8152a",
					"compatibleApp":	"zynq_fsbl",
					"domType":	"bootDomain",
					"arch":	"32-bit",
					"appSettings":	{
						"appCompilerFlags":	"",
						"appLinkerFlags":	""
					},
					"addedLibs":	["xilffs:4.8", "xilrsa:1.6"],
					"libOptions":	{
						"libsContainingOptions":	[]
					},
					"prebuiltLibs":	{
						"prebuiltIncPath":	[],
						"prebuiltLibPath":	[]
					},
					"isolation":	{
					}
				}, {
					"domainName":	"freertos10_xilinx_ps7_cortexa9_0",
					"domainDispName":	"freertos10_xilinx_ps7_cortexa9_0",
					"domainDesc":	"freertos10_xilinx_ps7_cortexa9_0",
					"processors":	"ps7_cortexa9_0",
					"os":	"standalone",
					"sdxOs":	"standalone",
					"qemuArgs":	"<platformDir>/resources/MLZedboard_wrapper/freertos10_xilinx_ps7_cortexa9_0/qemu_args.txt",
					"qemuData":	"<platformDir>/resources/MLZedboard_wrapper/freertos10_xilinx_ps7_cortexa9_0/qemu",
					"debugEnable":	"False",
					"domRuntimes":	["cpp"],
					"swRepo":	"",
					"mssOsVer":	"8.0",
					"mssFile":	"",
					"md5Digest":	"698f89bf8e3b0481c4918f6f9c441acd",
					"compatibleApp":	"hello_world",
					"domType":	"mssDomain",
					"arch":	"32-bit",
					"appSettings":	{
						"appCompilerFlags":	"",
						"appLinkerFlags":	""
					},
					"addedLibs":	[],
					"libOptions":	{
						"libsContainingOptions":	[]
					},
					"prebuiltLibs":	{
						"prebuiltIncPath":	[],
						"prebuiltLibPath":	[]
					},
					"isolation":	{
					}
				}]
		}]
}
TRACE::2025-04-11.15:28:11::SCWPlatform::Trying to open the hw design at /home/student/Documents/cursoML2025/git/ML_FPGA_UNMdP/labs/lab8/Lab8-01/MLZedboard_wrapper/hw/MLZedboard_wrapper.xsa
TRACE::2025-04-11.15:28:11::SCWPlatform::DSA given /home/student/Documents/cursoML2025/git/ML_FPGA_UNMdP/labs/lab8/Lab8-01/MLZedboard_wrapper/hw/MLZedboard_wrapper.xsa
TRACE::2025-04-11.15:28:11::SCWPlatform::DSA absoulate path /home/student/Documents/cursoML2025/git/ML_FPGA_UNMdP/labs/lab8/Lab8-01/MLZedboard_wrapper/hw/MLZedboard_wrapper.xsa
TRACE::2025-04-11.15:28:11::SCWPlatform::DSA directory /home/student/Documents/cursoML2025/git/ML_FPGA_UNMdP/labs/lab8/Lab8-01/MLZedboard_wrapper/hw
TRACE::2025-04-11.15:28:11::SCWPlatform:: Platform Path /home/student/Documents/cursoML2025/git/ML_FPGA_UNMdP/labs/lab8/Lab8-01/MLZedboard_wrapper/hw/MLZedboard_wrapper.xsa
TRACE::2025-04-11.15:28:11::SCWPlatform:: Unique name xilinx:zedboard::0.0
TRACE::2025-04-11.15:28:11::SCWPlatform::Trying to set the existing hwdb with name MLZedboard_wrapper_0
TRACE::2025-04-11.15:28:11::SCWPlatform::Opened existing hwdb MLZedboard_wrapper_0
TRACE::2025-04-11.15:28:11::SCWPlatform::Found the Hw Db part of the input DSA
TRACE::2025-04-11.15:28:11::SCWMssOS::Checking the sw design at  /home/student/Documents/cursoML2025/git/ML_FPGA_UNMdP/labs/lab8/Lab8-01/MLZedboard_wrapper/ps7_cortexa9_0/freertos10_xilinx_ps7_cortexa9_0/bsp/system.mss
TRACE::2025-04-11.15:28:11::SCWMssOS::DEBUG:  swdes dump  /home/student/Documents/cursoML2025/git/ML_FPGA_UNMdP/labs/lab8/Lab8-01/MLZedboard_wrapper/ps7_cortexa9_0/freertos10_xilinx_ps7_cortexa9_0/bsp/system.mss|system_0||
/home/student/Documents/cursoML2025/git/ML_FPGA_UNMdP/labs/lab8/Lab8-01/MLZedboard_wrapper/zynq_fsbl/zynq_fsbl_bsp/system.mss|system||

TRACE::2025-04-11.15:28:11::SCWMssOS::Sw design exists and opened at  /home/student/Documents/cursoML2025/git/ML_FPGA_UNMdP/labs/lab8/Lab8-01/MLZedboard_wrapper/ps7_cortexa9_0/freertos10_xilinx_ps7_cortexa9_0/bsp/system.mss
TRACE::2025-04-11.15:28:11::SCWPlatform::Trying to open the hw design at /home/student/Documents/cursoML2025/git/ML_FPGA_UNMdP/labs/lab8/Lab8-01/MLZedboard_wrapper/hw/MLZedboard_wrapper.xsa
TRACE::2025-04-11.15:28:11::SCWPlatform::DSA given /home/student/Documents/cursoML2025/git/ML_FPGA_UNMdP/labs/lab8/Lab8-01/MLZedboard_wrapper/hw/MLZedboard_wrapper.xsa
TRACE::2025-04-11.15:28:11::SCWPlatform::DSA absoulate path /home/student/Documents/cursoML2025/git/ML_FPGA_UNMdP/labs/lab8/Lab8-01/MLZedboard_wrapper/hw/MLZedboard_wrapper.xsa
TRACE::2025-04-11.15:28:11::SCWPlatform::DSA directory /home/student/Documents/cursoML2025/git/ML_FPGA_UNMdP/labs/lab8/Lab8-01/MLZedboard_wrapper/hw
TRACE::2025-04-11.15:28:11::SCWPlatform:: Platform Path /home/student/Documents/cursoML2025/git/ML_FPGA_UNMdP/labs/lab8/Lab8-01/MLZedboard_wrapper/hw/MLZedboard_wrapper.xsa
TRACE::2025-04-11.15:28:11::SCWPlatform:: Unique name xilinx:zedboard::0.0
TRACE::2025-04-11.15:28:11::SCWPlatform::Trying to set the existing hwdb with name MLZedboard_wrapper_0
TRACE::2025-04-11.15:28:11::SCWPlatform::Opened existing hwdb MLZedboard_wrapper_0
TRACE::2025-04-11.15:28:11::SCWPlatform::Found the Hw Db part of the input DSA
TRACE::2025-04-11.15:28:11::SCWMssOS::Checking the sw design at  /home/student/Documents/cursoML2025/git/ML_FPGA_UNMdP/labs/lab8/Lab8-01/MLZedboard_wrapper/ps7_cortexa9_0/freertos10_xilinx_ps7_cortexa9_0/bsp/system.mss
TRACE::2025-04-11.15:28:11::SCWMssOS::DEBUG:  swdes dump  /home/student/Documents/cursoML2025/git/ML_FPGA_UNMdP/labs/lab8/Lab8-01/MLZedboard_wrapper/ps7_cortexa9_0/freertos10_xilinx_ps7_cortexa9_0/bsp/system.mss|system_0||
/home/student/Documents/cursoML2025/git/ML_FPGA_UNMdP/labs/lab8/Lab8-01/MLZedboard_wrapper/zynq_fsbl/zynq_fsbl_bsp/system.mss|system||

TRACE::2025-04-11.15:28:11::SCWMssOS::Sw design exists and opened at  /home/student/Documents/cursoML2025/git/ML_FPGA_UNMdP/labs/lab8/Lab8-01/MLZedboard_wrapper/ps7_cortexa9_0/freertos10_xilinx_ps7_cortexa9_0/bsp/system.mss
TRACE::2025-04-11.15:28:11::SCWMssOS::Saving the mss changes /home/student/Documents/cursoML2025/git/ML_FPGA_UNMdP/labs/lab8/Lab8-01/MLZedboard_wrapper/zynq_fsbl/zynq_fsbl_bsp/system.mss
TRACE::2025-04-11.15:28:11::SCWMssOS::Found a swdesign opened with the mssfile.
TRACE::2025-04-11.15:28:11::SCWMssOS::Completed writemss as part of save.
TRACE::2025-04-11.15:28:11::SCWMssOS::Commit changes completed.
TRACE::2025-04-11.15:28:11::SCWMssOS::Saving the mss changes /home/student/Documents/cursoML2025/git/ML_FPGA_UNMdP/labs/lab8/Lab8-01/MLZedboard_wrapper/ps7_cortexa9_0/freertos10_xilinx_ps7_cortexa9_0/bsp/system.mss
TRACE::2025-04-11.15:28:11::SCWMssOS::Found a swdesign opened with the mssfile.
TRACE::2025-04-11.15:28:11::SCWMssOS::Completed writemss as part of save.
TRACE::2025-04-11.15:28:11::SCWMssOS::Commit changes completed.
TRACE::2025-04-11.15:28:11::SCWPlatform::Trying to open the hw design at /home/student/Documents/cursoML2025/git/ML_FPGA_UNMdP/labs/lab8/Lab8-01/MLZedboard_wrapper/hw/MLZedboard_wrapper.xsa
TRACE::2025-04-11.15:28:11::SCWPlatform::DSA given /home/student/Documents/cursoML2025/git/ML_FPGA_UNMdP/labs/lab8/Lab8-01/MLZedboard_wrapper/hw/MLZedboard_wrapper.xsa
TRACE::2025-04-11.15:28:11::SCWPlatform::DSA absoulate path /home/student/Documents/cursoML2025/git/ML_FPGA_UNMdP/labs/lab8/Lab8-01/MLZedboard_wrapper/hw/MLZedboard_wrapper.xsa
TRACE::2025-04-11.15:28:11::SCWPlatform::DSA directory /home/student/Documents/cursoML2025/git/ML_FPGA_UNMdP/labs/lab8/Lab8-01/MLZedboard_wrapper/hw
TRACE::2025-04-11.15:28:11::SCWPlatform:: Platform Path /home/student/Documents/cursoML2025/git/ML_FPGA_UNMdP/labs/lab8/Lab8-01/MLZedboard_wrapper/hw/MLZedboard_wrapper.xsa
TRACE::2025-04-11.15:28:11::SCWPlatform:: Unique name xilinx:zedboard::0.0
TRACE::2025-04-11.15:28:11::SCWPlatform::Trying to set the existing hwdb with name MLZedboard_wrapper_0
TRACE::2025-04-11.15:28:11::SCWPlatform::Opened existing hwdb MLZedboard_wrapper_0
TRACE::2025-04-11.15:28:11::SCWPlatform::Found the Hw Db part of the input DSA
TRACE::2025-04-11.15:28:11::SCWMssOS::Checking the sw design at  /home/student/Documents/cursoML2025/git/ML_FPGA_UNMdP/labs/lab8/Lab8-01/MLZedboard_wrapper/zynq_fsbl/zynq_fsbl_bsp/system.mss
TRACE::2025-04-11.15:28:11::SCWMssOS::DEBUG:  swdes dump  /home/student/Documents/cursoML2025/git/ML_FPGA_UNMdP/labs/lab8/Lab8-01/MLZedboard_wrapper/ps7_cortexa9_0/freertos10_xilinx_ps7_cortexa9_0/bsp/system.mss|system_0||
/home/student/Documents/cursoML2025/git/ML_FPGA_UNMdP/labs/lab8/Lab8-01/MLZedboard_wrapper/zynq_fsbl/zynq_fsbl_bsp/system.mss|system||

TRACE::2025-04-11.15:28:11::SCWMssOS::Sw design exists and opened at  /home/student/Documents/cursoML2025/git/ML_FPGA_UNMdP/labs/lab8/Lab8-01/MLZedboard_wrapper/zynq_fsbl/zynq_fsbl_bsp/system.mss
TRACE::2025-04-11.15:28:11::SCWPlatform::Trying to open the hw design at /home/student/Documents/cursoML2025/git/ML_FPGA_UNMdP/labs/lab8/Lab8-01/MLZedboard_wrapper/hw/MLZedboard_wrapper.xsa
TRACE::2025-04-11.15:28:11::SCWPlatform::DSA given /home/student/Documents/cursoML2025/git/ML_FPGA_UNMdP/labs/lab8/Lab8-01/MLZedboard_wrapper/hw/MLZedboard_wrapper.xsa
TRACE::2025-04-11.15:28:11::SCWPlatform::DSA absoulate path /home/student/Documents/cursoML2025/git/ML_FPGA_UNMdP/labs/lab8/Lab8-01/MLZedboard_wrapper/hw/MLZedboard_wrapper.xsa
TRACE::2025-04-11.15:28:11::SCWPlatform::DSA directory /home/student/Documents/cursoML2025/git/ML_FPGA_UNMdP/labs/lab8/Lab8-01/MLZedboard_wrapper/hw
TRACE::2025-04-11.15:28:11::SCWPlatform:: Platform Path /home/student/Documents/cursoML2025/git/ML_FPGA_UNMdP/labs/lab8/Lab8-01/MLZedboard_wrapper/hw/MLZedboard_wrapper.xsa
TRACE::2025-04-11.15:28:11::SCWPlatform:: Unique name xilinx:zedboard::0.0
TRACE::2025-04-11.15:28:11::SCWPlatform::Trying to set the existing hwdb with name MLZedboard_wrapper_0
TRACE::2025-04-11.15:28:11::SCWPlatform::Opened existing hwdb MLZedboard_wrapper_0
TRACE::2025-04-11.15:28:11::SCWPlatform::Found the Hw Db part of the input DSA
TRACE::2025-04-11.15:28:11::SCWMssOS::Checking the sw design at  /home/student/Documents/cursoML2025/git/ML_FPGA_UNMdP/labs/lab8/Lab8-01/MLZedboard_wrapper/zynq_fsbl/zynq_fsbl_bsp/system.mss
TRACE::2025-04-11.15:28:11::SCWMssOS::DEBUG:  swdes dump  /home/student/Documents/cursoML2025/git/ML_FPGA_UNMdP/labs/lab8/Lab8-01/MLZedboard_wrapper/ps7_cortexa9_0/freertos10_xilinx_ps7_cortexa9_0/bsp/system.mss|system_0||
/home/student/Documents/cursoML2025/git/ML_FPGA_UNMdP/labs/lab8/Lab8-01/MLZedboard_wrapper/zynq_fsbl/zynq_fsbl_bsp/system.mss|system||

TRACE::2025-04-11.15:28:11::SCWMssOS::Sw design exists and opened at  /home/student/Documents/cursoML2025/git/ML_FPGA_UNMdP/labs/lab8/Lab8-01/MLZedboard_wrapper/zynq_fsbl/zynq_fsbl_bsp/system.mss
TRACE::2025-04-11.15:28:11::SCWPlatform::Trying to open the hw design at /home/student/Documents/cursoML2025/git/ML_FPGA_UNMdP/labs/lab8/Lab8-01/MLZedboard_wrapper/hw/MLZedboard_wrapper.xsa
TRACE::2025-04-11.15:28:11::SCWPlatform::DSA given /home/student/Documents/cursoML2025/git/ML_FPGA_UNMdP/labs/lab8/Lab8-01/MLZedboard_wrapper/hw/MLZedboard_wrapper.xsa
TRACE::2025-04-11.15:28:11::SCWPlatform::DSA absoulate path /home/student/Documents/cursoML2025/git/ML_FPGA_UNMdP/labs/lab8/Lab8-01/MLZedboard_wrapper/hw/MLZedboard_wrapper.xsa
TRACE::2025-04-11.15:28:11::SCWPlatform::DSA directory /home/student/Documents/cursoML2025/git/ML_FPGA_UNMdP/labs/lab8/Lab8-01/MLZedboard_wrapper/hw
TRACE::2025-04-11.15:28:11::SCWPlatform:: Platform Path /home/student/Documents/cursoML2025/git/ML_FPGA_UNMdP/labs/lab8/Lab8-01/MLZedboard_wrapper/hw/MLZedboard_wrapper.xsa
TRACE::2025-04-11.15:28:11::SCWPlatform:: Unique name xilinx:zedboard::0.0
TRACE::2025-04-11.15:28:11::SCWPlatform::Trying to set the existing hwdb with name MLZedboard_wrapper_0
TRACE::2025-04-11.15:28:11::SCWPlatform::Opened existing hwdb MLZedboard_wrapper_0
TRACE::2025-04-11.15:28:11::SCWPlatform::Found the Hw Db part of the input DSA
TRACE::2025-04-11.15:28:11::SCWMssOS::Checking the sw design at  /home/student/Documents/cursoML2025/git/ML_FPGA_UNMdP/labs/lab8/Lab8-01/MLZedboard_wrapper/zynq_fsbl/zynq_fsbl_bsp/system.mss
TRACE::2025-04-11.15:28:11::SCWMssOS::DEBUG:  swdes dump  /home/student/Documents/cursoML2025/git/ML_FPGA_UNMdP/labs/lab8/Lab8-01/MLZedboard_wrapper/ps7_cortexa9_0/freertos10_xilinx_ps7_cortexa9_0/bsp/system.mss|system_0||
/home/student/Documents/cursoML2025/git/ML_FPGA_UNMdP/labs/lab8/Lab8-01/MLZedboard_wrapper/zynq_fsbl/zynq_fsbl_bsp/system.mss|system||

TRACE::2025-04-11.15:28:11::SCWMssOS::Sw design exists and opened at  /home/student/Documents/cursoML2025/git/ML_FPGA_UNMdP/labs/lab8/Lab8-01/MLZedboard_wrapper/zynq_fsbl/zynq_fsbl_bsp/system.mss
TRACE::2025-04-11.15:28:11::SCWPlatform::Trying to open the hw design at /home/student/Documents/cursoML2025/git/ML_FPGA_UNMdP/labs/lab8/Lab8-01/MLZedboard_wrapper/hw/MLZedboard_wrapper.xsa
TRACE::2025-04-11.15:28:11::SCWPlatform::DSA given /home/student/Documents/cursoML2025/git/ML_FPGA_UNMdP/labs/lab8/Lab8-01/MLZedboard_wrapper/hw/MLZedboard_wrapper.xsa
TRACE::2025-04-11.15:28:11::SCWPlatform::DSA absoulate path /home/student/Documents/cursoML2025/git/ML_FPGA_UNMdP/labs/lab8/Lab8-01/MLZedboard_wrapper/hw/MLZedboard_wrapper.xsa
TRACE::2025-04-11.15:28:11::SCWPlatform::DSA directory /home/student/Documents/cursoML2025/git/ML_FPGA_UNMdP/labs/lab8/Lab8-01/MLZedboard_wrapper/hw
TRACE::2025-04-11.15:28:11::SCWPlatform:: Platform Path /home/student/Documents/cursoML2025/git/ML_FPGA_UNMdP/labs/lab8/Lab8-01/MLZedboard_wrapper/hw/MLZedboard_wrapper.xsa
TRACE::2025-04-11.15:28:11::SCWPlatform:: Unique name xilinx:zedboard::0.0
TRACE::2025-04-11.15:28:11::SCWPlatform::Trying to set the existing hwdb with name MLZedboard_wrapper_0
TRACE::2025-04-11.15:28:11::SCWPlatform::Opened existing hwdb MLZedboard_wrapper_0
TRACE::2025-04-11.15:28:11::SCWPlatform::Found the Hw Db part of the input DSA
TRACE::2025-04-11.15:28:11::SCWMssOS::Checking the sw design at  /home/student/Documents/cursoML2025/git/ML_FPGA_UNMdP/labs/lab8/Lab8-01/MLZedboard_wrapper/ps7_cortexa9_0/freertos10_xilinx_ps7_cortexa9_0/bsp/system.mss
TRACE::2025-04-11.15:28:11::SCWMssOS::DEBUG:  swdes dump  /home/student/Documents/cursoML2025/git/ML_FPGA_UNMdP/labs/lab8/Lab8-01/MLZedboard_wrapper/ps7_cortexa9_0/freertos10_xilinx_ps7_cortexa9_0/bsp/system.mss|system_0||
/home/student/Documents/cursoML2025/git/ML_FPGA_UNMdP/labs/lab8/Lab8-01/MLZedboard_wrapper/zynq_fsbl/zynq_fsbl_bsp/system.mss|system||

TRACE::2025-04-11.15:28:11::SCWMssOS::Sw design exists and opened at  /home/student/Documents/cursoML2025/git/ML_FPGA_UNMdP/labs/lab8/Lab8-01/MLZedboard_wrapper/ps7_cortexa9_0/freertos10_xilinx_ps7_cortexa9_0/bsp/system.mss
TRACE::2025-04-11.15:28:11::SCWPlatform::Trying to open the hw design at /home/student/Documents/cursoML2025/git/ML_FPGA_UNMdP/labs/lab8/Lab8-01/MLZedboard_wrapper/hw/MLZedboard_wrapper.xsa
TRACE::2025-04-11.15:28:11::SCWPlatform::DSA given /home/student/Documents/cursoML2025/git/ML_FPGA_UNMdP/labs/lab8/Lab8-01/MLZedboard_wrapper/hw/MLZedboard_wrapper.xsa
TRACE::2025-04-11.15:28:11::SCWPlatform::DSA absoulate path /home/student/Documents/cursoML2025/git/ML_FPGA_UNMdP/labs/lab8/Lab8-01/MLZedboard_wrapper/hw/MLZedboard_wrapper.xsa
TRACE::2025-04-11.15:28:11::SCWPlatform::DSA directory /home/student/Documents/cursoML2025/git/ML_FPGA_UNMdP/labs/lab8/Lab8-01/MLZedboard_wrapper/hw
TRACE::2025-04-11.15:28:11::SCWPlatform:: Platform Path /home/student/Documents/cursoML2025/git/ML_FPGA_UNMdP/labs/lab8/Lab8-01/MLZedboard_wrapper/hw/MLZedboard_wrapper.xsa
TRACE::2025-04-11.15:28:11::SCWPlatform:: Unique name xilinx:zedboard::0.0
TRACE::2025-04-11.15:28:11::SCWPlatform::Trying to set the existing hwdb with name MLZedboard_wrapper_0
TRACE::2025-04-11.15:28:11::SCWPlatform::Opened existing hwdb MLZedboard_wrapper_0
TRACE::2025-04-11.15:28:11::SCWPlatform::Found the Hw Db part of the input DSA
TRACE::2025-04-11.15:28:11::SCWMssOS::Checking the sw design at  /home/student/Documents/cursoML2025/git/ML_FPGA_UNMdP/labs/lab8/Lab8-01/MLZedboard_wrapper/ps7_cortexa9_0/freertos10_xilinx_ps7_cortexa9_0/bsp/system.mss
TRACE::2025-04-11.15:28:11::SCWMssOS::DEBUG:  swdes dump  /home/student/Documents/cursoML2025/git/ML_FPGA_UNMdP/labs/lab8/Lab8-01/MLZedboard_wrapper/ps7_cortexa9_0/freertos10_xilinx_ps7_cortexa9_0/bsp/system.mss|system_0||
/home/student/Documents/cursoML2025/git/ML_FPGA_UNMdP/labs/lab8/Lab8-01/MLZedboard_wrapper/zynq_fsbl/zynq_fsbl_bsp/system.mss|system||

TRACE::2025-04-11.15:28:11::SCWMssOS::Sw design exists and opened at  /home/student/Documents/cursoML2025/git/ML_FPGA_UNMdP/labs/lab8/Lab8-01/MLZedboard_wrapper/ps7_cortexa9_0/freertos10_xilinx_ps7_cortexa9_0/bsp/system.mss
TRACE::2025-04-11.15:28:11::SCWPlatform::Trying to open the hw design at /home/student/Documents/cursoML2025/git/ML_FPGA_UNMdP/labs/lab8/Lab8-01/MLZedboard_wrapper/hw/MLZedboard_wrapper.xsa
TRACE::2025-04-11.15:28:11::SCWPlatform::DSA given /home/student/Documents/cursoML2025/git/ML_FPGA_UNMdP/labs/lab8/Lab8-01/MLZedboard_wrapper/hw/MLZedboard_wrapper.xsa
TRACE::2025-04-11.15:28:11::SCWPlatform::DSA absoulate path /home/student/Documents/cursoML2025/git/ML_FPGA_UNMdP/labs/lab8/Lab8-01/MLZedboard_wrapper/hw/MLZedboard_wrapper.xsa
TRACE::2025-04-11.15:28:11::SCWPlatform::DSA directory /home/student/Documents/cursoML2025/git/ML_FPGA_UNMdP/labs/lab8/Lab8-01/MLZedboard_wrapper/hw
TRACE::2025-04-11.15:28:11::SCWPlatform:: Platform Path /home/student/Documents/cursoML2025/git/ML_FPGA_UNMdP/labs/lab8/Lab8-01/MLZedboard_wrapper/hw/MLZedboard_wrapper.xsa
TRACE::2025-04-11.15:28:11::SCWPlatform:: Unique name xilinx:zedboard::0.0
TRACE::2025-04-11.15:28:11::SCWPlatform::Trying to set the existing hwdb with name MLZedboard_wrapper_0
TRACE::2025-04-11.15:28:11::SCWPlatform::Opened existing hwdb MLZedboard_wrapper_0
TRACE::2025-04-11.15:28:11::SCWPlatform::Found the Hw Db part of the input DSA
TRACE::2025-04-11.15:28:11::SCWMssOS::Checking the sw design at  /home/student/Documents/cursoML2025/git/ML_FPGA_UNMdP/labs/lab8/Lab8-01/MLZedboard_wrapper/ps7_cortexa9_0/freertos10_xilinx_ps7_cortexa9_0/bsp/system.mss
TRACE::2025-04-11.15:28:11::SCWMssOS::DEBUG:  swdes dump  /home/student/Documents/cursoML2025/git/ML_FPGA_UNMdP/labs/lab8/Lab8-01/MLZedboard_wrapper/ps7_cortexa9_0/freertos10_xilinx_ps7_cortexa9_0/bsp/system.mss|system_0||
/home/student/Documents/cursoML2025/git/ML_FPGA_UNMdP/labs/lab8/Lab8-01/MLZedboard_wrapper/zynq_fsbl/zynq_fsbl_bsp/system.mss|system||

TRACE::2025-04-11.15:28:11::SCWMssOS::Sw design exists and opened at  /home/student/Documents/cursoML2025/git/ML_FPGA_UNMdP/labs/lab8/Lab8-01/MLZedboard_wrapper/ps7_cortexa9_0/freertos10_xilinx_ps7_cortexa9_0/bsp/system.mss
TRACE::2025-04-11.15:28:11::SCWWriter::formatted JSON is {
	"platformName":	"MLZedboard_wrapper",
	"sprVersion":	"2.0",
	"mode":	"gui",
	"dsaType":	"Fixed",
	"platformDesc":	"MLZedboard_wrapper",
	"platHandOff":	"<platformDir>.xsa",
	"platIntHandOff":	"<platformDir>/hw/MLZedboard_wrapper.xsa",
	"deviceType":	"zynq",
	"platIsPrebuiltAutogen":	"false",
	"platIsNoBootBsp":	"false",
	"platFsblTarget":	"ps7_cortexa9_0",
	"hasFsblMakeHasChanges":	"false",
	"hasPmufwMakeHasChanges":	"false",
	"fsblExtraCompilerFlags":	"-MMD -MP       -mcpu=cortex-a9 -mfpu=vfpv3 -mfloat-abi=hard ",
	"platPreBuiltFlag":	false,
	"platformSamplesDir":	"",
	"platActiveSys":	"MLZedboard_wrapper",
	"systems":	[{
			"systemName":	"MLZedboard_wrapper",
			"systemDesc":	"MLZedboard_wrapper",
			"sysIsBootAutoGen":	"true",
			"systemDispName":	"MLZedboard_wrapper",
			"sysActiveDom":	"freertos10_xilinx_ps7_cortexa9_0",
			"sysDefaultDom":	"freertos10_xilinx_ps7_cortexa9_0",
			"domains":	[{
					"domainName":	"zynq_fsbl",
					"domainDispName":	"zynq_fsbl",
					"domainDesc":	"FSBL Application BSP - Auto Generated.",
					"processors":	"ps7_cortexa9_0",
					"os":	"standalone",
					"sdxOs":	"standalone",
					"debugEnable":	"",
					"domRuntimes":	["cpp"],
					"swRepo":	"",
					"mssOsVer":	"8.0",
					"mssFile":	"",
					"md5Digest":	"485db049a468bc7a6202088c4dc8152a",
					"compatibleApp":	"zynq_fsbl",
					"domType":	"bootDomain",
					"arch":	"32-bit",
					"appSettings":	{
						"appCompilerFlags":	"",
						"appLinkerFlags":	""
					},
					"addedLibs":	["xilffs:4.8", "xilrsa:1.6"],
					"libOptions":	{
						"libsContainingOptions":	[]
					},
					"prebuiltLibs":	{
						"prebuiltIncPath":	[],
						"prebuiltLibPath":	[]
					},
					"isolation":	{
					}
				}, {
					"domainName":	"freertos10_xilinx_ps7_cortexa9_0",
					"domainDispName":	"freertos10_xilinx_ps7_cortexa9_0",
					"domainDesc":	"freertos10_xilinx_ps7_cortexa9_0",
					"processors":	"ps7_cortexa9_0",
					"os":	"standalone",
					"sdxOs":	"standalone",
					"qemuArgs":	"<platformDir>/resources/MLZedboard_wrapper/freertos10_xilinx_ps7_cortexa9_0/qemu_args.txt",
					"qemuData":	"<platformDir>/resources/MLZedboard_wrapper/freertos10_xilinx_ps7_cortexa9_0/qemu",
					"debugEnable":	"False",
					"domRuntimes":	["cpp"],
					"swRepo":	"",
					"mssOsVer":	"8.0",
					"mssFile":	"",
					"md5Digest":	"698f89bf8e3b0481c4918f6f9c441acd",
					"compatibleApp":	"hello_world",
					"domType":	"mssDomain",
					"arch":	"32-bit",
					"appSettings":	{
						"appCompilerFlags":	"",
						"appLinkerFlags":	""
					},
					"addedLibs":	[],
					"libOptions":	{
						"libsContainingOptions":	[]
					},
					"prebuiltLibs":	{
						"prebuiltIncPath":	[],
						"prebuiltLibPath":	[]
					},
					"isolation":	{
					}
				}]
		}]
}
LOG::2025-04-11.15:28:11::SCWPlatform::Started generating the artifacts platform MLZedboard_wrapper
TRACE::2025-04-11.15:28:11::SCWPlatform::Sanity checking of platform is completed
LOG::2025-04-11.15:28:11::SCWPlatform::Started generating the artifacts for system configuration MLZedboard_wrapper
LOG::2025-04-11.15:28:11::SCWSystem::Started Processing the domain freertos10_xilinx_ps7_cortexa9_0
TRACE::2025-04-11.15:28:11::SCWDomain::Generating domain artifcats
TRACE::2025-04-11.15:28:11::SCWMssOS::Generating standalone artifcats
TRACE::2025-04-11.15:28:11::SCWMssOS::Copying the qemu file from  /home/student/Documents/cursoML2025/git/ML_FPGA_UNMdP/labs/lab8/Lab8-01/MLZedboard_wrapper/resources/MLZedboard_wrapper/freertos10_xilinx_ps7_cortexa9_0/qemu_args.txt To /home/student/Documents/cursoML2025/git/ML_FPGA_UNMdP/labs/lab8/Lab8-01/MLZedboard_wrapper/export/MLZedboard_wrapper/sw/MLZedboard_wrapper/qemu/
TRACE::2025-04-11.15:28:11::SCWMssOS::Copying the qemu file from  /home/student/Documents/cursoML2025/git/ML_FPGA_UNMdP/labs/lab8/Lab8-01/MLZedboard_wrapper/resources/MLZedboard_wrapper/freertos10_xilinx_ps7_cortexa9_0/qemu_args.txt To /home/student/Documents/cursoML2025/git/ML_FPGA_UNMdP/labs/lab8/Lab8-01/MLZedboard_wrapper/export/MLZedboard_wrapper/sw/MLZedboard_wrapper/freertos10_xilinx_ps7_cortexa9_0/qemu/
TRACE::2025-04-11.15:28:11::SCWMssOS:: Copying the user libraries. 
TRACE::2025-04-11.15:28:11::SCWPlatform::Trying to open the hw design at /home/student/Documents/cursoML2025/git/ML_FPGA_UNMdP/labs/lab8/Lab8-01/MLZedboard_wrapper/hw/MLZedboard_wrapper.xsa
TRACE::2025-04-11.15:28:11::SCWPlatform::DSA given /home/student/Documents/cursoML2025/git/ML_FPGA_UNMdP/labs/lab8/Lab8-01/MLZedboard_wrapper/hw/MLZedboard_wrapper.xsa
TRACE::2025-04-11.15:28:11::SCWPlatform::DSA absoulate path /home/student/Documents/cursoML2025/git/ML_FPGA_UNMdP/labs/lab8/Lab8-01/MLZedboard_wrapper/hw/MLZedboard_wrapper.xsa
TRACE::2025-04-11.15:28:11::SCWPlatform::DSA directory /home/student/Documents/cursoML2025/git/ML_FPGA_UNMdP/labs/lab8/Lab8-01/MLZedboard_wrapper/hw
TRACE::2025-04-11.15:28:11::SCWPlatform:: Platform Path /home/student/Documents/cursoML2025/git/ML_FPGA_UNMdP/labs/lab8/Lab8-01/MLZedboard_wrapper/hw/MLZedboard_wrapper.xsa
TRACE::2025-04-11.15:28:11::SCWPlatform:: Unique name xilinx:zedboard::0.0
TRACE::2025-04-11.15:28:11::SCWPlatform::Trying to set the existing hwdb with name MLZedboard_wrapper_0
TRACE::2025-04-11.15:28:11::SCWPlatform::Opened existing hwdb MLZedboard_wrapper_0
TRACE::2025-04-11.15:28:11::SCWPlatform::Found the Hw Db part of the input DSA
TRACE::2025-04-11.15:28:11::SCWMssOS::Checking the sw design at  /home/student/Documents/cursoML2025/git/ML_FPGA_UNMdP/labs/lab8/Lab8-01/MLZedboard_wrapper/ps7_cortexa9_0/freertos10_xilinx_ps7_cortexa9_0/bsp/system.mss
TRACE::2025-04-11.15:28:11::SCWMssOS::DEBUG:  swdes dump  /home/student/Documents/cursoML2025/git/ML_FPGA_UNMdP/labs/lab8/Lab8-01/MLZedboard_wrapper/ps7_cortexa9_0/freertos10_xilinx_ps7_cortexa9_0/bsp/system.mss|system_0||
/home/student/Documents/cursoML2025/git/ML_FPGA_UNMdP/labs/lab8/Lab8-01/MLZedboard_wrapper/zynq_fsbl/zynq_fsbl_bsp/system.mss|system||

TRACE::2025-04-11.15:28:11::SCWMssOS::Sw design exists and opened at  /home/student/Documents/cursoML2025/git/ML_FPGA_UNMdP/labs/lab8/Lab8-01/MLZedboard_wrapper/ps7_cortexa9_0/freertos10_xilinx_ps7_cortexa9_0/bsp/system.mss
TRACE::2025-04-11.15:28:11::SCWMssOS::Completed writing the mss file at /home/student/Documents/cursoML2025/git/ML_FPGA_UNMdP/labs/lab8/Lab8-01/MLZedboard_wrapper/ps7_cortexa9_0/freertos10_xilinx_ps7_cortexa9_0/bsp
TRACE::2025-04-11.15:28:11::SCWMssOS::Mss edits present, copying mssfile into export location /home/student/Documents/cursoML2025/git/ML_FPGA_UNMdP/labs/lab8/Lab8-01/MLZedboard_wrapper/ps7_cortexa9_0/freertos10_xilinx_ps7_cortexa9_0/bsp/system.mss
TRACE::2025-04-11.15:28:11::SCWMssOS::bsp generated is upto date with the mss file. Skipping bsp generation.
TRACE::2025-04-11.15:28:11::SCWMssOS::BSP is already built. skipping the bsp build ... 
TRACE::2025-04-11.15:28:11::SCWDomain::Building the domain as part of full build :  freertos10_xilinx_ps7_cortexa9_0
TRACE::2025-04-11.15:28:11::SCWMssOS::skipping the bsp build ... 
TRACE::2025-04-11.15:28:11::SCWMssOS::Copying to export directory.
TRACE::2025-04-11.15:28:11::SCWMssOS:: Checking if to create the Supporting Applications
TRACE::2025-04-11.15:28:11::SCWMssOS:: No Linux domain exists, trying to generate FSBL 
TRACE::2025-04-11.15:28:11::SCWMssOS:: Completed Standalone Artifacts creation 
LOG::2025-04-11.15:28:11::SCWSystem::Completed Processing the domain freertos10_xilinx_ps7_cortexa9_0
LOG::2025-04-11.15:28:11::SCWSystem::Completed Processing the sysconfig MLZedboard_wrapper
LOG::2025-04-11.15:28:11::SCWPlatform::Completed generating the artifacts for system configuration MLZedboard_wrapper
TRACE::2025-04-11.15:28:11::SCWPlatform::Started preparing the platform 
TRACE::2025-04-11.15:28:11::SCWSystem::Writing the bif file for system config MLZedboard_wrapper
TRACE::2025-04-11.15:28:11::SCWSystem::dir created 
TRACE::2025-04-11.15:28:11::SCWSystem::Writing the bif 
TRACE::2025-04-11.15:28:11::SCWPlatform::Started writing the spfm file 
TRACE::2025-04-11.15:28:11::SCWPlatform::Started writing the xpfm file 
TRACE::2025-04-11.15:28:11::SCWPlatform::Completed generating the platform
TRACE::2025-04-11.15:28:11::SCWMssOS::Saving the mss changes /home/student/Documents/cursoML2025/git/ML_FPGA_UNMdP/labs/lab8/Lab8-01/MLZedboard_wrapper/zynq_fsbl/zynq_fsbl_bsp/system.mss
TRACE::2025-04-11.15:28:11::SCWMssOS::Found a swdesign opened with the mssfile.
TRACE::2025-04-11.15:28:11::SCWMssOS::Completed writemss as part of save.
TRACE::2025-04-11.15:28:11::SCWMssOS::Commit changes completed.
TRACE::2025-04-11.15:28:11::SCWMssOS::Saving the mss changes /home/student/Documents/cursoML2025/git/ML_FPGA_UNMdP/labs/lab8/Lab8-01/MLZedboard_wrapper/ps7_cortexa9_0/freertos10_xilinx_ps7_cortexa9_0/bsp/system.mss
TRACE::2025-04-11.15:28:11::SCWMssOS::Found a swdesign opened with the mssfile.
TRACE::2025-04-11.15:28:11::SCWMssOS::Completed writemss as part of save.
TRACE::2025-04-11.15:28:11::SCWMssOS::Commit changes completed.
TRACE::2025-04-11.15:28:11::SCWPlatform::Trying to open the hw design at /home/student/Documents/cursoML2025/git/ML_FPGA_UNMdP/labs/lab8/Lab8-01/MLZedboard_wrapper/hw/MLZedboard_wrapper.xsa
TRACE::2025-04-11.15:28:11::SCWPlatform::DSA given /home/student/Documents/cursoML2025/git/ML_FPGA_UNMdP/labs/lab8/Lab8-01/MLZedboard_wrapper/hw/MLZedboard_wrapper.xsa
TRACE::2025-04-11.15:28:11::SCWPlatform::DSA absoulate path /home/student/Documents/cursoML2025/git/ML_FPGA_UNMdP/labs/lab8/Lab8-01/MLZedboard_wrapper/hw/MLZedboard_wrapper.xsa
TRACE::2025-04-11.15:28:11::SCWPlatform::DSA directory /home/student/Documents/cursoML2025/git/ML_FPGA_UNMdP/labs/lab8/Lab8-01/MLZedboard_wrapper/hw
TRACE::2025-04-11.15:28:11::SCWPlatform:: Platform Path /home/student/Documents/cursoML2025/git/ML_FPGA_UNMdP/labs/lab8/Lab8-01/MLZedboard_wrapper/hw/MLZedboard_wrapper.xsa
TRACE::2025-04-11.15:28:11::SCWPlatform:: Unique name xilinx:zedboard::0.0
TRACE::2025-04-11.15:28:11::SCWPlatform::Trying to set the existing hwdb with name MLZedboard_wrapper_0
TRACE::2025-04-11.15:28:11::SCWPlatform::Opened existing hwdb MLZedboard_wrapper_0
TRACE::2025-04-11.15:28:11::SCWPlatform::Found the Hw Db part of the input DSA
TRACE::2025-04-11.15:28:11::SCWMssOS::Checking the sw design at  /home/student/Documents/cursoML2025/git/ML_FPGA_UNMdP/labs/lab8/Lab8-01/MLZedboard_wrapper/zynq_fsbl/zynq_fsbl_bsp/system.mss
TRACE::2025-04-11.15:28:11::SCWMssOS::DEBUG:  swdes dump  /home/student/Documents/cursoML2025/git/ML_FPGA_UNMdP/labs/lab8/Lab8-01/MLZedboard_wrapper/ps7_cortexa9_0/freertos10_xilinx_ps7_cortexa9_0/bsp/system.mss|system_0||
/home/student/Documents/cursoML2025/git/ML_FPGA_UNMdP/labs/lab8/Lab8-01/MLZedboard_wrapper/zynq_fsbl/zynq_fsbl_bsp/system.mss|system||

TRACE::2025-04-11.15:28:11::SCWMssOS::Sw design exists and opened at  /home/student/Documents/cursoML2025/git/ML_FPGA_UNMdP/labs/lab8/Lab8-01/MLZedboard_wrapper/zynq_fsbl/zynq_fsbl_bsp/system.mss
TRACE::2025-04-11.15:28:11::SCWPlatform::Trying to open the hw design at /home/student/Documents/cursoML2025/git/ML_FPGA_UNMdP/labs/lab8/Lab8-01/MLZedboard_wrapper/hw/MLZedboard_wrapper.xsa
TRACE::2025-04-11.15:28:11::SCWPlatform::DSA given /home/student/Documents/cursoML2025/git/ML_FPGA_UNMdP/labs/lab8/Lab8-01/MLZedboard_wrapper/hw/MLZedboard_wrapper.xsa
TRACE::2025-04-11.15:28:11::SCWPlatform::DSA absoulate path /home/student/Documents/cursoML2025/git/ML_FPGA_UNMdP/labs/lab8/Lab8-01/MLZedboard_wrapper/hw/MLZedboard_wrapper.xsa
TRACE::2025-04-11.15:28:11::SCWPlatform::DSA directory /home/student/Documents/cursoML2025/git/ML_FPGA_UNMdP/labs/lab8/Lab8-01/MLZedboard_wrapper/hw
TRACE::2025-04-11.15:28:11::SCWPlatform:: Platform Path /home/student/Documents/cursoML2025/git/ML_FPGA_UNMdP/labs/lab8/Lab8-01/MLZedboard_wrapper/hw/MLZedboard_wrapper.xsa
TRACE::2025-04-11.15:28:11::SCWPlatform:: Unique name xilinx:zedboard::0.0
TRACE::2025-04-11.15:28:11::SCWPlatform::Trying to set the existing hwdb with name MLZedboard_wrapper_0
TRACE::2025-04-11.15:28:11::SCWPlatform::Opened existing hwdb MLZedboard_wrapper_0
TRACE::2025-04-11.15:28:11::SCWPlatform::Found the Hw Db part of the input DSA
TRACE::2025-04-11.15:28:11::SCWMssOS::Checking the sw design at  /home/student/Documents/cursoML2025/git/ML_FPGA_UNMdP/labs/lab8/Lab8-01/MLZedboard_wrapper/zynq_fsbl/zynq_fsbl_bsp/system.mss
TRACE::2025-04-11.15:28:11::SCWMssOS::DEBUG:  swdes dump  /home/student/Documents/cursoML2025/git/ML_FPGA_UNMdP/labs/lab8/Lab8-01/MLZedboard_wrapper/ps7_cortexa9_0/freertos10_xilinx_ps7_cortexa9_0/bsp/system.mss|system_0||
/home/student/Documents/cursoML2025/git/ML_FPGA_UNMdP/labs/lab8/Lab8-01/MLZedboard_wrapper/zynq_fsbl/zynq_fsbl_bsp/system.mss|system||

TRACE::2025-04-11.15:28:11::SCWMssOS::Sw design exists and opened at  /home/student/Documents/cursoML2025/git/ML_FPGA_UNMdP/labs/lab8/Lab8-01/MLZedboard_wrapper/zynq_fsbl/zynq_fsbl_bsp/system.mss
TRACE::2025-04-11.15:28:11::SCWPlatform::Trying to open the hw design at /home/student/Documents/cursoML2025/git/ML_FPGA_UNMdP/labs/lab8/Lab8-01/MLZedboard_wrapper/hw/MLZedboard_wrapper.xsa
TRACE::2025-04-11.15:28:11::SCWPlatform::DSA given /home/student/Documents/cursoML2025/git/ML_FPGA_UNMdP/labs/lab8/Lab8-01/MLZedboard_wrapper/hw/MLZedboard_wrapper.xsa
TRACE::2025-04-11.15:28:11::SCWPlatform::DSA absoulate path /home/student/Documents/cursoML2025/git/ML_FPGA_UNMdP/labs/lab8/Lab8-01/MLZedboard_wrapper/hw/MLZedboard_wrapper.xsa
TRACE::2025-04-11.15:28:11::SCWPlatform::DSA directory /home/student/Documents/cursoML2025/git/ML_FPGA_UNMdP/labs/lab8/Lab8-01/MLZedboard_wrapper/hw
TRACE::2025-04-11.15:28:11::SCWPlatform:: Platform Path /home/student/Documents/cursoML2025/git/ML_FPGA_UNMdP/labs/lab8/Lab8-01/MLZedboard_wrapper/hw/MLZedboard_wrapper.xsa
TRACE::2025-04-11.15:28:11::SCWPlatform:: Unique name xilinx:zedboard::0.0
TRACE::2025-04-11.15:28:11::SCWPlatform::Trying to set the existing hwdb with name MLZedboard_wrapper_0
TRACE::2025-04-11.15:28:11::SCWPlatform::Opened existing hwdb MLZedboard_wrapper_0
TRACE::2025-04-11.15:28:11::SCWPlatform::Found the Hw Db part of the input DSA
TRACE::2025-04-11.15:28:11::SCWMssOS::Checking the sw design at  /home/student/Documents/cursoML2025/git/ML_FPGA_UNMdP/labs/lab8/Lab8-01/MLZedboard_wrapper/zynq_fsbl/zynq_fsbl_bsp/system.mss
TRACE::2025-04-11.15:28:11::SCWMssOS::DEBUG:  swdes dump  /home/student/Documents/cursoML2025/git/ML_FPGA_UNMdP/labs/lab8/Lab8-01/MLZedboard_wrapper/ps7_cortexa9_0/freertos10_xilinx_ps7_cortexa9_0/bsp/system.mss|system_0||
/home/student/Documents/cursoML2025/git/ML_FPGA_UNMdP/labs/lab8/Lab8-01/MLZedboard_wrapper/zynq_fsbl/zynq_fsbl_bsp/system.mss|system||

TRACE::2025-04-11.15:28:11::SCWMssOS::Sw design exists and opened at  /home/student/Documents/cursoML2025/git/ML_FPGA_UNMdP/labs/lab8/Lab8-01/MLZedboard_wrapper/zynq_fsbl/zynq_fsbl_bsp/system.mss
TRACE::2025-04-11.15:28:11::SCWPlatform::Trying to open the hw design at /home/student/Documents/cursoML2025/git/ML_FPGA_UNMdP/labs/lab8/Lab8-01/MLZedboard_wrapper/hw/MLZedboard_wrapper.xsa
TRACE::2025-04-11.15:28:11::SCWPlatform::DSA given /home/student/Documents/cursoML2025/git/ML_FPGA_UNMdP/labs/lab8/Lab8-01/MLZedboard_wrapper/hw/MLZedboard_wrapper.xsa
TRACE::2025-04-11.15:28:11::SCWPlatform::DSA absoulate path /home/student/Documents/cursoML2025/git/ML_FPGA_UNMdP/labs/lab8/Lab8-01/MLZedboard_wrapper/hw/MLZedboard_wrapper.xsa
TRACE::2025-04-11.15:28:11::SCWPlatform::DSA directory /home/student/Documents/cursoML2025/git/ML_FPGA_UNMdP/labs/lab8/Lab8-01/MLZedboard_wrapper/hw
TRACE::2025-04-11.15:28:11::SCWPlatform:: Platform Path /home/student/Documents/cursoML2025/git/ML_FPGA_UNMdP/labs/lab8/Lab8-01/MLZedboard_wrapper/hw/MLZedboard_wrapper.xsa
TRACE::2025-04-11.15:28:11::SCWPlatform:: Unique name xilinx:zedboard::0.0
TRACE::2025-04-11.15:28:11::SCWPlatform::Trying to set the existing hwdb with name MLZedboard_wrapper_0
TRACE::2025-04-11.15:28:11::SCWPlatform::Opened existing hwdb MLZedboard_wrapper_0
TRACE::2025-04-11.15:28:11::SCWPlatform::Found the Hw Db part of the input DSA
TRACE::2025-04-11.15:28:11::SCWMssOS::Checking the sw design at  /home/student/Documents/cursoML2025/git/ML_FPGA_UNMdP/labs/lab8/Lab8-01/MLZedboard_wrapper/ps7_cortexa9_0/freertos10_xilinx_ps7_cortexa9_0/bsp/system.mss
TRACE::2025-04-11.15:28:11::SCWMssOS::DEBUG:  swdes dump  /home/student/Documents/cursoML2025/git/ML_FPGA_UNMdP/labs/lab8/Lab8-01/MLZedboard_wrapper/ps7_cortexa9_0/freertos10_xilinx_ps7_cortexa9_0/bsp/system.mss|system_0||
/home/student/Documents/cursoML2025/git/ML_FPGA_UNMdP/labs/lab8/Lab8-01/MLZedboard_wrapper/zynq_fsbl/zynq_fsbl_bsp/system.mss|system||

TRACE::2025-04-11.15:28:11::SCWMssOS::Sw design exists and opened at  /home/student/Documents/cursoML2025/git/ML_FPGA_UNMdP/labs/lab8/Lab8-01/MLZedboard_wrapper/ps7_cortexa9_0/freertos10_xilinx_ps7_cortexa9_0/bsp/system.mss
TRACE::2025-04-11.15:28:11::SCWPlatform::Trying to open the hw design at /home/student/Documents/cursoML2025/git/ML_FPGA_UNMdP/labs/lab8/Lab8-01/MLZedboard_wrapper/hw/MLZedboard_wrapper.xsa
TRACE::2025-04-11.15:28:11::SCWPlatform::DSA given /home/student/Documents/cursoML2025/git/ML_FPGA_UNMdP/labs/lab8/Lab8-01/MLZedboard_wrapper/hw/MLZedboard_wrapper.xsa
TRACE::2025-04-11.15:28:11::SCWPlatform::DSA absoulate path /home/student/Documents/cursoML2025/git/ML_FPGA_UNMdP/labs/lab8/Lab8-01/MLZedboard_wrapper/hw/MLZedboard_wrapper.xsa
TRACE::2025-04-11.15:28:11::SCWPlatform::DSA directory /home/student/Documents/cursoML2025/git/ML_FPGA_UNMdP/labs/lab8/Lab8-01/MLZedboard_wrapper/hw
TRACE::2025-04-11.15:28:11::SCWPlatform:: Platform Path /home/student/Documents/cursoML2025/git/ML_FPGA_UNMdP/labs/lab8/Lab8-01/MLZedboard_wrapper/hw/MLZedboard_wrapper.xsa
TRACE::2025-04-11.15:28:11::SCWPlatform:: Unique name xilinx:zedboard::0.0
TRACE::2025-04-11.15:28:11::SCWPlatform::Trying to set the existing hwdb with name MLZedboard_wrapper_0
TRACE::2025-04-11.15:28:11::SCWPlatform::Opened existing hwdb MLZedboard_wrapper_0
TRACE::2025-04-11.15:28:11::SCWPlatform::Found the Hw Db part of the input DSA
TRACE::2025-04-11.15:28:11::SCWMssOS::Checking the sw design at  /home/student/Documents/cursoML2025/git/ML_FPGA_UNMdP/labs/lab8/Lab8-01/MLZedboard_wrapper/ps7_cortexa9_0/freertos10_xilinx_ps7_cortexa9_0/bsp/system.mss
TRACE::2025-04-11.15:28:11::SCWMssOS::DEBUG:  swdes dump  /home/student/Documents/cursoML2025/git/ML_FPGA_UNMdP/labs/lab8/Lab8-01/MLZedboard_wrapper/ps7_cortexa9_0/freertos10_xilinx_ps7_cortexa9_0/bsp/system.mss|system_0||
/home/student/Documents/cursoML2025/git/ML_FPGA_UNMdP/labs/lab8/Lab8-01/MLZedboard_wrapper/zynq_fsbl/zynq_fsbl_bsp/system.mss|system||

TRACE::2025-04-11.15:28:11::SCWMssOS::Sw design exists and opened at  /home/student/Documents/cursoML2025/git/ML_FPGA_UNMdP/labs/lab8/Lab8-01/MLZedboard_wrapper/ps7_cortexa9_0/freertos10_xilinx_ps7_cortexa9_0/bsp/system.mss
TRACE::2025-04-11.15:28:11::SCWPlatform::Trying to open the hw design at /home/student/Documents/cursoML2025/git/ML_FPGA_UNMdP/labs/lab8/Lab8-01/MLZedboard_wrapper/hw/MLZedboard_wrapper.xsa
TRACE::2025-04-11.15:28:11::SCWPlatform::DSA given /home/student/Documents/cursoML2025/git/ML_FPGA_UNMdP/labs/lab8/Lab8-01/MLZedboard_wrapper/hw/MLZedboard_wrapper.xsa
TRACE::2025-04-11.15:28:11::SCWPlatform::DSA absoulate path /home/student/Documents/cursoML2025/git/ML_FPGA_UNMdP/labs/lab8/Lab8-01/MLZedboard_wrapper/hw/MLZedboard_wrapper.xsa
TRACE::2025-04-11.15:28:11::SCWPlatform::DSA directory /home/student/Documents/cursoML2025/git/ML_FPGA_UNMdP/labs/lab8/Lab8-01/MLZedboard_wrapper/hw
TRACE::2025-04-11.15:28:11::SCWPlatform:: Platform Path /home/student/Documents/cursoML2025/git/ML_FPGA_UNMdP/labs/lab8/Lab8-01/MLZedboard_wrapper/hw/MLZedboard_wrapper.xsa
TRACE::2025-04-11.15:28:11::SCWPlatform:: Unique name xilinx:zedboard::0.0
TRACE::2025-04-11.15:28:11::SCWPlatform::Trying to set the existing hwdb with name MLZedboard_wrapper_0
TRACE::2025-04-11.15:28:11::SCWPlatform::Opened existing hwdb MLZedboard_wrapper_0
TRACE::2025-04-11.15:28:11::SCWPlatform::Found the Hw Db part of the input DSA
TRACE::2025-04-11.15:28:11::SCWMssOS::Checking the sw design at  /home/student/Documents/cursoML2025/git/ML_FPGA_UNMdP/labs/lab8/Lab8-01/MLZedboard_wrapper/ps7_cortexa9_0/freertos10_xilinx_ps7_cortexa9_0/bsp/system.mss
TRACE::2025-04-11.15:28:11::SCWMssOS::DEBUG:  swdes dump  /home/student/Documents/cursoML2025/git/ML_FPGA_UNMdP/labs/lab8/Lab8-01/MLZedboard_wrapper/ps7_cortexa9_0/freertos10_xilinx_ps7_cortexa9_0/bsp/system.mss|system_0||
/home/student/Documents/cursoML2025/git/ML_FPGA_UNMdP/labs/lab8/Lab8-01/MLZedboard_wrapper/zynq_fsbl/zynq_fsbl_bsp/system.mss|system||

TRACE::2025-04-11.15:28:11::SCWMssOS::Sw design exists and opened at  /home/student/Documents/cursoML2025/git/ML_FPGA_UNMdP/labs/lab8/Lab8-01/MLZedboard_wrapper/ps7_cortexa9_0/freertos10_xilinx_ps7_cortexa9_0/bsp/system.mss
TRACE::2025-04-11.15:28:11::SCWWriter::formatted JSON is {
	"platformName":	"MLZedboard_wrapper",
	"sprVersion":	"2.0",
	"mode":	"gui",
	"dsaType":	"Fixed",
	"platformDesc":	"MLZedboard_wrapper",
	"platHandOff":	"<platformDir>.xsa",
	"platIntHandOff":	"<platformDir>/hw/MLZedboard_wrapper.xsa",
	"deviceType":	"zynq",
	"platIsPrebuiltAutogen":	"false",
	"platIsNoBootBsp":	"false",
	"platFsblTarget":	"ps7_cortexa9_0",
	"hasFsblMakeHasChanges":	"false",
	"hasPmufwMakeHasChanges":	"false",
	"fsblExtraCompilerFlags":	"-MMD -MP       -mcpu=cortex-a9 -mfpu=vfpv3 -mfloat-abi=hard ",
	"platPreBuiltFlag":	false,
	"platformSamplesDir":	"",
	"platActiveSys":	"MLZedboard_wrapper",
	"systems":	[{
			"systemName":	"MLZedboard_wrapper",
			"systemDesc":	"MLZedboard_wrapper",
			"sysIsBootAutoGen":	"true",
			"systemDispName":	"MLZedboard_wrapper",
			"sysActiveDom":	"freertos10_xilinx_ps7_cortexa9_0",
			"sysDefaultDom":	"freertos10_xilinx_ps7_cortexa9_0",
			"domains":	[{
					"domainName":	"zynq_fsbl",
					"domainDispName":	"zynq_fsbl",
					"domainDesc":	"FSBL Application BSP - Auto Generated.",
					"processors":	"ps7_cortexa9_0",
					"os":	"standalone",
					"sdxOs":	"standalone",
					"debugEnable":	"",
					"domRuntimes":	["cpp"],
					"swRepo":	"",
					"mssOsVer":	"8.0",
					"mssFile":	"",
					"md5Digest":	"485db049a468bc7a6202088c4dc8152a",
					"compatibleApp":	"zynq_fsbl",
					"domType":	"bootDomain",
					"arch":	"32-bit",
					"appSettings":	{
						"appCompilerFlags":	"",
						"appLinkerFlags":	""
					},
					"addedLibs":	["xilffs:4.8", "xilrsa:1.6"],
					"libOptions":	{
						"libsContainingOptions":	[]
					},
					"prebuiltLibs":	{
						"prebuiltIncPath":	[],
						"prebuiltLibPath":	[]
					},
					"isolation":	{
					}
				}, {
					"domainName":	"freertos10_xilinx_ps7_cortexa9_0",
					"domainDispName":	"freertos10_xilinx_ps7_cortexa9_0",
					"domainDesc":	"freertos10_xilinx_ps7_cortexa9_0",
					"processors":	"ps7_cortexa9_0",
					"os":	"standalone",
					"sdxOs":	"standalone",
					"qemuArgs":	"<platformDir>/resources/MLZedboard_wrapper/freertos10_xilinx_ps7_cortexa9_0/qemu_args.txt",
					"qemuData":	"<platformDir>/resources/MLZedboard_wrapper/freertos10_xilinx_ps7_cortexa9_0/qemu",
					"debugEnable":	"False",
					"domRuntimes":	["cpp"],
					"swRepo":	"",
					"mssOsVer":	"8.0",
					"mssFile":	"",
					"md5Digest":	"698f89bf8e3b0481c4918f6f9c441acd",
					"compatibleApp":	"hello_world",
					"domType":	"mssDomain",
					"arch":	"32-bit",
					"appSettings":	{
						"appCompilerFlags":	"",
						"appLinkerFlags":	""
					},
					"addedLibs":	[],
					"libOptions":	{
						"libsContainingOptions":	[]
					},
					"prebuiltLibs":	{
						"prebuiltIncPath":	[],
						"prebuiltLibPath":	[]
					},
					"isolation":	{
					}
				}]
		}]
}
KEYINFO::2025-04-11.15:28:11::SCWPlatform::updated the xpfm file.
