Copyright 1986-2022 Xilinx, Inc. All Rights Reserved.
-----------------------------------------------------------------------------------------------
| Tool Version : Vivado v.2022.2 (lin64) Build 3671981 Fri Oct 14 04:59:54 MDT 2022
| Date         : Fri Apr 11 15:00:10 2025
| Host         : workspace running 64-bit Ubuntu 22.04.5 LTS
| Command      : report_control_sets -verbose -file MLZedboard_wrapper_control_sets_placed.rpt
| Design       : MLZedboard_wrapper
| Device       : xc7z020
-----------------------------------------------------------------------------------------------

Control Set Information

Table of Contents
-----------------
1. Summary
2. Histogram
3. Flip-Flop Distribution
4. Detailed Control Set Information

1. Summary
----------

+----------------------------------------------------------+-------+
|                          Status                          | Count |
+----------------------------------------------------------+-------+
| Total control sets                                       |   632 |
|    Minimum number of control sets                        |   632 |
|    Addition due to synthesis replication                 |     0 |
|    Addition due to physical synthesis replication        |     0 |
| Unused register locations in slices containing registers |  1284 |
+----------------------------------------------------------+-------+
* Control sets can be merged at opt_design using control_set_merge or merge_equivalent_drivers
** Run report_qor_suggestions for automated merging and remapping suggestions


2. Histogram
------------

+--------------------+-------+
|       Fanout       | Count |
+--------------------+-------+
| Total control sets |   632 |
| >= 0 to < 4        |     0 |
| >= 4 to < 6        |     8 |
| >= 6 to < 8        |   590 |
| >= 8 to < 10       |     6 |
| >= 10 to < 12      |     2 |
| >= 12 to < 14      |     3 |
| >= 14 to < 16      |     0 |
| >= 16              |    23 |
+--------------------+-------+
* Control sets can be remapped at either synth_design or opt_design


3. Flip-Flop Distribution
-------------------------

+--------------+-----------------------+------------------------+-----------------+--------------+
| Clock Enable | Synchronous Set/Reset | Asynchronous Set/Reset | Total Registers | Total Slices |
+--------------+-----------------------+------------------------+-----------------+--------------+
| No           | No                    | No                     |             363 |          204 |
| No           | No                    | Yes                    |               0 |            0 |
| No           | Yes                   | No                     |             104 |           50 |
| Yes          | No                    | No                     |            4129 |         1544 |
| Yes          | No                    | Yes                    |               0 |            0 |
| Yes          | Yes                   | No                     |              40 |           14 |
+--------------+-----------------------+------------------------+-----------------+--------------+


4. Detailed Control Set Information
-----------------------------------

+---------------------------------------------------+-----------------------------------------------------------------------------------------------------------------------------------------------------------------+-------------------------------------------------------------------------------------------------------------------------------------+------------------+----------------+--------------+
|                    Clock Signal                   |                                                                          Enable Signal                                                                          |                                                           Set/Reset Signal                                                          | Slice Load Count | Bel Load Count | Bels / Slice |
+---------------------------------------------------+-----------------------------------------------------------------------------------------------------------------------------------------------------------------+-------------------------------------------------------------------------------------------------------------------------------------+------------------+----------------+--------------+
|  MLZedboard_i/processing_system7_0/inst/FCLK_CLK0 |                                                                                                                                                                 | MLZedboard_i/ps7_0_axi_periph/s00_couplers/auto_pc/inst/gen_axilite.gen_b2s_conv.axilite_b2s/SI_REG/ar.ar_pipe/aresetn_d_reg[0]_0   |                4 |              4 |         1.00 |
|  MLZedboard_i/processing_system7_0/inst/FCLK_CLK0 |                                                                                                                                                                 | MLZedboard_i/ps7_0_axi_periph/s00_couplers/auto_pc/inst/gen_axilite.gen_b2s_conv.axilite_b2s/SI_REG/b.b_pipe/aresetn_d_reg[1]_inv_0 |                4 |              4 |         1.00 |
|  MLZedboard_i/processing_system7_0/inst/FCLK_CLK0 | MLZedboard_i/inference_0/inst/ap_CS_fsm_state4                                                                                                                  |                                                                                                                                     |                4 |              4 |         1.00 |
|  MLZedboard_i/processing_system7_0/inst/FCLK_CLK0 |                                                                                                                                                                 | MLZedboard_i/rst_ps7_0_100M/U0/EXT_LPF/lpf_int                                                                                      |                3 |              4 |         1.33 |
|  MLZedboard_i/processing_system7_0/inst/FCLK_CLK0 | MLZedboard_i/inference_0/inst/ap_CS_fsm_state11                                                                                                                 | MLZedboard_i/inference_0/inst/m_reg_13134[39]_i_1_n_0                                                                               |                2 |              4 |         2.00 |
|  MLZedboard_i/processing_system7_0/inst/FCLK_CLK0 | MLZedboard_i/ps7_0_axi_periph/s00_couplers/auto_pc/inst/gen_axilite.gen_b2s_conv.axilite_b2s/RD.r_channel_0/rd_data_fifo_0/E[0]                                 | MLZedboard_i/ps7_0_axi_periph/s00_couplers/auto_pc/inst/gen_axilite.gen_b2s_conv.axilite_b2s/areset_d1                              |                2 |              5 |         2.50 |
|  MLZedboard_i/processing_system7_0/inst/FCLK_CLK0 | MLZedboard_i/ps7_0_axi_periph/s00_couplers/auto_pc/inst/gen_axilite.gen_b2s_conv.axilite_b2s/RD.r_channel_0/rd_data_fifo_0/cnt_read[4]_i_1_n_0                  | MLZedboard_i/ps7_0_axi_periph/s00_couplers/auto_pc/inst/gen_axilite.gen_b2s_conv.axilite_b2s/areset_d1                              |                1 |              5 |         5.00 |
|  MLZedboard_i/processing_system7_0/inst/FCLK_CLK0 | MLZedboard_i/inference_0/inst/ap_CS_fsm_state5                                                                                                                  |                                                                                                                                     |                2 |              5 |         2.50 |
|  MLZedboard_i/processing_system7_0/inst/FCLK_CLK0 | MLZedboard_i/inference_0/inst/grp_inference_Pipeline_VITIS_LOOP_41_1_fu_3207/flow_control_loop_pipe_sequential_init_U/h_1_reg_23179_reg[0]_450[0]               |                                                                                                                                     |                2 |              6 |         3.00 |
|  MLZedboard_i/processing_system7_0/inst/FCLK_CLK0 | MLZedboard_i/inference_0/inst/grp_inference_Pipeline_VITIS_LOOP_41_1_fu_3207/flow_control_loop_pipe_sequential_init_U/h_1_reg_23179_reg[0]_455[0]               |                                                                                                                                     |                2 |              6 |         3.00 |
|  MLZedboard_i/processing_system7_0/inst/FCLK_CLK0 | MLZedboard_i/inference_0/inst/grp_inference_Pipeline_VITIS_LOOP_41_1_fu_3207/flow_control_loop_pipe_sequential_init_U/h_1_reg_23179_reg[0]_45[0]                |                                                                                                                                     |                2 |              6 |         3.00 |
|  MLZedboard_i/processing_system7_0/inst/FCLK_CLK0 | MLZedboard_i/inference_0/inst/grp_inference_Pipeline_VITIS_LOOP_41_1_fu_3207/flow_control_loop_pipe_sequential_init_U/h_1_reg_23179_reg[0]_449[0]               |                                                                                                                                     |                2 |              6 |         3.00 |
|  MLZedboard_i/processing_system7_0/inst/FCLK_CLK0 | MLZedboard_i/inference_0/inst/grp_inference_Pipeline_VITIS_LOOP_41_1_fu_3207/flow_control_loop_pipe_sequential_init_U/h_1_reg_23179_reg[0]_448[0]               |                                                                                                                                     |                2 |              6 |         3.00 |
|  MLZedboard_i/processing_system7_0/inst/FCLK_CLK0 | MLZedboard_i/inference_0/inst/grp_inference_Pipeline_VITIS_LOOP_41_1_fu_3207/flow_control_loop_pipe_sequential_init_U/h_1_reg_23179_reg[0]_447[0]               |                                                                                                                                     |                2 |              6 |         3.00 |
|  MLZedboard_i/processing_system7_0/inst/FCLK_CLK0 | MLZedboard_i/inference_0/inst/grp_inference_Pipeline_VITIS_LOOP_41_1_fu_3207/flow_control_loop_pipe_sequential_init_U/h_1_reg_23179_reg[0]_446[0]               |                                                                                                                                     |                2 |              6 |         3.00 |
|  MLZedboard_i/processing_system7_0/inst/FCLK_CLK0 | MLZedboard_i/inference_0/inst/grp_inference_Pipeline_VITIS_LOOP_41_1_fu_3207/flow_control_loop_pipe_sequential_init_U/h_1_reg_23179_reg[0]_445[0]               |                                                                                                                                     |                3 |              6 |         2.00 |
|  MLZedboard_i/processing_system7_0/inst/FCLK_CLK0 | MLZedboard_i/inference_0/inst/grp_inference_Pipeline_VITIS_LOOP_41_1_fu_3207/flow_control_loop_pipe_sequential_init_U/h_1_reg_23179_reg[0]_444[0]               |                                                                                                                                     |                2 |              6 |         3.00 |
|  MLZedboard_i/processing_system7_0/inst/FCLK_CLK0 | MLZedboard_i/inference_0/inst/grp_inference_Pipeline_VITIS_LOOP_41_1_fu_3207/flow_control_loop_pipe_sequential_init_U/h_1_reg_23179_reg[0]_443[0]               |                                                                                                                                     |                2 |              6 |         3.00 |
|  MLZedboard_i/processing_system7_0/inst/FCLK_CLK0 | MLZedboard_i/inference_0/inst/grp_inference_Pipeline_VITIS_LOOP_41_1_fu_3207/flow_control_loop_pipe_sequential_init_U/h_1_reg_23179_reg[0]_451[0]               |                                                                                                                                     |                3 |              6 |         2.00 |
|  MLZedboard_i/processing_system7_0/inst/FCLK_CLK0 | MLZedboard_i/inference_0/inst/grp_inference_Pipeline_VITIS_LOOP_41_1_fu_3207/flow_control_loop_pipe_sequential_init_U/h_1_reg_23179_reg[0]_452[0]               |                                                                                                                                     |                2 |              6 |         3.00 |
|  MLZedboard_i/processing_system7_0/inst/FCLK_CLK0 | MLZedboard_i/inference_0/inst/grp_inference_Pipeline_VITIS_LOOP_41_1_fu_3207/flow_control_loop_pipe_sequential_init_U/h_1_reg_23179_reg[0]_453[0]               |                                                                                                                                     |                2 |              6 |         3.00 |
|  MLZedboard_i/processing_system7_0/inst/FCLK_CLK0 | MLZedboard_i/inference_0/inst/grp_inference_Pipeline_VITIS_LOOP_41_1_fu_3207/flow_control_loop_pipe_sequential_init_U/h_1_reg_23179_reg[0]_454[0]               |                                                                                                                                     |                2 |              6 |         3.00 |
|  MLZedboard_i/processing_system7_0/inst/FCLK_CLK0 | MLZedboard_i/inference_0/inst/grp_inference_Pipeline_VITIS_LOOP_41_1_fu_3207/flow_control_loop_pipe_sequential_init_U/h_1_reg_23179_reg[0]_439[0]               |                                                                                                                                     |                2 |              6 |         3.00 |
|  MLZedboard_i/processing_system7_0/inst/FCLK_CLK0 | MLZedboard_i/inference_0/inst/grp_inference_Pipeline_VITIS_LOOP_41_1_fu_3207/flow_control_loop_pipe_sequential_init_U/h_1_reg_23179_reg[0]_456[0]               |                                                                                                                                     |                2 |              6 |         3.00 |
|  MLZedboard_i/processing_system7_0/inst/FCLK_CLK0 | MLZedboard_i/inference_0/inst/grp_inference_Pipeline_VITIS_LOOP_41_1_fu_3207/flow_control_loop_pipe_sequential_init_U/h_1_reg_23179_reg[0]_457[0]               |                                                                                                                                     |                3 |              6 |         2.00 |
|  MLZedboard_i/processing_system7_0/inst/FCLK_CLK0 | MLZedboard_i/inference_0/inst/grp_inference_Pipeline_VITIS_LOOP_41_1_fu_3207/flow_control_loop_pipe_sequential_init_U/h_1_reg_23179_reg[0]_458[0]               |                                                                                                                                     |                2 |              6 |         3.00 |
|  MLZedboard_i/processing_system7_0/inst/FCLK_CLK0 | MLZedboard_i/inference_0/inst/grp_inference_Pipeline_VITIS_LOOP_41_1_fu_3207/flow_control_loop_pipe_sequential_init_U/h_1_reg_23179_reg[0]_459[0]               |                                                                                                                                     |                2 |              6 |         3.00 |
|  MLZedboard_i/processing_system7_0/inst/FCLK_CLK0 | MLZedboard_i/inference_0/inst/grp_inference_Pipeline_VITIS_LOOP_41_1_fu_3207/flow_control_loop_pipe_sequential_init_U/h_1_reg_23179_reg[0]_434[0]               |                                                                                                                                     |                3 |              6 |         2.00 |
|  MLZedboard_i/processing_system7_0/inst/FCLK_CLK0 | MLZedboard_i/inference_0/inst/grp_inference_Pipeline_VITIS_LOOP_41_1_fu_3207/flow_control_loop_pipe_sequential_init_U/h_1_reg_23179_reg[0]_427[0]               |                                                                                                                                     |                2 |              6 |         3.00 |
|  MLZedboard_i/processing_system7_0/inst/FCLK_CLK0 | MLZedboard_i/inference_0/inst/grp_inference_Pipeline_VITIS_LOOP_41_1_fu_3207/flow_control_loop_pipe_sequential_init_U/h_1_reg_23179_reg[0]_428[0]               |                                                                                                                                     |                2 |              6 |         3.00 |
|  MLZedboard_i/processing_system7_0/inst/FCLK_CLK0 | MLZedboard_i/inference_0/inst/grp_inference_Pipeline_VITIS_LOOP_41_1_fu_3207/flow_control_loop_pipe_sequential_init_U/h_1_reg_23179_reg[0]_429[0]               |                                                                                                                                     |                2 |              6 |         3.00 |
|  MLZedboard_i/processing_system7_0/inst/FCLK_CLK0 | MLZedboard_i/inference_0/inst/grp_inference_Pipeline_VITIS_LOOP_41_1_fu_3207/flow_control_loop_pipe_sequential_init_U/h_1_reg_23179_reg[0]_43[0]                |                                                                                                                                     |                3 |              6 |         2.00 |
|  MLZedboard_i/processing_system7_0/inst/FCLK_CLK0 | MLZedboard_i/inference_0/inst/grp_inference_Pipeline_VITIS_LOOP_41_1_fu_3207/flow_control_loop_pipe_sequential_init_U/h_1_reg_23179_reg[0]_430[0]               |                                                                                                                                     |                2 |              6 |         3.00 |
|  MLZedboard_i/processing_system7_0/inst/FCLK_CLK0 | MLZedboard_i/inference_0/inst/grp_inference_Pipeline_VITIS_LOOP_41_1_fu_3207/flow_control_loop_pipe_sequential_init_U/h_1_reg_23179_reg[0]_431[0]               |                                                                                                                                     |                2 |              6 |         3.00 |
|  MLZedboard_i/processing_system7_0/inst/FCLK_CLK0 | MLZedboard_i/inference_0/inst/grp_inference_Pipeline_VITIS_LOOP_41_1_fu_3207/flow_control_loop_pipe_sequential_init_U/h_1_reg_23179_reg[0]_432[0]               |                                                                                                                                     |                2 |              6 |         3.00 |
|  MLZedboard_i/processing_system7_0/inst/FCLK_CLK0 | MLZedboard_i/inference_0/inst/grp_inference_Pipeline_VITIS_LOOP_41_1_fu_3207/flow_control_loop_pipe_sequential_init_U/h_1_reg_23179_reg[0]_433[0]               |                                                                                                                                     |                2 |              6 |         3.00 |
|  MLZedboard_i/processing_system7_0/inst/FCLK_CLK0 | MLZedboard_i/inference_0/inst/grp_inference_Pipeline_VITIS_LOOP_41_1_fu_3207/flow_control_loop_pipe_sequential_init_U/h_1_reg_23179_reg[0]_442[0]               |                                                                                                                                     |                2 |              6 |         3.00 |
|  MLZedboard_i/processing_system7_0/inst/FCLK_CLK0 | MLZedboard_i/inference_0/inst/grp_inference_Pipeline_VITIS_LOOP_41_1_fu_3207/flow_control_loop_pipe_sequential_init_U/h_1_reg_23179_reg[0]_435[0]               |                                                                                                                                     |                2 |              6 |         3.00 |
|  MLZedboard_i/processing_system7_0/inst/FCLK_CLK0 | MLZedboard_i/inference_0/inst/grp_inference_Pipeline_VITIS_LOOP_41_1_fu_3207/flow_control_loop_pipe_sequential_init_U/h_1_reg_23179_reg[0]_436[0]               |                                                                                                                                     |                2 |              6 |         3.00 |
|  MLZedboard_i/processing_system7_0/inst/FCLK_CLK0 | MLZedboard_i/inference_0/inst/grp_inference_Pipeline_VITIS_LOOP_41_1_fu_3207/flow_control_loop_pipe_sequential_init_U/h_1_reg_23179_reg[0]_437[0]               |                                                                                                                                     |                2 |              6 |         3.00 |
|  MLZedboard_i/processing_system7_0/inst/FCLK_CLK0 | MLZedboard_i/inference_0/inst/grp_inference_Pipeline_VITIS_LOOP_41_1_fu_3207/flow_control_loop_pipe_sequential_init_U/h_1_reg_23179_reg[0]_438[0]               |                                                                                                                                     |                2 |              6 |         3.00 |
|  MLZedboard_i/processing_system7_0/inst/FCLK_CLK0 | MLZedboard_i/inference_0/inst/grp_inference_Pipeline_VITIS_LOOP_41_1_fu_3207/flow_control_loop_pipe_sequential_init_U/h_1_reg_23179_reg[0]_463[0]               |                                                                                                                                     |                2 |              6 |         3.00 |
|  MLZedboard_i/processing_system7_0/inst/FCLK_CLK0 | MLZedboard_i/inference_0/inst/grp_inference_Pipeline_VITIS_LOOP_41_1_fu_3207/flow_control_loop_pipe_sequential_init_U/h_1_reg_23179_reg[0]_44[0]                |                                                                                                                                     |                2 |              6 |         3.00 |
|  MLZedboard_i/processing_system7_0/inst/FCLK_CLK0 | MLZedboard_i/inference_0/inst/grp_inference_Pipeline_VITIS_LOOP_41_1_fu_3207/flow_control_loop_pipe_sequential_init_U/h_1_reg_23179_reg[0]_440[0]               |                                                                                                                                     |                3 |              6 |         2.00 |
|  MLZedboard_i/processing_system7_0/inst/FCLK_CLK0 | MLZedboard_i/inference_0/inst/grp_inference_Pipeline_VITIS_LOOP_41_1_fu_3207/flow_control_loop_pipe_sequential_init_U/h_1_reg_23179_reg[0]_441[0]               |                                                                                                                                     |                2 |              6 |         3.00 |
|  MLZedboard_i/processing_system7_0/inst/FCLK_CLK0 | MLZedboard_i/inference_0/inst/grp_inference_Pipeline_VITIS_LOOP_41_1_fu_3207/flow_control_loop_pipe_sequential_init_U/h_1_reg_23179_reg[0]_485[0]               |                                                                                                                                     |                2 |              6 |         3.00 |
|  MLZedboard_i/processing_system7_0/inst/FCLK_CLK0 | MLZedboard_i/inference_0/inst/grp_inference_Pipeline_VITIS_LOOP_41_1_fu_3207/flow_control_loop_pipe_sequential_init_U/h_1_reg_23179_reg[0]_477[0]               |                                                                                                                                     |                2 |              6 |         3.00 |
|  MLZedboard_i/processing_system7_0/inst/FCLK_CLK0 | MLZedboard_i/inference_0/inst/grp_inference_Pipeline_VITIS_LOOP_41_1_fu_3207/flow_control_loop_pipe_sequential_init_U/h_1_reg_23179_reg[0]_478[0]               |                                                                                                                                     |                2 |              6 |         3.00 |
|  MLZedboard_i/processing_system7_0/inst/FCLK_CLK0 | MLZedboard_i/inference_0/inst/grp_inference_Pipeline_VITIS_LOOP_41_1_fu_3207/flow_control_loop_pipe_sequential_init_U/h_1_reg_23179_reg[0]_479[0]               |                                                                                                                                     |                3 |              6 |         2.00 |
|  MLZedboard_i/processing_system7_0/inst/FCLK_CLK0 | MLZedboard_i/inference_0/inst/grp_inference_Pipeline_VITIS_LOOP_41_1_fu_3207/flow_control_loop_pipe_sequential_init_U/h_1_reg_23179_reg[0]_48[0]                |                                                                                                                                     |                3 |              6 |         2.00 |
|  MLZedboard_i/processing_system7_0/inst/FCLK_CLK0 | MLZedboard_i/inference_0/inst/grp_inference_Pipeline_VITIS_LOOP_41_1_fu_3207/flow_control_loop_pipe_sequential_init_U/h_1_reg_23179_reg[0]_480[0]               |                                                                                                                                     |                2 |              6 |         3.00 |
|  MLZedboard_i/processing_system7_0/inst/FCLK_CLK0 | MLZedboard_i/inference_0/inst/grp_inference_Pipeline_VITIS_LOOP_41_1_fu_3207/flow_control_loop_pipe_sequential_init_U/h_1_reg_23179_reg[0]_481[0]               |                                                                                                                                     |                3 |              6 |         2.00 |
|  MLZedboard_i/processing_system7_0/inst/FCLK_CLK0 | MLZedboard_i/inference_0/inst/grp_inference_Pipeline_VITIS_LOOP_41_1_fu_3207/flow_control_loop_pipe_sequential_init_U/h_1_reg_23179_reg[0]_482[0]               |                                                                                                                                     |                2 |              6 |         3.00 |
|  MLZedboard_i/processing_system7_0/inst/FCLK_CLK0 | MLZedboard_i/inference_0/inst/grp_inference_Pipeline_VITIS_LOOP_41_1_fu_3207/flow_control_loop_pipe_sequential_init_U/h_1_reg_23179_reg[0]_483[0]               |                                                                                                                                     |                2 |              6 |         3.00 |
|  MLZedboard_i/processing_system7_0/inst/FCLK_CLK0 | MLZedboard_i/inference_0/inst/grp_inference_Pipeline_VITIS_LOOP_41_1_fu_3207/flow_control_loop_pipe_sequential_init_U/h_1_reg_23179_reg[0]_484[0]               |                                                                                                                                     |                3 |              6 |         2.00 |
|  MLZedboard_i/processing_system7_0/inst/FCLK_CLK0 | MLZedboard_i/inference_0/inst/grp_inference_Pipeline_VITIS_LOOP_41_1_fu_3207/flow_control_loop_pipe_sequential_init_U/h_1_reg_23179_reg[0]_476[0]               |                                                                                                                                     |                2 |              6 |         3.00 |
|  MLZedboard_i/processing_system7_0/inst/FCLK_CLK0 | MLZedboard_i/inference_0/inst/grp_inference_Pipeline_VITIS_LOOP_41_1_fu_3207/flow_control_loop_pipe_sequential_init_U/h_1_reg_23179_reg[0]_486[0]               |                                                                                                                                     |                2 |              6 |         3.00 |
|  MLZedboard_i/processing_system7_0/inst/FCLK_CLK0 | MLZedboard_i/inference_0/inst/grp_inference_Pipeline_VITIS_LOOP_41_1_fu_3207/flow_control_loop_pipe_sequential_init_U/h_1_reg_23179_reg[0]_487[0]               |                                                                                                                                     |                2 |              6 |         3.00 |
|  MLZedboard_i/processing_system7_0/inst/FCLK_CLK0 | MLZedboard_i/inference_0/inst/grp_inference_Pipeline_VITIS_LOOP_41_1_fu_3207/flow_control_loop_pipe_sequential_init_U/h_1_reg_23179_reg[0]_488[0]               |                                                                                                                                     |                2 |              6 |         3.00 |
|  MLZedboard_i/processing_system7_0/inst/FCLK_CLK0 | MLZedboard_i/inference_0/inst/grp_inference_Pipeline_VITIS_LOOP_41_1_fu_3207/flow_control_loop_pipe_sequential_init_U/h_1_reg_23179_reg[0]_489[0]               |                                                                                                                                     |                2 |              6 |         3.00 |
|  MLZedboard_i/processing_system7_0/inst/FCLK_CLK0 | MLZedboard_i/inference_0/inst/grp_inference_Pipeline_VITIS_LOOP_41_1_fu_3207/flow_control_loop_pipe_sequential_init_U/h_1_reg_23179_reg[0]_49[0]                |                                                                                                                                     |                2 |              6 |         3.00 |
|  MLZedboard_i/processing_system7_0/inst/FCLK_CLK0 | MLZedboard_i/inference_0/inst/grp_inference_Pipeline_VITIS_LOOP_41_1_fu_3207/flow_control_loop_pipe_sequential_init_U/h_1_reg_23179_reg[0]_490[0]               |                                                                                                                                     |                2 |              6 |         3.00 |
|  MLZedboard_i/processing_system7_0/inst/FCLK_CLK0 | MLZedboard_i/inference_0/inst/grp_inference_Pipeline_VITIS_LOOP_41_1_fu_3207/flow_control_loop_pipe_sequential_init_U/h_1_reg_23179_reg[0]_491[0]               |                                                                                                                                     |                3 |              6 |         2.00 |
|  MLZedboard_i/processing_system7_0/inst/FCLK_CLK0 | MLZedboard_i/inference_0/inst/grp_inference_Pipeline_VITIS_LOOP_41_1_fu_3207/flow_control_loop_pipe_sequential_init_U/h_1_reg_23179_reg[0]_492[0]               |                                                                                                                                     |                2 |              6 |         3.00 |
|  MLZedboard_i/processing_system7_0/inst/FCLK_CLK0 | MLZedboard_i/inference_0/inst/grp_inference_Pipeline_VITIS_LOOP_41_1_fu_3207/flow_control_loop_pipe_sequential_init_U/h_1_reg_23179_reg[0]_468[0]               |                                                                                                                                     |                2 |              6 |         3.00 |
|  MLZedboard_i/processing_system7_0/inst/FCLK_CLK0 | MLZedboard_i/inference_0/inst/grp_inference_Pipeline_VITIS_LOOP_41_1_fu_3207/flow_control_loop_pipe_sequential_init_U/h_1_reg_23179_reg[0]_460[0]               |                                                                                                                                     |                2 |              6 |         3.00 |
|  MLZedboard_i/processing_system7_0/inst/FCLK_CLK0 | MLZedboard_i/inference_0/inst/grp_inference_Pipeline_VITIS_LOOP_41_1_fu_3207/flow_control_loop_pipe_sequential_init_U/h_1_reg_23179_reg[0]_461[0]               |                                                                                                                                     |                3 |              6 |         2.00 |
|  MLZedboard_i/processing_system7_0/inst/FCLK_CLK0 | MLZedboard_i/inference_0/inst/grp_inference_Pipeline_VITIS_LOOP_41_1_fu_3207/flow_control_loop_pipe_sequential_init_U/h_1_reg_23179_reg[0]_462[0]               |                                                                                                                                     |                2 |              6 |         3.00 |
|  MLZedboard_i/processing_system7_0/inst/FCLK_CLK0 | MLZedboard_i/inference_0/inst/grp_inference_Pipeline_VITIS_LOOP_41_1_fu_3207/flow_control_loop_pipe_sequential_init_U/h_1_reg_23179_reg[0]_422[0]               |                                                                                                                                     |                2 |              6 |         3.00 |
|  MLZedboard_i/processing_system7_0/inst/FCLK_CLK0 | MLZedboard_i/inference_0/inst/grp_inference_Pipeline_VITIS_LOOP_41_1_fu_3207/flow_control_loop_pipe_sequential_init_U/h_1_reg_23179_reg[0]_464[0]               |                                                                                                                                     |                2 |              6 |         3.00 |
|  MLZedboard_i/processing_system7_0/inst/FCLK_CLK0 | MLZedboard_i/inference_0/inst/grp_inference_Pipeline_VITIS_LOOP_41_1_fu_3207/flow_control_loop_pipe_sequential_init_U/h_1_reg_23179_reg[0]_465[0]               |                                                                                                                                     |                2 |              6 |         3.00 |
|  MLZedboard_i/processing_system7_0/inst/FCLK_CLK0 | MLZedboard_i/inference_0/inst/grp_inference_Pipeline_VITIS_LOOP_41_1_fu_3207/flow_control_loop_pipe_sequential_init_U/h_1_reg_23179_reg[0]_466[0]               |                                                                                                                                     |                2 |              6 |         3.00 |
|  MLZedboard_i/processing_system7_0/inst/FCLK_CLK0 | MLZedboard_i/inference_0/inst/grp_inference_Pipeline_VITIS_LOOP_41_1_fu_3207/flow_control_loop_pipe_sequential_init_U/h_1_reg_23179_reg[0]_467[0]               |                                                                                                                                     |                3 |              6 |         2.00 |
|  MLZedboard_i/processing_system7_0/inst/FCLK_CLK0 | MLZedboard_i/inference_0/inst/grp_inference_Pipeline_VITIS_LOOP_41_1_fu_3207/flow_control_loop_pipe_sequential_init_U/h_1_reg_23179_reg[0]_46[0]                |                                                                                                                                     |                2 |              6 |         3.00 |
|  MLZedboard_i/processing_system7_0/inst/FCLK_CLK0 | MLZedboard_i/inference_0/inst/grp_inference_Pipeline_VITIS_LOOP_41_1_fu_3207/flow_control_loop_pipe_sequential_init_U/h_1_reg_23179_reg[0]_469[0]               |                                                                                                                                     |                2 |              6 |         3.00 |
|  MLZedboard_i/processing_system7_0/inst/FCLK_CLK0 | MLZedboard_i/inference_0/inst/grp_inference_Pipeline_VITIS_LOOP_41_1_fu_3207/flow_control_loop_pipe_sequential_init_U/h_1_reg_23179_reg[0]_47[0]                |                                                                                                                                     |                2 |              6 |         3.00 |
|  MLZedboard_i/processing_system7_0/inst/FCLK_CLK0 | MLZedboard_i/inference_0/inst/grp_inference_Pipeline_VITIS_LOOP_41_1_fu_3207/flow_control_loop_pipe_sequential_init_U/h_1_reg_23179_reg[0]_470[0]               |                                                                                                                                     |                3 |              6 |         2.00 |
|  MLZedboard_i/processing_system7_0/inst/FCLK_CLK0 | MLZedboard_i/inference_0/inst/grp_inference_Pipeline_VITIS_LOOP_41_1_fu_3207/flow_control_loop_pipe_sequential_init_U/h_1_reg_23179_reg[0]_471[0]               |                                                                                                                                     |                2 |              6 |         3.00 |
|  MLZedboard_i/processing_system7_0/inst/FCLK_CLK0 | MLZedboard_i/inference_0/inst/grp_inference_Pipeline_VITIS_LOOP_41_1_fu_3207/flow_control_loop_pipe_sequential_init_U/h_1_reg_23179_reg[0]_472[0]               |                                                                                                                                     |                2 |              6 |         3.00 |
|  MLZedboard_i/processing_system7_0/inst/FCLK_CLK0 | MLZedboard_i/inference_0/inst/grp_inference_Pipeline_VITIS_LOOP_41_1_fu_3207/flow_control_loop_pipe_sequential_init_U/h_1_reg_23179_reg[0]_473[0]               |                                                                                                                                     |                2 |              6 |         3.00 |
|  MLZedboard_i/processing_system7_0/inst/FCLK_CLK0 | MLZedboard_i/inference_0/inst/grp_inference_Pipeline_VITIS_LOOP_41_1_fu_3207/flow_control_loop_pipe_sequential_init_U/h_1_reg_23179_reg[0]_474[0]               |                                                                                                                                     |                2 |              6 |         3.00 |
|  MLZedboard_i/processing_system7_0/inst/FCLK_CLK0 | MLZedboard_i/inference_0/inst/grp_inference_Pipeline_VITIS_LOOP_41_1_fu_3207/flow_control_loop_pipe_sequential_init_U/h_1_reg_23179_reg[0]_475[0]               |                                                                                                                                     |                2 |              6 |         3.00 |
|  MLZedboard_i/processing_system7_0/inst/FCLK_CLK0 | MLZedboard_i/inference_0/inst/grp_inference_Pipeline_VITIS_LOOP_41_1_fu_3207/flow_control_loop_pipe_sequential_init_U/h_1_reg_23179_reg[0]_385[0]               |                                                                                                                                     |                3 |              6 |         2.00 |
|  MLZedboard_i/processing_system7_0/inst/FCLK_CLK0 | MLZedboard_i/inference_0/inst/grp_inference_Pipeline_VITIS_LOOP_41_1_fu_3207/flow_control_loop_pipe_sequential_init_U/h_1_reg_23179_reg[0]_377[0]               |                                                                                                                                     |                2 |              6 |         3.00 |
|  MLZedboard_i/processing_system7_0/inst/FCLK_CLK0 | MLZedboard_i/inference_0/inst/grp_inference_Pipeline_VITIS_LOOP_41_1_fu_3207/flow_control_loop_pipe_sequential_init_U/h_1_reg_23179_reg[0]_378[0]               |                                                                                                                                     |                2 |              6 |         3.00 |
|  MLZedboard_i/processing_system7_0/inst/FCLK_CLK0 | MLZedboard_i/inference_0/inst/grp_inference_Pipeline_VITIS_LOOP_41_1_fu_3207/flow_control_loop_pipe_sequential_init_U/h_1_reg_23179_reg[0]_379[0]               |                                                                                                                                     |                2 |              6 |         3.00 |
|  MLZedboard_i/processing_system7_0/inst/FCLK_CLK0 | MLZedboard_i/inference_0/inst/grp_inference_Pipeline_VITIS_LOOP_41_1_fu_3207/flow_control_loop_pipe_sequential_init_U/h_1_reg_23179_reg[0]_38[0]                |                                                                                                                                     |                3 |              6 |         2.00 |
|  MLZedboard_i/processing_system7_0/inst/FCLK_CLK0 | MLZedboard_i/inference_0/inst/grp_inference_Pipeline_VITIS_LOOP_41_1_fu_3207/flow_control_loop_pipe_sequential_init_U/h_1_reg_23179_reg[0]_380[0]               |                                                                                                                                     |                2 |              6 |         3.00 |
|  MLZedboard_i/processing_system7_0/inst/FCLK_CLK0 | MLZedboard_i/inference_0/inst/grp_inference_Pipeline_VITIS_LOOP_41_1_fu_3207/flow_control_loop_pipe_sequential_init_U/h_1_reg_23179_reg[0]_381[0]               |                                                                                                                                     |                2 |              6 |         3.00 |
|  MLZedboard_i/processing_system7_0/inst/FCLK_CLK0 | MLZedboard_i/inference_0/inst/grp_inference_Pipeline_VITIS_LOOP_41_1_fu_3207/flow_control_loop_pipe_sequential_init_U/h_1_reg_23179_reg[0]_382[0]               |                                                                                                                                     |                2 |              6 |         3.00 |
|  MLZedboard_i/processing_system7_0/inst/FCLK_CLK0 | MLZedboard_i/inference_0/inst/grp_inference_Pipeline_VITIS_LOOP_41_1_fu_3207/flow_control_loop_pipe_sequential_init_U/h_1_reg_23179_reg[0]_383[0]               |                                                                                                                                     |                2 |              6 |         3.00 |
|  MLZedboard_i/processing_system7_0/inst/FCLK_CLK0 | MLZedboard_i/inference_0/inst/grp_inference_Pipeline_VITIS_LOOP_41_1_fu_3207/flow_control_loop_pipe_sequential_init_U/h_1_reg_23179_reg[0]_384[0]               |                                                                                                                                     |                2 |              6 |         3.00 |
|  MLZedboard_i/processing_system7_0/inst/FCLK_CLK0 | MLZedboard_i/inference_0/inst/grp_inference_Pipeline_VITIS_LOOP_41_1_fu_3207/flow_control_loop_pipe_sequential_init_U/h_1_reg_23179_reg[0]_376[0]               |                                                                                                                                     |                2 |              6 |         3.00 |
|  MLZedboard_i/processing_system7_0/inst/FCLK_CLK0 | MLZedboard_i/inference_0/inst/grp_inference_Pipeline_VITIS_LOOP_41_1_fu_3207/flow_control_loop_pipe_sequential_init_U/h_1_reg_23179_reg[0]_386[0]               |                                                                                                                                     |                2 |              6 |         3.00 |
|  MLZedboard_i/processing_system7_0/inst/FCLK_CLK0 | MLZedboard_i/inference_0/inst/grp_inference_Pipeline_VITIS_LOOP_41_1_fu_3207/flow_control_loop_pipe_sequential_init_U/h_1_reg_23179_reg[0]_387[0]               |                                                                                                                                     |                2 |              6 |         3.00 |
|  MLZedboard_i/processing_system7_0/inst/FCLK_CLK0 | MLZedboard_i/inference_0/inst/grp_inference_Pipeline_VITIS_LOOP_41_1_fu_3207/flow_control_loop_pipe_sequential_init_U/h_1_reg_23179_reg[0]_388[0]               |                                                                                                                                     |                2 |              6 |         3.00 |
|  MLZedboard_i/processing_system7_0/inst/FCLK_CLK0 | MLZedboard_i/inference_0/inst/grp_inference_Pipeline_VITIS_LOOP_41_1_fu_3207/flow_control_loop_pipe_sequential_init_U/h_1_reg_23179_reg[0]_389[0]               |                                                                                                                                     |                3 |              6 |         2.00 |
|  MLZedboard_i/processing_system7_0/inst/FCLK_CLK0 | MLZedboard_i/inference_0/inst/grp_inference_Pipeline_VITIS_LOOP_41_1_fu_3207/flow_control_loop_pipe_sequential_init_U/h_1_reg_23179_reg[0]_39[0]                |                                                                                                                                     |                2 |              6 |         3.00 |
|  MLZedboard_i/processing_system7_0/inst/FCLK_CLK0 | MLZedboard_i/inference_0/inst/grp_inference_Pipeline_VITIS_LOOP_41_1_fu_3207/flow_control_loop_pipe_sequential_init_U/h_1_reg_23179_reg[0]_390[0]               |                                                                                                                                     |                2 |              6 |         3.00 |
|  MLZedboard_i/processing_system7_0/inst/FCLK_CLK0 | MLZedboard_i/inference_0/inst/grp_inference_Pipeline_VITIS_LOOP_41_1_fu_3207/flow_control_loop_pipe_sequential_init_U/h_1_reg_23179_reg[0]_391[0]               |                                                                                                                                     |                2 |              6 |         3.00 |
|  MLZedboard_i/processing_system7_0/inst/FCLK_CLK0 | MLZedboard_i/inference_0/inst/grp_inference_Pipeline_VITIS_LOOP_41_1_fu_3207/flow_control_loop_pipe_sequential_init_U/h_1_reg_23179_reg[0]_392[0]               |                                                                                                                                     |                2 |              6 |         3.00 |
|  MLZedboard_i/processing_system7_0/inst/FCLK_CLK0 | MLZedboard_i/inference_0/inst/grp_inference_Pipeline_VITIS_LOOP_41_1_fu_3207/flow_control_loop_pipe_sequential_init_U/h_1_reg_23179_reg[0]_369[0]               |                                                                                                                                     |                2 |              6 |         3.00 |
|  MLZedboard_i/processing_system7_0/inst/FCLK_CLK0 | MLZedboard_i/inference_0/inst/grp_inference_Pipeline_VITIS_LOOP_41_1_fu_3207/flow_control_loop_pipe_sequential_init_U/h_1_reg_23179_reg[0]_361[0]               |                                                                                                                                     |                3 |              6 |         2.00 |
|  MLZedboard_i/processing_system7_0/inst/FCLK_CLK0 | MLZedboard_i/inference_0/inst/grp_inference_Pipeline_VITIS_LOOP_41_1_fu_3207/flow_control_loop_pipe_sequential_init_U/h_1_reg_23179_reg[0]_362[0]               |                                                                                                                                     |                3 |              6 |         2.00 |
|  MLZedboard_i/processing_system7_0/inst/FCLK_CLK0 | MLZedboard_i/inference_0/inst/grp_inference_Pipeline_VITIS_LOOP_41_1_fu_3207/flow_control_loop_pipe_sequential_init_U/h_1_reg_23179_reg[0]_363[0]               |                                                                                                                                     |                2 |              6 |         3.00 |
|  MLZedboard_i/processing_system7_0/inst/FCLK_CLK0 | MLZedboard_i/inference_0/inst/grp_inference_Pipeline_VITIS_LOOP_41_1_fu_3207/flow_control_loop_pipe_sequential_init_U/h_1_reg_23179_reg[0]_364[0]               |                                                                                                                                     |                2 |              6 |         3.00 |
|  MLZedboard_i/processing_system7_0/inst/FCLK_CLK0 | MLZedboard_i/inference_0/inst/grp_inference_Pipeline_VITIS_LOOP_41_1_fu_3207/flow_control_loop_pipe_sequential_init_U/h_1_reg_23179_reg[0]_365[0]               |                                                                                                                                     |                3 |              6 |         2.00 |
|  MLZedboard_i/processing_system7_0/inst/FCLK_CLK0 | MLZedboard_i/inference_0/inst/grp_inference_Pipeline_VITIS_LOOP_41_1_fu_3207/flow_control_loop_pipe_sequential_init_U/h_1_reg_23179_reg[0]_366[0]               |                                                                                                                                     |                2 |              6 |         3.00 |
|  MLZedboard_i/processing_system7_0/inst/FCLK_CLK0 | MLZedboard_i/inference_0/inst/grp_inference_Pipeline_VITIS_LOOP_41_1_fu_3207/flow_control_loop_pipe_sequential_init_U/h_1_reg_23179_reg[0]_367[0]               |                                                                                                                                     |                3 |              6 |         2.00 |
|  MLZedboard_i/processing_system7_0/inst/FCLK_CLK0 | MLZedboard_i/inference_0/inst/grp_inference_Pipeline_VITIS_LOOP_41_1_fu_3207/flow_control_loop_pipe_sequential_init_U/h_1_reg_23179_reg[0]_368[0]               |                                                                                                                                     |                2 |              6 |         3.00 |
|  MLZedboard_i/processing_system7_0/inst/FCLK_CLK0 | MLZedboard_i/inference_0/inst/grp_inference_Pipeline_VITIS_LOOP_41_1_fu_3207/flow_control_loop_pipe_sequential_init_U/h_1_reg_23179_reg[0]_393[0]               |                                                                                                                                     |                2 |              6 |         3.00 |
|  MLZedboard_i/processing_system7_0/inst/FCLK_CLK0 | MLZedboard_i/inference_0/inst/grp_inference_Pipeline_VITIS_LOOP_41_1_fu_3207/flow_control_loop_pipe_sequential_init_U/h_1_reg_23179_reg[0]_37[0]                |                                                                                                                                     |                2 |              6 |         3.00 |
|  MLZedboard_i/processing_system7_0/inst/FCLK_CLK0 | MLZedboard_i/inference_0/inst/grp_inference_Pipeline_VITIS_LOOP_41_1_fu_3207/flow_control_loop_pipe_sequential_init_U/h_1_reg_23179_reg[0]_370[0]               |                                                                                                                                     |                2 |              6 |         3.00 |
|  MLZedboard_i/processing_system7_0/inst/FCLK_CLK0 | MLZedboard_i/inference_0/inst/grp_inference_Pipeline_VITIS_LOOP_41_1_fu_3207/flow_control_loop_pipe_sequential_init_U/h_1_reg_23179_reg[0]_371[0]               |                                                                                                                                     |                2 |              6 |         3.00 |
|  MLZedboard_i/processing_system7_0/inst/FCLK_CLK0 | MLZedboard_i/inference_0/inst/grp_inference_Pipeline_VITIS_LOOP_41_1_fu_3207/flow_control_loop_pipe_sequential_init_U/h_1_reg_23179_reg[0]_373[0]               |                                                                                                                                     |                2 |              6 |         3.00 |
|  MLZedboard_i/processing_system7_0/inst/FCLK_CLK0 | MLZedboard_i/comblock_0/U0/AXIL_inst/axi_arready0                                                                                                               | MLZedboard_i/comblock_0/U0/AXIL_inst/p_0_in                                                                                         |                2 |              6 |         3.00 |
|  MLZedboard_i/processing_system7_0/inst/FCLK_CLK0 | MLZedboard_i/comblock_0/U0/AXIL_inst/axi_awready0                                                                                                               | MLZedboard_i/comblock_0/U0/AXIL_inst/p_0_in                                                                                         |                3 |              6 |         2.00 |
|  MLZedboard_i/processing_system7_0/inst/FCLK_CLK0 | MLZedboard_i/inference_0/inst/grp_inference_Pipeline_VITIS_LOOP_41_1_fu_3207/flow_control_loop_pipe_sequential_init_U/h_1_reg_23179_reg[0]_374[0]               |                                                                                                                                     |                3 |              6 |         2.00 |
|  MLZedboard_i/processing_system7_0/inst/FCLK_CLK0 | MLZedboard_i/inference_0/inst/grp_inference_Pipeline_VITIS_LOOP_41_1_fu_3207/flow_control_loop_pipe_sequential_init_U/h_1_reg_23179_reg[0]_375[0]               |                                                                                                                                     |                3 |              6 |         2.00 |
|  MLZedboard_i/processing_system7_0/inst/FCLK_CLK0 | MLZedboard_i/inference_0/inst/grp_inference_Pipeline_VITIS_LOOP_41_1_fu_3207/flow_control_loop_pipe_sequential_init_U/h_1_reg_23179_reg[0]_418[0]               |                                                                                                                                     |                3 |              6 |         2.00 |
|  MLZedboard_i/processing_system7_0/inst/FCLK_CLK0 | MLZedboard_i/inference_0/inst/grp_inference_Pipeline_VITIS_LOOP_41_1_fu_3207/flow_control_loop_pipe_sequential_init_U/h_1_reg_23179_reg[0]_41[0]                |                                                                                                                                     |                2 |              6 |         3.00 |
|  MLZedboard_i/processing_system7_0/inst/FCLK_CLK0 | MLZedboard_i/inference_0/inst/grp_inference_Pipeline_VITIS_LOOP_41_1_fu_3207/flow_control_loop_pipe_sequential_init_U/h_1_reg_23179_reg[0]_410[0]               |                                                                                                                                     |                2 |              6 |         3.00 |
|  MLZedboard_i/processing_system7_0/inst/FCLK_CLK0 | MLZedboard_i/inference_0/inst/grp_inference_Pipeline_VITIS_LOOP_41_1_fu_3207/flow_control_loop_pipe_sequential_init_U/h_1_reg_23179_reg[0]_411[0]               |                                                                                                                                     |                2 |              6 |         3.00 |
|  MLZedboard_i/processing_system7_0/inst/FCLK_CLK0 | MLZedboard_i/inference_0/inst/grp_inference_Pipeline_VITIS_LOOP_41_1_fu_3207/flow_control_loop_pipe_sequential_init_U/h_1_reg_23179_reg[0]_412[0]               |                                                                                                                                     |                3 |              6 |         2.00 |
|  MLZedboard_i/processing_system7_0/inst/FCLK_CLK0 | MLZedboard_i/inference_0/inst/grp_inference_Pipeline_VITIS_LOOP_41_1_fu_3207/flow_control_loop_pipe_sequential_init_U/h_1_reg_23179_reg[0]_413[0]               |                                                                                                                                     |                2 |              6 |         3.00 |
|  MLZedboard_i/processing_system7_0/inst/FCLK_CLK0 | MLZedboard_i/inference_0/inst/grp_inference_Pipeline_VITIS_LOOP_41_1_fu_3207/flow_control_loop_pipe_sequential_init_U/h_1_reg_23179_reg[0]_414[0]               |                                                                                                                                     |                2 |              6 |         3.00 |
|  MLZedboard_i/processing_system7_0/inst/FCLK_CLK0 | MLZedboard_i/inference_0/inst/grp_inference_Pipeline_VITIS_LOOP_41_1_fu_3207/flow_control_loop_pipe_sequential_init_U/h_1_reg_23179_reg[0]_415[0]               |                                                                                                                                     |                2 |              6 |         3.00 |
|  MLZedboard_i/processing_system7_0/inst/FCLK_CLK0 | MLZedboard_i/inference_0/inst/grp_inference_Pipeline_VITIS_LOOP_41_1_fu_3207/flow_control_loop_pipe_sequential_init_U/h_1_reg_23179_reg[0]_416[0]               |                                                                                                                                     |                3 |              6 |         2.00 |
|  MLZedboard_i/processing_system7_0/inst/FCLK_CLK0 | MLZedboard_i/inference_0/inst/grp_inference_Pipeline_VITIS_LOOP_41_1_fu_3207/flow_control_loop_pipe_sequential_init_U/h_1_reg_23179_reg[0]_417[0]               |                                                                                                                                     |                3 |              6 |         2.00 |
|  MLZedboard_i/processing_system7_0/inst/FCLK_CLK0 | MLZedboard_i/inference_0/inst/grp_inference_Pipeline_VITIS_LOOP_41_1_fu_3207/flow_control_loop_pipe_sequential_init_U/h_1_reg_23179_reg[0]_409[0]               |                                                                                                                                     |                2 |              6 |         3.00 |
|  MLZedboard_i/processing_system7_0/inst/FCLK_CLK0 | MLZedboard_i/inference_0/inst/grp_inference_Pipeline_VITIS_LOOP_41_1_fu_3207/flow_control_loop_pipe_sequential_init_U/h_1_reg_23179_reg[0]_419[0]               |                                                                                                                                     |                3 |              6 |         2.00 |
|  MLZedboard_i/processing_system7_0/inst/FCLK_CLK0 | MLZedboard_i/inference_0/inst/grp_inference_Pipeline_VITIS_LOOP_41_1_fu_3207/flow_control_loop_pipe_sequential_init_U/h_1_reg_23179_reg[0]_42[0]                |                                                                                                                                     |                2 |              6 |         3.00 |
|  MLZedboard_i/processing_system7_0/inst/FCLK_CLK0 | MLZedboard_i/inference_0/inst/grp_inference_Pipeline_VITIS_LOOP_41_1_fu_3207/flow_control_loop_pipe_sequential_init_U/h_1_reg_23179_reg[0]_420[0]               |                                                                                                                                     |                2 |              6 |         3.00 |
|  MLZedboard_i/processing_system7_0/inst/FCLK_CLK0 | MLZedboard_i/inference_0/inst/grp_inference_Pipeline_VITIS_LOOP_41_1_fu_3207/flow_control_loop_pipe_sequential_init_U/h_1_reg_23179_reg[0]_421[0]               |                                                                                                                                     |                3 |              6 |         2.00 |
|  MLZedboard_i/processing_system7_0/inst/FCLK_CLK0 | MLZedboard_i/inference_0/inst/grp_inference_Pipeline_VITIS_LOOP_41_1_fu_3207/flow_control_loop_pipe_sequential_init_U/h_1_reg_23179_reg[0]_497[0]               |                                                                                                                                     |                2 |              6 |         3.00 |
|  MLZedboard_i/processing_system7_0/inst/FCLK_CLK0 | MLZedboard_i/inference_0/inst/grp_inference_Pipeline_VITIS_LOOP_41_1_fu_3207/flow_control_loop_pipe_sequential_init_U/h_1_reg_23179_reg[0]_423[0]               |                                                                                                                                     |                2 |              6 |         3.00 |
|  MLZedboard_i/processing_system7_0/inst/FCLK_CLK0 | MLZedboard_i/inference_0/inst/grp_inference_Pipeline_VITIS_LOOP_41_1_fu_3207/flow_control_loop_pipe_sequential_init_U/h_1_reg_23179_reg[0]_424[0]               |                                                                                                                                     |                2 |              6 |         3.00 |
|  MLZedboard_i/processing_system7_0/inst/FCLK_CLK0 | MLZedboard_i/inference_0/inst/grp_inference_Pipeline_VITIS_LOOP_41_1_fu_3207/flow_control_loop_pipe_sequential_init_U/h_1_reg_23179_reg[0]_425[0]               |                                                                                                                                     |                2 |              6 |         3.00 |
|  MLZedboard_i/processing_system7_0/inst/FCLK_CLK0 | MLZedboard_i/inference_0/inst/grp_inference_Pipeline_VITIS_LOOP_41_1_fu_3207/flow_control_loop_pipe_sequential_init_U/h_1_reg_23179_reg[0]_400[0]               |                                                                                                                                     |                2 |              6 |         3.00 |
|  MLZedboard_i/processing_system7_0/inst/FCLK_CLK0 | MLZedboard_i/inference_0/inst/grp_inference_Pipeline_VITIS_LOOP_41_1_fu_3207/flow_control_loop_pipe_sequential_init_U/h_1_reg_23179_reg[0]_394[0]               |                                                                                                                                     |                3 |              6 |         2.00 |
|  MLZedboard_i/processing_system7_0/inst/FCLK_CLK0 | MLZedboard_i/inference_0/inst/grp_inference_Pipeline_VITIS_LOOP_41_1_fu_3207/flow_control_loop_pipe_sequential_init_U/h_1_reg_23179_reg[0]_395[0]               |                                                                                                                                     |                2 |              6 |         3.00 |
|  MLZedboard_i/processing_system7_0/inst/FCLK_CLK0 | MLZedboard_i/inference_0/inst/grp_inference_Pipeline_VITIS_LOOP_41_1_fu_3207/flow_control_loop_pipe_sequential_init_U/h_1_reg_23179_reg[0]_396[0]               |                                                                                                                                     |                2 |              6 |         3.00 |
|  MLZedboard_i/processing_system7_0/inst/FCLK_CLK0 | MLZedboard_i/inference_0/inst/grp_inference_Pipeline_VITIS_LOOP_41_1_fu_3207/flow_control_loop_pipe_sequential_init_U/h_1_reg_23179_reg[0]_397[0]               |                                                                                                                                     |                3 |              6 |         2.00 |
|  MLZedboard_i/processing_system7_0/inst/FCLK_CLK0 | MLZedboard_i/inference_0/inst/grp_inference_Pipeline_VITIS_LOOP_41_1_fu_3207/flow_control_loop_pipe_sequential_init_U/h_1_reg_23179_reg[0]_398[0]               |                                                                                                                                     |                3 |              6 |         2.00 |
|  MLZedboard_i/processing_system7_0/inst/FCLK_CLK0 | MLZedboard_i/inference_0/inst/grp_inference_Pipeline_VITIS_LOOP_41_1_fu_3207/flow_control_loop_pipe_sequential_init_U/h_1_reg_23179_reg[0]_399[0]               |                                                                                                                                     |                2 |              6 |         3.00 |
|  MLZedboard_i/processing_system7_0/inst/FCLK_CLK0 | MLZedboard_i/inference_0/inst/grp_inference_Pipeline_VITIS_LOOP_41_1_fu_3207/flow_control_loop_pipe_sequential_init_U/h_1_reg_23179_reg[0]_4[0]                 |                                                                                                                                     |                2 |              6 |         3.00 |
|  MLZedboard_i/processing_system7_0/inst/FCLK_CLK0 | MLZedboard_i/inference_0/inst/grp_inference_Pipeline_VITIS_LOOP_41_1_fu_3207/flow_control_loop_pipe_sequential_init_U/h_1_reg_23179_reg[0]_40[0]                |                                                                                                                                     |                2 |              6 |         3.00 |
|  MLZedboard_i/processing_system7_0/inst/FCLK_CLK0 | MLZedboard_i/inference_0/inst/grp_inference_Pipeline_VITIS_LOOP_41_1_fu_3207/flow_control_loop_pipe_sequential_init_U/h_1_reg_23179_reg[0]_426[0]               |                                                                                                                                     |                3 |              6 |         2.00 |
|  MLZedboard_i/processing_system7_0/inst/FCLK_CLK0 | MLZedboard_i/inference_0/inst/grp_inference_Pipeline_VITIS_LOOP_41_1_fu_3207/flow_control_loop_pipe_sequential_init_U/h_1_reg_23179_reg[0]_401[0]               |                                                                                                                                     |                3 |              6 |         2.00 |
|  MLZedboard_i/processing_system7_0/inst/FCLK_CLK0 | MLZedboard_i/inference_0/inst/grp_inference_Pipeline_VITIS_LOOP_41_1_fu_3207/flow_control_loop_pipe_sequential_init_U/h_1_reg_23179_reg[0]_402[0]               |                                                                                                                                     |                2 |              6 |         3.00 |
|  MLZedboard_i/processing_system7_0/inst/FCLK_CLK0 | MLZedboard_i/inference_0/inst/grp_inference_Pipeline_VITIS_LOOP_41_1_fu_3207/flow_control_loop_pipe_sequential_init_U/h_1_reg_23179_reg[0]_403[0]               |                                                                                                                                     |                3 |              6 |         2.00 |
|  MLZedboard_i/processing_system7_0/inst/FCLK_CLK0 | MLZedboard_i/inference_0/inst/grp_inference_Pipeline_VITIS_LOOP_41_1_fu_3207/flow_control_loop_pipe_sequential_init_U/h_1_reg_23179_reg[0]_404[0]               |                                                                                                                                     |                2 |              6 |         3.00 |
|  MLZedboard_i/processing_system7_0/inst/FCLK_CLK0 | MLZedboard_i/inference_0/inst/grp_inference_Pipeline_VITIS_LOOP_41_1_fu_3207/flow_control_loop_pipe_sequential_init_U/h_1_reg_23179_reg[0]_405[0]               |                                                                                                                                     |                2 |              6 |         3.00 |
|  MLZedboard_i/processing_system7_0/inst/FCLK_CLK0 | MLZedboard_i/inference_0/inst/grp_inference_Pipeline_VITIS_LOOP_41_1_fu_3207/flow_control_loop_pipe_sequential_init_U/h_1_reg_23179_reg[0]_406[0]               |                                                                                                                                     |                3 |              6 |         2.00 |
|  MLZedboard_i/processing_system7_0/inst/FCLK_CLK0 | MLZedboard_i/inference_0/inst/grp_inference_Pipeline_VITIS_LOOP_41_1_fu_3207/flow_control_loop_pipe_sequential_init_U/h_1_reg_23179_reg[0]_407[0]               |                                                                                                                                     |                2 |              6 |         3.00 |
|  MLZedboard_i/processing_system7_0/inst/FCLK_CLK0 | MLZedboard_i/inference_0/inst/grp_inference_Pipeline_VITIS_LOOP_41_1_fu_3207/flow_control_loop_pipe_sequential_init_U/h_1_reg_23179_reg[0]_408[0]               |                                                                                                                                     |                2 |              6 |         3.00 |
|  MLZedboard_i/processing_system7_0/inst/FCLK_CLK0 | MLZedboard_i/inference_0/inst/grp_inference_Pipeline_VITIS_LOOP_41_1_fu_3207/flow_control_loop_pipe_sequential_init_U/h_1_reg_23179_reg[0]_83[0]                |                                                                                                                                     |                2 |              6 |         3.00 |
|  MLZedboard_i/processing_system7_0/inst/FCLK_CLK0 | MLZedboard_i/inference_0/inst/grp_inference_Pipeline_VITIS_LOOP_41_1_fu_3207/flow_control_loop_pipe_sequential_init_U/h_1_reg_23179_reg[0]_75[0]                |                                                                                                                                     |                2 |              6 |         3.00 |
|  MLZedboard_i/processing_system7_0/inst/FCLK_CLK0 | MLZedboard_i/inference_0/inst/grp_inference_Pipeline_VITIS_LOOP_41_1_fu_3207/flow_control_loop_pipe_sequential_init_U/h_1_reg_23179_reg[0]_76[0]                |                                                                                                                                     |                3 |              6 |         2.00 |
|  MLZedboard_i/processing_system7_0/inst/FCLK_CLK0 | MLZedboard_i/inference_0/inst/grp_inference_Pipeline_VITIS_LOOP_41_1_fu_3207/flow_control_loop_pipe_sequential_init_U/h_1_reg_23179_reg[0]_77[0]                |                                                                                                                                     |                2 |              6 |         3.00 |
|  MLZedboard_i/processing_system7_0/inst/FCLK_CLK0 | MLZedboard_i/inference_0/inst/grp_inference_Pipeline_VITIS_LOOP_41_1_fu_3207/flow_control_loop_pipe_sequential_init_U/h_1_reg_23179_reg[0]_78[0]                |                                                                                                                                     |                2 |              6 |         3.00 |
|  MLZedboard_i/processing_system7_0/inst/FCLK_CLK0 | MLZedboard_i/inference_0/inst/grp_inference_Pipeline_VITIS_LOOP_41_1_fu_3207/flow_control_loop_pipe_sequential_init_U/h_1_reg_23179_reg[0]_79[0]                |                                                                                                                                     |                2 |              6 |         3.00 |
|  MLZedboard_i/processing_system7_0/inst/FCLK_CLK0 | MLZedboard_i/inference_0/inst/grp_inference_Pipeline_VITIS_LOOP_41_1_fu_3207/flow_control_loop_pipe_sequential_init_U/h_1_reg_23179_reg[0]_8[0]                 |                                                                                                                                     |                2 |              6 |         3.00 |
|  MLZedboard_i/processing_system7_0/inst/FCLK_CLK0 | MLZedboard_i/inference_0/inst/grp_inference_Pipeline_VITIS_LOOP_41_1_fu_3207/flow_control_loop_pipe_sequential_init_U/h_1_reg_23179_reg[0]_80[0]                |                                                                                                                                     |                2 |              6 |         3.00 |
|  MLZedboard_i/processing_system7_0/inst/FCLK_CLK0 | MLZedboard_i/inference_0/inst/grp_inference_Pipeline_VITIS_LOOP_41_1_fu_3207/flow_control_loop_pipe_sequential_init_U/h_1_reg_23179_reg[0]_81[0]                |                                                                                                                                     |                2 |              6 |         3.00 |
|  MLZedboard_i/processing_system7_0/inst/FCLK_CLK0 | MLZedboard_i/inference_0/inst/grp_inference_Pipeline_VITIS_LOOP_41_1_fu_3207/flow_control_loop_pipe_sequential_init_U/h_1_reg_23179_reg[0]_82[0]                |                                                                                                                                     |                2 |              6 |         3.00 |
|  MLZedboard_i/processing_system7_0/inst/FCLK_CLK0 | MLZedboard_i/inference_0/inst/grp_inference_Pipeline_VITIS_LOOP_41_1_fu_3207/flow_control_loop_pipe_sequential_init_U/h_1_reg_23179_reg[0]_74[0]                |                                                                                                                                     |                2 |              6 |         3.00 |
|  MLZedboard_i/processing_system7_0/inst/FCLK_CLK0 | MLZedboard_i/inference_0/inst/grp_inference_Pipeline_VITIS_LOOP_41_1_fu_3207/flow_control_loop_pipe_sequential_init_U/h_1_reg_23179_reg[0]_84[0]                |                                                                                                                                     |                2 |              6 |         3.00 |
|  MLZedboard_i/processing_system7_0/inst/FCLK_CLK0 | MLZedboard_i/inference_0/inst/grp_inference_Pipeline_VITIS_LOOP_41_1_fu_3207/flow_control_loop_pipe_sequential_init_U/h_1_reg_23179_reg[0]_85[0]                |                                                                                                                                     |                2 |              6 |         3.00 |
|  MLZedboard_i/processing_system7_0/inst/FCLK_CLK0 | MLZedboard_i/inference_0/inst/grp_inference_Pipeline_VITIS_LOOP_41_1_fu_3207/flow_control_loop_pipe_sequential_init_U/h_1_reg_23179_reg[0]_86[0]                |                                                                                                                                     |                2 |              6 |         3.00 |
|  MLZedboard_i/processing_system7_0/inst/FCLK_CLK0 | MLZedboard_i/inference_0/inst/grp_inference_Pipeline_VITIS_LOOP_41_1_fu_3207/flow_control_loop_pipe_sequential_init_U/h_1_reg_23179_reg[0]_87[0]                |                                                                                                                                     |                2 |              6 |         3.00 |
|  MLZedboard_i/processing_system7_0/inst/FCLK_CLK0 | MLZedboard_i/inference_0/inst/grp_inference_Pipeline_VITIS_LOOP_41_1_fu_3207/flow_control_loop_pipe_sequential_init_U/h_1_reg_23179_reg[0]_88[0]                |                                                                                                                                     |                2 |              6 |         3.00 |
|  MLZedboard_i/processing_system7_0/inst/FCLK_CLK0 | MLZedboard_i/inference_0/inst/grp_inference_Pipeline_VITIS_LOOP_41_1_fu_3207/flow_control_loop_pipe_sequential_init_U/h_1_reg_23179_reg[0]_89[0]                |                                                                                                                                     |                3 |              6 |         2.00 |
|  MLZedboard_i/processing_system7_0/inst/FCLK_CLK0 | MLZedboard_i/inference_0/inst/grp_inference_Pipeline_VITIS_LOOP_41_1_fu_3207/flow_control_loop_pipe_sequential_init_U/h_1_reg_23179_reg[0]_9[0]                 |                                                                                                                                     |                2 |              6 |         3.00 |
|  MLZedboard_i/processing_system7_0/inst/FCLK_CLK0 | MLZedboard_i/inference_0/inst/grp_inference_Pipeline_VITIS_LOOP_41_1_fu_3207/flow_control_loop_pipe_sequential_init_U/h_1_reg_23179_reg[0]_90[0]                |                                                                                                                                     |                4 |              6 |         1.50 |
|  MLZedboard_i/processing_system7_0/inst/FCLK_CLK0 | MLZedboard_i/inference_0/inst/grp_inference_Pipeline_VITIS_LOOP_41_1_fu_3207/flow_control_loop_pipe_sequential_init_U/h_1_reg_23179_reg[0]_66[0]                |                                                                                                                                     |                2 |              6 |         3.00 |
|  MLZedboard_i/processing_system7_0/inst/FCLK_CLK0 | MLZedboard_i/inference_0/inst/grp_inference_Pipeline_VITIS_LOOP_41_1_fu_3207/flow_control_loop_pipe_sequential_init_U/h_1_reg_23179_reg[0]_59[0]                |                                                                                                                                     |                2 |              6 |         3.00 |
|  MLZedboard_i/processing_system7_0/inst/FCLK_CLK0 | MLZedboard_i/inference_0/inst/grp_inference_Pipeline_VITIS_LOOP_41_1_fu_3207/flow_control_loop_pipe_sequential_init_U/h_1_reg_23179_reg[0]_6[0]                 |                                                                                                                                     |                2 |              6 |         3.00 |
|  MLZedboard_i/processing_system7_0/inst/FCLK_CLK0 | MLZedboard_i/inference_0/inst/grp_inference_Pipeline_VITIS_LOOP_41_1_fu_3207/flow_control_loop_pipe_sequential_init_U/h_1_reg_23179_reg[0]_60[0]                |                                                                                                                                     |                3 |              6 |         2.00 |
|  MLZedboard_i/processing_system7_0/inst/FCLK_CLK0 | MLZedboard_i/inference_0/inst/grp_inference_Pipeline_VITIS_LOOP_41_1_fu_3207/flow_control_loop_pipe_sequential_init_U/h_1_reg_23179_reg[0]_61[0]                |                                                                                                                                     |                2 |              6 |         3.00 |
|  MLZedboard_i/processing_system7_0/inst/FCLK_CLK0 | MLZedboard_i/inference_0/inst/grp_inference_Pipeline_VITIS_LOOP_41_1_fu_3207/flow_control_loop_pipe_sequential_init_U/h_1_reg_23179_reg[0]_62[0]                |                                                                                                                                     |                3 |              6 |         2.00 |
|  MLZedboard_i/processing_system7_0/inst/FCLK_CLK0 | MLZedboard_i/inference_0/inst/grp_inference_Pipeline_VITIS_LOOP_41_1_fu_3207/flow_control_loop_pipe_sequential_init_U/h_1_reg_23179_reg[0]_63[0]                |                                                                                                                                     |                2 |              6 |         3.00 |
|  MLZedboard_i/processing_system7_0/inst/FCLK_CLK0 | MLZedboard_i/inference_0/inst/grp_inference_Pipeline_VITIS_LOOP_41_1_fu_3207/flow_control_loop_pipe_sequential_init_U/h_1_reg_23179_reg[0]_64[0]                |                                                                                                                                     |                2 |              6 |         3.00 |
|  MLZedboard_i/processing_system7_0/inst/FCLK_CLK0 | MLZedboard_i/inference_0/inst/grp_inference_Pipeline_VITIS_LOOP_41_1_fu_3207/flow_control_loop_pipe_sequential_init_U/h_1_reg_23179_reg[0]_65[0]                |                                                                                                                                     |                2 |              6 |         3.00 |
|  MLZedboard_i/processing_system7_0/inst/FCLK_CLK0 | MLZedboard_i/inference_0/inst/grp_inference_Pipeline_VITIS_LOOP_41_1_fu_3207/flow_control_loop_pipe_sequential_init_U/h_1_reg_23179_reg[0]_91[0]                |                                                                                                                                     |                2 |              6 |         3.00 |
|  MLZedboard_i/processing_system7_0/inst/FCLK_CLK0 | MLZedboard_i/inference_0/inst/grp_inference_Pipeline_VITIS_LOOP_41_1_fu_3207/flow_control_loop_pipe_sequential_init_U/h_1_reg_23179_reg[0]_67[0]                |                                                                                                                                     |                3 |              6 |         2.00 |
|  MLZedboard_i/processing_system7_0/inst/FCLK_CLK0 | MLZedboard_i/inference_0/inst/grp_inference_Pipeline_VITIS_LOOP_41_1_fu_3207/flow_control_loop_pipe_sequential_init_U/h_1_reg_23179_reg[0]_68[0]                |                                                                                                                                     |                2 |              6 |         3.00 |
|  MLZedboard_i/processing_system7_0/inst/FCLK_CLK0 | MLZedboard_i/inference_0/inst/grp_inference_Pipeline_VITIS_LOOP_41_1_fu_3207/flow_control_loop_pipe_sequential_init_U/h_1_reg_23179_reg[0]_69[0]                |                                                                                                                                     |                2 |              6 |         3.00 |
|  MLZedboard_i/processing_system7_0/inst/FCLK_CLK0 | MLZedboard_i/inference_0/inst/grp_inference_Pipeline_VITIS_LOOP_41_1_fu_3207/flow_control_loop_pipe_sequential_init_U/h_1_reg_23179_reg[0]_7[0]                 |                                                                                                                                     |                2 |              6 |         3.00 |
|  MLZedboard_i/processing_system7_0/inst/FCLK_CLK0 | MLZedboard_i/inference_0/inst/grp_inference_Pipeline_VITIS_LOOP_41_1_fu_3207/flow_control_loop_pipe_sequential_init_U/h_1_reg_23179_reg[0]_70[0]                |                                                                                                                                     |                3 |              6 |         2.00 |
|  MLZedboard_i/processing_system7_0/inst/FCLK_CLK0 | MLZedboard_i/inference_0/inst/grp_inference_Pipeline_VITIS_LOOP_41_1_fu_3207/flow_control_loop_pipe_sequential_init_U/h_1_reg_23179_reg[0]_71[0]                |                                                                                                                                     |                2 |              6 |         3.00 |
|  MLZedboard_i/processing_system7_0/inst/FCLK_CLK0 | MLZedboard_i/inference_0/inst/grp_inference_Pipeline_VITIS_LOOP_41_1_fu_3207/flow_control_loop_pipe_sequential_init_U/h_1_reg_23179_reg[0]_72[0]                |                                                                                                                                     |                2 |              6 |         3.00 |
|  MLZedboard_i/processing_system7_0/inst/FCLK_CLK0 | MLZedboard_i/inference_0/inst/grp_inference_Pipeline_VITIS_LOOP_41_1_fu_3207/flow_control_loop_pipe_sequential_init_U/h_1_reg_23179_reg[0]_73[0]                |                                                                                                                                     |                2 |              6 |         3.00 |
|  MLZedboard_i/processing_system7_0/inst/FCLK_CLK0 | MLZedboard_i/inference_0/inst/grp_inference_Pipeline_VITIS_LOOP_41_1_fu_3207/flow_control_loop_pipe_sequential_init_U/h_1_reg_23179_reg[1]_rep__2_3[0]          |                                                                                                                                     |                3 |              6 |         2.00 |
|  MLZedboard_i/processing_system7_0/inst/FCLK_CLK0 | MLZedboard_i/inference_0/inst/grp_inference_Pipeline_VITIS_LOOP_41_1_fu_3207/flow_control_loop_pipe_sequential_init_U/h_1_reg_23179_reg[1]_rep__1_4[0]          |                                                                                                                                     |                3 |              6 |         2.00 |
|  MLZedboard_i/processing_system7_0/inst/FCLK_CLK0 | MLZedboard_i/inference_0/inst/grp_inference_Pipeline_VITIS_LOOP_41_1_fu_3207/flow_control_loop_pipe_sequential_init_U/h_1_reg_23179_reg[1]_rep__1_5[0]          |                                                                                                                                     |                2 |              6 |         3.00 |
|  MLZedboard_i/processing_system7_0/inst/FCLK_CLK0 | MLZedboard_i/inference_0/inst/grp_inference_Pipeline_VITIS_LOOP_41_1_fu_3207/flow_control_loop_pipe_sequential_init_U/h_1_reg_23179_reg[1]_rep__1_6[0]          |                                                                                                                                     |                2 |              6 |         3.00 |
|  MLZedboard_i/processing_system7_0/inst/FCLK_CLK0 | MLZedboard_i/inference_0/inst/grp_inference_Pipeline_VITIS_LOOP_41_1_fu_3207/flow_control_loop_pipe_sequential_init_U/h_1_reg_23179_reg[1]_rep__2[0]            |                                                                                                                                     |                3 |              6 |         2.00 |
|  MLZedboard_i/processing_system7_0/inst/FCLK_CLK0 | MLZedboard_i/inference_0/inst/grp_inference_Pipeline_VITIS_LOOP_41_1_fu_3207/flow_control_loop_pipe_sequential_init_U/h_1_reg_23179_reg[1]_rep__2_0[0]          |                                                                                                                                     |                2 |              6 |         3.00 |
|  MLZedboard_i/processing_system7_0/inst/FCLK_CLK0 | MLZedboard_i/inference_0/inst/grp_inference_Pipeline_VITIS_LOOP_41_1_fu_3207/flow_control_loop_pipe_sequential_init_U/h_1_reg_23179_reg[1]_rep__2_1[0]          |                                                                                                                                     |                3 |              6 |         2.00 |
|  MLZedboard_i/processing_system7_0/inst/FCLK_CLK0 | MLZedboard_i/inference_0/inst/grp_inference_Pipeline_VITIS_LOOP_41_1_fu_3207/flow_control_loop_pipe_sequential_init_U/h_1_reg_23179_reg[1]_rep__2_10[0]         |                                                                                                                                     |                2 |              6 |         3.00 |
|  MLZedboard_i/processing_system7_0/inst/FCLK_CLK0 | MLZedboard_i/inference_0/inst/grp_inference_Pipeline_VITIS_LOOP_41_1_fu_3207/flow_control_loop_pipe_sequential_init_U/h_1_reg_23179_reg[1]_rep__2_11[0]         |                                                                                                                                     |                3 |              6 |         2.00 |
|  MLZedboard_i/processing_system7_0/inst/FCLK_CLK0 | MLZedboard_i/inference_0/inst/grp_inference_Pipeline_VITIS_LOOP_41_1_fu_3207/flow_control_loop_pipe_sequential_init_U/h_1_reg_23179_reg[1]_rep__2_2[0]          |                                                                                                                                     |                2 |              6 |         3.00 |
|  MLZedboard_i/processing_system7_0/inst/FCLK_CLK0 | MLZedboard_i/inference_0/inst/grp_inference_Pipeline_VITIS_LOOP_41_1_fu_3207/flow_control_loop_pipe_sequential_init_U/h_1_reg_23179_reg[1]_rep__1_3[0]          |                                                                                                                                     |                2 |              6 |         3.00 |
|  MLZedboard_i/processing_system7_0/inst/FCLK_CLK0 | MLZedboard_i/inference_0/inst/grp_inference_Pipeline_VITIS_LOOP_41_1_fu_3207/flow_control_loop_pipe_sequential_init_U/h_1_reg_23179_reg[1]_rep__2_4[0]          |                                                                                                                                     |                2 |              6 |         3.00 |
|  MLZedboard_i/processing_system7_0/inst/FCLK_CLK0 | MLZedboard_i/inference_0/inst/grp_inference_Pipeline_VITIS_LOOP_41_1_fu_3207/flow_control_loop_pipe_sequential_init_U/h_1_reg_23179_reg[1]_rep__2_5[0]          |                                                                                                                                     |                2 |              6 |         3.00 |
|  MLZedboard_i/processing_system7_0/inst/FCLK_CLK0 | MLZedboard_i/inference_0/inst/grp_inference_Pipeline_VITIS_LOOP_41_1_fu_3207/flow_control_loop_pipe_sequential_init_U/h_1_reg_23179_reg[1]_rep__2_6[0]          |                                                                                                                                     |                2 |              6 |         3.00 |
|  MLZedboard_i/processing_system7_0/inst/FCLK_CLK0 | MLZedboard_i/inference_0/inst/grp_inference_Pipeline_VITIS_LOOP_41_1_fu_3207/flow_control_loop_pipe_sequential_init_U/h_1_reg_23179_reg[1]_rep__2_7[0]          |                                                                                                                                     |                2 |              6 |         3.00 |
|  MLZedboard_i/processing_system7_0/inst/FCLK_CLK0 | MLZedboard_i/inference_0/inst/grp_inference_Pipeline_VITIS_LOOP_41_1_fu_3207/flow_control_loop_pipe_sequential_init_U/h_1_reg_23179_reg[1]_rep__2_8[0]          |                                                                                                                                     |                2 |              6 |         3.00 |
|  MLZedboard_i/processing_system7_0/inst/FCLK_CLK0 | MLZedboard_i/inference_0/inst/grp_inference_Pipeline_VITIS_LOOP_41_1_fu_3207/flow_control_loop_pipe_sequential_init_U/h_1_reg_23179_reg[1]_rep__2_9[0]          |                                                                                                                                     |                2 |              6 |         3.00 |
|  MLZedboard_i/processing_system7_0/inst/FCLK_CLK0 | MLZedboard_i/inference_0/inst/grp_inference_Pipeline_VITIS_LOOP_41_1_fu_3207/flow_control_loop_pipe_sequential_init_U/h_1_reg_23179_reg[3]_rep__1_0[0]          |                                                                                                                                     |                2 |              6 |         3.00 |
|  MLZedboard_i/processing_system7_0/inst/FCLK_CLK0 | MLZedboard_i/rst_ps7_0_100M/U0/SEQ/seq_cnt_en                                                                                                                   | MLZedboard_i/rst_ps7_0_100M/U0/SEQ/SEQ_COUNTER/clear                                                                                |                1 |              6 |         6.00 |
|  MLZedboard_i/processing_system7_0/inst/FCLK_CLK0 | MLZedboard_i/inference_0/inst/grp_inference_Pipeline_VITIS_LOOP_41_1_fu_3207/flow_control_loop_pipe_sequential_init_U/h_1_reg_23179_reg[1][0]                   |                                                                                                                                     |                2 |              6 |         3.00 |
|  MLZedboard_i/processing_system7_0/inst/FCLK_CLK0 | MLZedboard_i/inference_0/inst/grp_inference_Pipeline_VITIS_LOOP_41_1_fu_3207/flow_control_loop_pipe_sequential_init_U/h_1_reg_23179_reg[0]_92[0]                |                                                                                                                                     |                2 |              6 |         3.00 |
|  MLZedboard_i/processing_system7_0/inst/FCLK_CLK0 | MLZedboard_i/inference_0/inst/grp_inference_Pipeline_VITIS_LOOP_41_1_fu_3207/flow_control_loop_pipe_sequential_init_U/h_1_reg_23179_reg[0]_93[0]                |                                                                                                                                     |                2 |              6 |         3.00 |
|  MLZedboard_i/processing_system7_0/inst/FCLK_CLK0 | MLZedboard_i/inference_0/inst/grp_inference_Pipeline_VITIS_LOOP_41_1_fu_3207/flow_control_loop_pipe_sequential_init_U/h_1_reg_23179_reg[0]_94[0]                |                                                                                                                                     |                3 |              6 |         2.00 |
|  MLZedboard_i/processing_system7_0/inst/FCLK_CLK0 | MLZedboard_i/inference_0/inst/grp_inference_Pipeline_VITIS_LOOP_41_1_fu_3207/flow_control_loop_pipe_sequential_init_U/h_1_reg_23179_reg[0]_95[0]                |                                                                                                                                     |                2 |              6 |         3.00 |
|  MLZedboard_i/processing_system7_0/inst/FCLK_CLK0 | MLZedboard_i/inference_0/inst/grp_inference_Pipeline_VITIS_LOOP_41_1_fu_3207/flow_control_loop_pipe_sequential_init_U/h_1_reg_23179_reg[0]_96[0]                |                                                                                                                                     |                2 |              6 |         3.00 |
|  MLZedboard_i/processing_system7_0/inst/FCLK_CLK0 | MLZedboard_i/inference_0/inst/grp_inference_Pipeline_VITIS_LOOP_41_1_fu_3207/flow_control_loop_pipe_sequential_init_U/h_1_reg_23179_reg[0]_97[0]                |                                                                                                                                     |                2 |              6 |         3.00 |
|  MLZedboard_i/processing_system7_0/inst/FCLK_CLK0 | MLZedboard_i/inference_0/inst/grp_inference_Pipeline_VITIS_LOOP_41_1_fu_3207/flow_control_loop_pipe_sequential_init_U/h_1_reg_23179_reg[0]_98[0]                |                                                                                                                                     |                2 |              6 |         3.00 |
|  MLZedboard_i/processing_system7_0/inst/FCLK_CLK0 | MLZedboard_i/inference_0/inst/grp_inference_Pipeline_VITIS_LOOP_41_1_fu_3207/flow_control_loop_pipe_sequential_init_U/h_1_reg_23179_reg[0]_99[0]                |                                                                                                                                     |                3 |              6 |         2.00 |
|  MLZedboard_i/processing_system7_0/inst/FCLK_CLK0 | MLZedboard_i/inference_0/inst/grp_inference_Pipeline_VITIS_LOOP_41_1_fu_3207/flow_control_loop_pipe_sequential_init_U/h_1_reg_23179_reg[0]_58[0]                |                                                                                                                                     |                1 |              6 |         6.00 |
|  MLZedboard_i/processing_system7_0/inst/FCLK_CLK0 | MLZedboard_i/inference_0/inst/grp_inference_Pipeline_VITIS_LOOP_41_1_fu_3207/flow_control_loop_pipe_sequential_init_U/h_1_reg_23179_reg[1]_rep[0]               |                                                                                                                                     |                3 |              6 |         2.00 |
|  MLZedboard_i/processing_system7_0/inst/FCLK_CLK0 | MLZedboard_i/inference_0/inst/grp_inference_Pipeline_VITIS_LOOP_41_1_fu_3207/flow_control_loop_pipe_sequential_init_U/h_1_reg_23179_reg[1]_rep__0[0]            |                                                                                                                                     |                2 |              6 |         3.00 |
|  MLZedboard_i/processing_system7_0/inst/FCLK_CLK0 | MLZedboard_i/inference_0/inst/grp_inference_Pipeline_VITIS_LOOP_41_1_fu_3207/flow_control_loop_pipe_sequential_init_U/h_1_reg_23179_reg[1]_rep__0_0[0]          |                                                                                                                                     |                2 |              6 |         3.00 |
|  MLZedboard_i/processing_system7_0/inst/FCLK_CLK0 | MLZedboard_i/inference_0/inst/grp_inference_Pipeline_VITIS_LOOP_41_1_fu_3207/flow_control_loop_pipe_sequential_init_U/h_1_reg_23179_reg[1]_rep__0_1[0]          |                                                                                                                                     |                2 |              6 |         3.00 |
|  MLZedboard_i/processing_system7_0/inst/FCLK_CLK0 | MLZedboard_i/inference_0/inst/grp_inference_Pipeline_VITIS_LOOP_41_1_fu_3207/flow_control_loop_pipe_sequential_init_U/h_1_reg_23179_reg[1]_rep__1[0]            |                                                                                                                                     |                2 |              6 |         3.00 |
|  MLZedboard_i/processing_system7_0/inst/FCLK_CLK0 | MLZedboard_i/inference_0/inst/grp_inference_Pipeline_VITIS_LOOP_41_1_fu_3207/flow_control_loop_pipe_sequential_init_U/h_1_reg_23179_reg[1]_rep__1_0[0]          |                                                                                                                                     |                1 |              6 |         6.00 |
|  MLZedboard_i/processing_system7_0/inst/FCLK_CLK0 | MLZedboard_i/inference_0/inst/grp_inference_Pipeline_VITIS_LOOP_41_1_fu_3207/flow_control_loop_pipe_sequential_init_U/h_1_reg_23179_reg[1]_rep__1_1[0]          |                                                                                                                                     |                2 |              6 |         3.00 |
|  MLZedboard_i/processing_system7_0/inst/FCLK_CLK0 | MLZedboard_i/inference_0/inst/grp_inference_Pipeline_VITIS_LOOP_41_1_fu_3207/flow_control_loop_pipe_sequential_init_U/h_1_reg_23179_reg[1]_rep__1_2[0]          |                                                                                                                                     |                3 |              6 |         2.00 |
|  MLZedboard_i/processing_system7_0/inst/FCLK_CLK0 | MLZedboard_i/inference_0/inst/grp_inference_Pipeline_VITIS_LOOP_41_1_fu_3207/flow_control_loop_pipe_sequential_init_U/h_1_reg_23179_reg[0]_518[0]               |                                                                                                                                     |                2 |              6 |         3.00 |
|  MLZedboard_i/processing_system7_0/inst/FCLK_CLK0 | MLZedboard_i/inference_0/inst/grp_inference_Pipeline_VITIS_LOOP_41_1_fu_3207/flow_control_loop_pipe_sequential_init_U/h_1_reg_23179_reg[0]_51[0]                |                                                                                                                                     |                2 |              6 |         3.00 |
|  MLZedboard_i/processing_system7_0/inst/FCLK_CLK0 | MLZedboard_i/inference_0/inst/grp_inference_Pipeline_VITIS_LOOP_41_1_fu_3207/flow_control_loop_pipe_sequential_init_U/h_1_reg_23179_reg[0]_510[0]               |                                                                                                                                     |                3 |              6 |         2.00 |
|  MLZedboard_i/processing_system7_0/inst/FCLK_CLK0 | MLZedboard_i/inference_0/inst/grp_inference_Pipeline_VITIS_LOOP_41_1_fu_3207/flow_control_loop_pipe_sequential_init_U/h_1_reg_23179_reg[0]_511[0]               |                                                                                                                                     |                1 |              6 |         6.00 |
|  MLZedboard_i/processing_system7_0/inst/FCLK_CLK0 | MLZedboard_i/inference_0/inst/grp_inference_Pipeline_VITIS_LOOP_41_1_fu_3207/flow_control_loop_pipe_sequential_init_U/h_1_reg_23179_reg[0]_512[0]               |                                                                                                                                     |                2 |              6 |         3.00 |
|  MLZedboard_i/processing_system7_0/inst/FCLK_CLK0 | MLZedboard_i/inference_0/inst/grp_inference_Pipeline_VITIS_LOOP_41_1_fu_3207/flow_control_loop_pipe_sequential_init_U/h_1_reg_23179_reg[0]_513[0]               |                                                                                                                                     |                2 |              6 |         3.00 |
|  MLZedboard_i/processing_system7_0/inst/FCLK_CLK0 | MLZedboard_i/inference_0/inst/grp_inference_Pipeline_VITIS_LOOP_41_1_fu_3207/flow_control_loop_pipe_sequential_init_U/h_1_reg_23179_reg[0]_514[0]               |                                                                                                                                     |                2 |              6 |         3.00 |
|  MLZedboard_i/processing_system7_0/inst/FCLK_CLK0 | MLZedboard_i/inference_0/inst/grp_inference_Pipeline_VITIS_LOOP_41_1_fu_3207/flow_control_loop_pipe_sequential_init_U/h_1_reg_23179_reg[0]_515[0]               |                                                                                                                                     |                2 |              6 |         3.00 |
|  MLZedboard_i/processing_system7_0/inst/FCLK_CLK0 | MLZedboard_i/inference_0/inst/grp_inference_Pipeline_VITIS_LOOP_41_1_fu_3207/flow_control_loop_pipe_sequential_init_U/h_1_reg_23179_reg[0]_516[0]               |                                                                                                                                     |                2 |              6 |         3.00 |
|  MLZedboard_i/processing_system7_0/inst/FCLK_CLK0 | MLZedboard_i/inference_0/inst/grp_inference_Pipeline_VITIS_LOOP_41_1_fu_3207/flow_control_loop_pipe_sequential_init_U/h_1_reg_23179_reg[0]_517[0]               |                                                                                                                                     |                2 |              6 |         3.00 |
|  MLZedboard_i/processing_system7_0/inst/FCLK_CLK0 | MLZedboard_i/inference_0/inst/grp_inference_Pipeline_VITIS_LOOP_41_1_fu_3207/flow_control_loop_pipe_sequential_init_U/h_1_reg_23179_reg[0]_509[0]               |                                                                                                                                     |                2 |              6 |         3.00 |
|  MLZedboard_i/processing_system7_0/inst/FCLK_CLK0 | MLZedboard_i/inference_0/inst/grp_inference_Pipeline_VITIS_LOOP_41_1_fu_3207/flow_control_loop_pipe_sequential_init_U/h_1_reg_23179_reg[0]_519[0]               |                                                                                                                                     |                2 |              6 |         3.00 |
|  MLZedboard_i/processing_system7_0/inst/FCLK_CLK0 | MLZedboard_i/inference_0/inst/grp_inference_Pipeline_VITIS_LOOP_41_1_fu_3207/flow_control_loop_pipe_sequential_init_U/h_1_reg_23179_reg[0]_52[0]                |                                                                                                                                     |                2 |              6 |         3.00 |
|  MLZedboard_i/processing_system7_0/inst/FCLK_CLK0 | MLZedboard_i/inference_0/inst/grp_inference_Pipeline_VITIS_LOOP_41_1_fu_3207/flow_control_loop_pipe_sequential_init_U/h_1_reg_23179_reg[0]_520[0]               |                                                                                                                                     |                2 |              6 |         3.00 |
|  MLZedboard_i/processing_system7_0/inst/FCLK_CLK0 | MLZedboard_i/inference_0/inst/grp_inference_Pipeline_VITIS_LOOP_41_1_fu_3207/flow_control_loop_pipe_sequential_init_U/h_1_reg_23179_reg[0]_521[0]               |                                                                                                                                     |                2 |              6 |         3.00 |
|  MLZedboard_i/processing_system7_0/inst/FCLK_CLK0 | MLZedboard_i/inference_0/inst/grp_inference_Pipeline_VITIS_LOOP_41_1_fu_3207/flow_control_loop_pipe_sequential_init_U/h_1_reg_23179_reg[0]_522[0]               |                                                                                                                                     |                2 |              6 |         3.00 |
|  MLZedboard_i/processing_system7_0/inst/FCLK_CLK0 | MLZedboard_i/inference_0/inst/grp_inference_Pipeline_VITIS_LOOP_41_1_fu_3207/flow_control_loop_pipe_sequential_init_U/h_1_reg_23179_reg[0]_523[0]               |                                                                                                                                     |                2 |              6 |         3.00 |
|  MLZedboard_i/processing_system7_0/inst/FCLK_CLK0 | MLZedboard_i/inference_0/inst/grp_inference_Pipeline_VITIS_LOOP_41_1_fu_3207/flow_control_loop_pipe_sequential_init_U/h_1_reg_23179_reg[0]_524[0]               |                                                                                                                                     |                2 |              6 |         3.00 |
|  MLZedboard_i/processing_system7_0/inst/FCLK_CLK0 | MLZedboard_i/inference_0/inst/grp_inference_Pipeline_VITIS_LOOP_41_1_fu_3207/flow_control_loop_pipe_sequential_init_U/h_1_reg_23179_reg[0]_525[0]               |                                                                                                                                     |                2 |              6 |         3.00 |
|  MLZedboard_i/processing_system7_0/inst/FCLK_CLK0 | MLZedboard_i/inference_0/inst/grp_inference_Pipeline_VITIS_LOOP_41_1_fu_3207/flow_control_loop_pipe_sequential_init_U/h_1_reg_23179_reg[0]_500[0]               |                                                                                                                                     |                3 |              6 |         2.00 |
|  MLZedboard_i/processing_system7_0/inst/FCLK_CLK0 | MLZedboard_i/inference_0/inst/grp_inference_Pipeline_VITIS_LOOP_41_1_fu_3207/flow_control_loop_pipe_sequential_init_U/h_1_reg_23179_reg[0]_494[0]               |                                                                                                                                     |                2 |              6 |         3.00 |
|  MLZedboard_i/processing_system7_0/inst/FCLK_CLK0 | MLZedboard_i/inference_0/inst/grp_inference_Pipeline_VITIS_LOOP_41_1_fu_3207/flow_control_loop_pipe_sequential_init_U/h_1_reg_23179_reg[0]_495[0]               |                                                                                                                                     |                2 |              6 |         3.00 |
|  MLZedboard_i/processing_system7_0/inst/FCLK_CLK0 | MLZedboard_i/inference_0/inst/grp_inference_Pipeline_VITIS_LOOP_41_1_fu_3207/flow_control_loop_pipe_sequential_init_U/h_1_reg_23179_reg[0]_496[0]               |                                                                                                                                     |                3 |              6 |         2.00 |
|  MLZedboard_i/processing_system7_0/inst/FCLK_CLK0 | MLZedboard_i/inference_0/inst/grp_inference_Pipeline_VITIS_LOOP_41_1_fu_3207/flow_control_loop_pipe_sequential_init_U/h_1_reg_23179_reg[0]_372[0]               |                                                                                                                                     |                3 |              6 |         2.00 |
|  MLZedboard_i/processing_system7_0/inst/FCLK_CLK0 | MLZedboard_i/inference_0/inst/grp_inference_Pipeline_VITIS_LOOP_41_1_fu_3207/flow_control_loop_pipe_sequential_init_U/h_1_reg_23179_reg[0]_498[0]               |                                                                                                                                     |                3 |              6 |         2.00 |
|  MLZedboard_i/processing_system7_0/inst/FCLK_CLK0 | MLZedboard_i/inference_0/inst/grp_inference_Pipeline_VITIS_LOOP_41_1_fu_3207/flow_control_loop_pipe_sequential_init_U/h_1_reg_23179_reg[0]_499[0]               |                                                                                                                                     |                2 |              6 |         3.00 |
|  MLZedboard_i/processing_system7_0/inst/FCLK_CLK0 | MLZedboard_i/inference_0/inst/grp_inference_Pipeline_VITIS_LOOP_41_1_fu_3207/flow_control_loop_pipe_sequential_init_U/h_1_reg_23179_reg[0]_5[0]                 |                                                                                                                                     |                2 |              6 |         3.00 |
|  MLZedboard_i/processing_system7_0/inst/FCLK_CLK0 | MLZedboard_i/inference_0/inst/grp_inference_Pipeline_VITIS_LOOP_41_1_fu_3207/flow_control_loop_pipe_sequential_init_U/h_1_reg_23179_reg[0]_50[0]                |                                                                                                                                     |                2 |              6 |         3.00 |
|  MLZedboard_i/processing_system7_0/inst/FCLK_CLK0 | MLZedboard_i/inference_0/inst/grp_inference_Pipeline_VITIS_LOOP_41_1_fu_3207/flow_control_loop_pipe_sequential_init_U/h_1_reg_23179_reg[0]_526[0]               |                                                                                                                                     |                2 |              6 |         3.00 |
|  MLZedboard_i/processing_system7_0/inst/FCLK_CLK0 | MLZedboard_i/inference_0/inst/grp_inference_Pipeline_VITIS_LOOP_41_1_fu_3207/flow_control_loop_pipe_sequential_init_U/h_1_reg_23179_reg[0]_501[0]               |                                                                                                                                     |                2 |              6 |         3.00 |
|  MLZedboard_i/processing_system7_0/inst/FCLK_CLK0 | MLZedboard_i/inference_0/inst/grp_inference_Pipeline_VITIS_LOOP_41_1_fu_3207/flow_control_loop_pipe_sequential_init_U/h_1_reg_23179_reg[0]_502[0]               |                                                                                                                                     |                2 |              6 |         3.00 |
|  MLZedboard_i/processing_system7_0/inst/FCLK_CLK0 | MLZedboard_i/inference_0/inst/grp_inference_Pipeline_VITIS_LOOP_41_1_fu_3207/flow_control_loop_pipe_sequential_init_U/h_1_reg_23179_reg[0]_503[0]               |                                                                                                                                     |                2 |              6 |         3.00 |
|  MLZedboard_i/processing_system7_0/inst/FCLK_CLK0 | MLZedboard_i/inference_0/inst/grp_inference_Pipeline_VITIS_LOOP_41_1_fu_3207/flow_control_loop_pipe_sequential_init_U/h_1_reg_23179_reg[0]_504[0]               |                                                                                                                                     |                2 |              6 |         3.00 |
|  MLZedboard_i/processing_system7_0/inst/FCLK_CLK0 | MLZedboard_i/inference_0/inst/grp_inference_Pipeline_VITIS_LOOP_41_1_fu_3207/flow_control_loop_pipe_sequential_init_U/h_1_reg_23179_reg[0]_505[0]               |                                                                                                                                     |                2 |              6 |         3.00 |
|  MLZedboard_i/processing_system7_0/inst/FCLK_CLK0 | MLZedboard_i/inference_0/inst/grp_inference_Pipeline_VITIS_LOOP_41_1_fu_3207/flow_control_loop_pipe_sequential_init_U/h_1_reg_23179_reg[0]_506[0]               |                                                                                                                                     |                2 |              6 |         3.00 |
|  MLZedboard_i/processing_system7_0/inst/FCLK_CLK0 | MLZedboard_i/inference_0/inst/grp_inference_Pipeline_VITIS_LOOP_41_1_fu_3207/flow_control_loop_pipe_sequential_init_U/h_1_reg_23179_reg[0]_507[0]               |                                                                                                                                     |                2 |              6 |         3.00 |
|  MLZedboard_i/processing_system7_0/inst/FCLK_CLK0 | MLZedboard_i/inference_0/inst/grp_inference_Pipeline_VITIS_LOOP_41_1_fu_3207/flow_control_loop_pipe_sequential_init_U/h_1_reg_23179_reg[0]_508[0]               |                                                                                                                                     |                3 |              6 |         2.00 |
|  MLZedboard_i/processing_system7_0/inst/FCLK_CLK0 | MLZedboard_i/inference_0/inst/grp_inference_Pipeline_VITIS_LOOP_41_1_fu_3207/flow_control_loop_pipe_sequential_init_U/h_1_reg_23179_reg[0]_550[0]               |                                                                                                                                     |                2 |              6 |         3.00 |
|  MLZedboard_i/processing_system7_0/inst/FCLK_CLK0 | MLZedboard_i/inference_0/inst/grp_inference_Pipeline_VITIS_LOOP_41_1_fu_3207/flow_control_loop_pipe_sequential_init_U/h_1_reg_23179_reg[0]_543[0]               |                                                                                                                                     |                2 |              6 |         3.00 |
|  MLZedboard_i/processing_system7_0/inst/FCLK_CLK0 | MLZedboard_i/inference_0/inst/grp_inference_Pipeline_VITIS_LOOP_41_1_fu_3207/flow_control_loop_pipe_sequential_init_U/h_1_reg_23179_reg[0]_544[0]               |                                                                                                                                     |                1 |              6 |         6.00 |
|  MLZedboard_i/processing_system7_0/inst/FCLK_CLK0 | MLZedboard_i/inference_0/inst/grp_inference_Pipeline_VITIS_LOOP_41_1_fu_3207/flow_control_loop_pipe_sequential_init_U/h_1_reg_23179_reg[0]_545[0]               |                                                                                                                                     |                3 |              6 |         2.00 |
|  MLZedboard_i/processing_system7_0/inst/FCLK_CLK0 | MLZedboard_i/inference_0/inst/grp_inference_Pipeline_VITIS_LOOP_41_1_fu_3207/flow_control_loop_pipe_sequential_init_U/h_1_reg_23179_reg[0]_546[0]               |                                                                                                                                     |                2 |              6 |         3.00 |
|  MLZedboard_i/processing_system7_0/inst/FCLK_CLK0 | MLZedboard_i/inference_0/inst/grp_inference_Pipeline_VITIS_LOOP_41_1_fu_3207/flow_control_loop_pipe_sequential_init_U/h_1_reg_23179_reg[0]_547[0]               |                                                                                                                                     |                2 |              6 |         3.00 |
|  MLZedboard_i/processing_system7_0/inst/FCLK_CLK0 | MLZedboard_i/inference_0/inst/grp_inference_Pipeline_VITIS_LOOP_41_1_fu_3207/flow_control_loop_pipe_sequential_init_U/h_1_reg_23179_reg[0]_548[0]               |                                                                                                                                     |                2 |              6 |         3.00 |
|  MLZedboard_i/processing_system7_0/inst/FCLK_CLK0 | MLZedboard_i/inference_0/inst/grp_inference_Pipeline_VITIS_LOOP_41_1_fu_3207/flow_control_loop_pipe_sequential_init_U/h_1_reg_23179_reg[0]_549[0]               |                                                                                                                                     |                3 |              6 |         2.00 |
|  MLZedboard_i/processing_system7_0/inst/FCLK_CLK0 | MLZedboard_i/inference_0/inst/grp_inference_Pipeline_VITIS_LOOP_41_1_fu_3207/flow_control_loop_pipe_sequential_init_U/h_1_reg_23179_reg[0]_55[0]                |                                                                                                                                     |                2 |              6 |         3.00 |
|  MLZedboard_i/processing_system7_0/inst/FCLK_CLK0 | MLZedboard_i/inference_0/inst/grp_inference_Pipeline_VITIS_LOOP_41_1_fu_3207/flow_control_loop_pipe_sequential_init_U/h_1_reg_23179_reg[0]_542[0]               |                                                                                                                                     |                2 |              6 |         3.00 |
|  MLZedboard_i/processing_system7_0/inst/FCLK_CLK0 | MLZedboard_i/inference_0/inst/grp_inference_Pipeline_VITIS_LOOP_41_1_fu_3207/flow_control_loop_pipe_sequential_init_U/h_1_reg_23179_reg[0]_551[0]               |                                                                                                                                     |                2 |              6 |         3.00 |
|  MLZedboard_i/processing_system7_0/inst/FCLK_CLK0 | MLZedboard_i/inference_0/inst/grp_inference_Pipeline_VITIS_LOOP_41_1_fu_3207/flow_control_loop_pipe_sequential_init_U/h_1_reg_23179_reg[0]_552[0]               |                                                                                                                                     |                2 |              6 |         3.00 |
|  MLZedboard_i/processing_system7_0/inst/FCLK_CLK0 | MLZedboard_i/inference_0/inst/grp_inference_Pipeline_VITIS_LOOP_41_1_fu_3207/flow_control_loop_pipe_sequential_init_U/h_1_reg_23179_reg[0]_553[0]               |                                                                                                                                     |                2 |              6 |         3.00 |
|  MLZedboard_i/processing_system7_0/inst/FCLK_CLK0 | MLZedboard_i/inference_0/inst/grp_inference_Pipeline_VITIS_LOOP_41_1_fu_3207/flow_control_loop_pipe_sequential_init_U/h_1_reg_23179_reg[0]_554[0]               |                                                                                                                                     |                2 |              6 |         3.00 |
|  MLZedboard_i/processing_system7_0/inst/FCLK_CLK0 | MLZedboard_i/inference_0/inst/grp_inference_Pipeline_VITIS_LOOP_41_1_fu_3207/flow_control_loop_pipe_sequential_init_U/h_1_reg_23179_reg[0]_555[0]               |                                                                                                                                     |                1 |              6 |         6.00 |
|  MLZedboard_i/processing_system7_0/inst/FCLK_CLK0 | MLZedboard_i/inference_0/inst/grp_inference_Pipeline_VITIS_LOOP_41_1_fu_3207/flow_control_loop_pipe_sequential_init_U/h_1_reg_23179_reg[0]_556[0]               |                                                                                                                                     |                3 |              6 |         2.00 |
|  MLZedboard_i/processing_system7_0/inst/FCLK_CLK0 | MLZedboard_i/inference_0/inst/grp_inference_Pipeline_VITIS_LOOP_41_1_fu_3207/flow_control_loop_pipe_sequential_init_U/h_1_reg_23179_reg[0]_56[0]                |                                                                                                                                     |                2 |              6 |         3.00 |
|  MLZedboard_i/processing_system7_0/inst/FCLK_CLK0 | MLZedboard_i/inference_0/inst/grp_inference_Pipeline_VITIS_LOOP_41_1_fu_3207/flow_control_loop_pipe_sequential_init_U/h_1_reg_23179_reg[0]_57[0]                |                                                                                                                                     |                1 |              6 |         6.00 |
|  MLZedboard_i/processing_system7_0/inst/FCLK_CLK0 | MLZedboard_i/inference_0/inst/grp_inference_Pipeline_VITIS_LOOP_41_1_fu_3207/flow_control_loop_pipe_sequential_init_U/h_1_reg_23179_reg[0]_534[0]               |                                                                                                                                     |                2 |              6 |         3.00 |
|  MLZedboard_i/processing_system7_0/inst/FCLK_CLK0 | MLZedboard_i/inference_0/inst/grp_inference_Pipeline_VITIS_LOOP_41_1_fu_3207/flow_control_loop_pipe_sequential_init_U/h_1_reg_23179_reg[0]_527[0]               |                                                                                                                                     |                2 |              6 |         3.00 |
|  MLZedboard_i/processing_system7_0/inst/FCLK_CLK0 | MLZedboard_i/inference_0/inst/grp_inference_Pipeline_VITIS_LOOP_41_1_fu_3207/flow_control_loop_pipe_sequential_init_U/h_1_reg_23179_reg[0]_528[0]               |                                                                                                                                     |                2 |              6 |         3.00 |
|  MLZedboard_i/processing_system7_0/inst/FCLK_CLK0 | MLZedboard_i/inference_0/inst/grp_inference_Pipeline_VITIS_LOOP_41_1_fu_3207/flow_control_loop_pipe_sequential_init_U/h_1_reg_23179_reg[0]_529[0]               |                                                                                                                                     |                2 |              6 |         3.00 |
|  MLZedboard_i/processing_system7_0/inst/FCLK_CLK0 | MLZedboard_i/inference_0/inst/grp_inference_Pipeline_VITIS_LOOP_41_1_fu_3207/flow_control_loop_pipe_sequential_init_U/h_1_reg_23179_reg[0]_53[0]                |                                                                                                                                     |                2 |              6 |         3.00 |
|  MLZedboard_i/processing_system7_0/inst/FCLK_CLK0 | MLZedboard_i/inference_0/inst/grp_inference_Pipeline_VITIS_LOOP_41_1_fu_3207/flow_control_loop_pipe_sequential_init_U/h_1_reg_23179_reg[0]_530[0]               |                                                                                                                                     |                1 |              6 |         6.00 |
|  MLZedboard_i/processing_system7_0/inst/FCLK_CLK0 | MLZedboard_i/inference_0/inst/grp_inference_Pipeline_VITIS_LOOP_41_1_fu_3207/flow_control_loop_pipe_sequential_init_U/h_1_reg_23179_reg[0]_531[0]               |                                                                                                                                     |                3 |              6 |         2.00 |
|  MLZedboard_i/processing_system7_0/inst/FCLK_CLK0 | MLZedboard_i/inference_0/inst/grp_inference_Pipeline_VITIS_LOOP_41_1_fu_3207/flow_control_loop_pipe_sequential_init_U/h_1_reg_23179_reg[0]_532[0]               |                                                                                                                                     |                3 |              6 |         2.00 |
|  MLZedboard_i/processing_system7_0/inst/FCLK_CLK0 | MLZedboard_i/inference_0/inst/grp_inference_Pipeline_VITIS_LOOP_41_1_fu_3207/flow_control_loop_pipe_sequential_init_U/h_1_reg_23179_reg[0]_533[0]               |                                                                                                                                     |                2 |              6 |         3.00 |
|  MLZedboard_i/processing_system7_0/inst/FCLK_CLK0 | MLZedboard_i/inference_0/inst/grp_inference_Pipeline_VITIS_LOOP_41_1_fu_3207/flow_control_loop_pipe_sequential_init_U/h_1_reg_23179_reg[0]_493[0]               |                                                                                                                                     |                2 |              6 |         3.00 |
|  MLZedboard_i/processing_system7_0/inst/FCLK_CLK0 | MLZedboard_i/inference_0/inst/grp_inference_Pipeline_VITIS_LOOP_41_1_fu_3207/flow_control_loop_pipe_sequential_init_U/h_1_reg_23179_reg[0]_535[0]               |                                                                                                                                     |                3 |              6 |         2.00 |
|  MLZedboard_i/processing_system7_0/inst/FCLK_CLK0 | MLZedboard_i/inference_0/inst/grp_inference_Pipeline_VITIS_LOOP_41_1_fu_3207/flow_control_loop_pipe_sequential_init_U/h_1_reg_23179_reg[0]_536[0]               |                                                                                                                                     |                2 |              6 |         3.00 |
|  MLZedboard_i/processing_system7_0/inst/FCLK_CLK0 | MLZedboard_i/inference_0/inst/grp_inference_Pipeline_VITIS_LOOP_41_1_fu_3207/flow_control_loop_pipe_sequential_init_U/h_1_reg_23179_reg[0]_537[0]               |                                                                                                                                     |                2 |              6 |         3.00 |
|  MLZedboard_i/processing_system7_0/inst/FCLK_CLK0 | MLZedboard_i/inference_0/inst/grp_inference_Pipeline_VITIS_LOOP_41_1_fu_3207/flow_control_loop_pipe_sequential_init_U/h_1_reg_23179_reg[0]_538[0]               |                                                                                                                                     |                2 |              6 |         3.00 |
|  MLZedboard_i/processing_system7_0/inst/FCLK_CLK0 | MLZedboard_i/inference_0/inst/grp_inference_Pipeline_VITIS_LOOP_41_1_fu_3207/flow_control_loop_pipe_sequential_init_U/h_1_reg_23179_reg[0]_539[0]               |                                                                                                                                     |                2 |              6 |         3.00 |
|  MLZedboard_i/processing_system7_0/inst/FCLK_CLK0 | MLZedboard_i/inference_0/inst/grp_inference_Pipeline_VITIS_LOOP_41_1_fu_3207/flow_control_loop_pipe_sequential_init_U/h_1_reg_23179_reg[0]_54[0]                |                                                                                                                                     |                2 |              6 |         3.00 |
|  MLZedboard_i/processing_system7_0/inst/FCLK_CLK0 | MLZedboard_i/inference_0/inst/grp_inference_Pipeline_VITIS_LOOP_41_1_fu_3207/flow_control_loop_pipe_sequential_init_U/h_1_reg_23179_reg[0]_540[0]               |                                                                                                                                     |                1 |              6 |         6.00 |
|  MLZedboard_i/processing_system7_0/inst/FCLK_CLK0 | MLZedboard_i/inference_0/inst/grp_inference_Pipeline_VITIS_LOOP_41_1_fu_3207/flow_control_loop_pipe_sequential_init_U/h_1_reg_23179_reg[0]_541[0]               |                                                                                                                                     |                2 |              6 |         3.00 |
|  MLZedboard_i/processing_system7_0/inst/FCLK_CLK0 | MLZedboard_i/inference_0/inst/grp_inference_Pipeline_VITIS_LOOP_41_1_fu_3207/flow_control_loop_pipe_sequential_init_U/h_1_reg_23179_reg[0]_189[0]               |                                                                                                                                     |                2 |              6 |         3.00 |
|  MLZedboard_i/processing_system7_0/inst/FCLK_CLK0 | MLZedboard_i/inference_0/inst/grp_inference_Pipeline_VITIS_LOOP_41_1_fu_3207/flow_control_loop_pipe_sequential_init_U/h_1_reg_23179_reg[0]_180[0]               |                                                                                                                                     |                2 |              6 |         3.00 |
|  MLZedboard_i/processing_system7_0/inst/FCLK_CLK0 | MLZedboard_i/inference_0/inst/grp_inference_Pipeline_VITIS_LOOP_41_1_fu_3207/flow_control_loop_pipe_sequential_init_U/h_1_reg_23179_reg[0]_181[0]               |                                                                                                                                     |                2 |              6 |         3.00 |
|  MLZedboard_i/processing_system7_0/inst/FCLK_CLK0 | MLZedboard_i/inference_0/inst/grp_inference_Pipeline_VITIS_LOOP_41_1_fu_3207/flow_control_loop_pipe_sequential_init_U/h_1_reg_23179_reg[0]_182[0]               |                                                                                                                                     |                2 |              6 |         3.00 |
|  MLZedboard_i/processing_system7_0/inst/FCLK_CLK0 | MLZedboard_i/inference_0/inst/grp_inference_Pipeline_VITIS_LOOP_41_1_fu_3207/flow_control_loop_pipe_sequential_init_U/h_1_reg_23179_reg[0]_183[0]               |                                                                                                                                     |                2 |              6 |         3.00 |
|  MLZedboard_i/processing_system7_0/inst/FCLK_CLK0 | MLZedboard_i/inference_0/inst/grp_inference_Pipeline_VITIS_LOOP_41_1_fu_3207/flow_control_loop_pipe_sequential_init_U/h_1_reg_23179_reg[0]_184[0]               |                                                                                                                                     |                2 |              6 |         3.00 |
|  MLZedboard_i/processing_system7_0/inst/FCLK_CLK0 | MLZedboard_i/inference_0/inst/grp_inference_Pipeline_VITIS_LOOP_41_1_fu_3207/flow_control_loop_pipe_sequential_init_U/h_1_reg_23179_reg[0]_185[0]               |                                                                                                                                     |                3 |              6 |         2.00 |
|  MLZedboard_i/processing_system7_0/inst/FCLK_CLK0 | MLZedboard_i/inference_0/inst/grp_inference_Pipeline_VITIS_LOOP_41_1_fu_3207/flow_control_loop_pipe_sequential_init_U/h_1_reg_23179_reg[0]_186[0]               |                                                                                                                                     |                2 |              6 |         3.00 |
|  MLZedboard_i/processing_system7_0/inst/FCLK_CLK0 | MLZedboard_i/inference_0/inst/grp_inference_Pipeline_VITIS_LOOP_41_1_fu_3207/flow_control_loop_pipe_sequential_init_U/h_1_reg_23179_reg[0]_187[0]               |                                                                                                                                     |                2 |              6 |         3.00 |
|  MLZedboard_i/processing_system7_0/inst/FCLK_CLK0 | MLZedboard_i/inference_0/inst/grp_inference_Pipeline_VITIS_LOOP_41_1_fu_3207/flow_control_loop_pipe_sequential_init_U/h_1_reg_23179_reg[0]_188[0]               |                                                                                                                                     |                2 |              6 |         3.00 |
|  MLZedboard_i/processing_system7_0/inst/FCLK_CLK0 | MLZedboard_i/inference_0/inst/grp_inference_Pipeline_VITIS_LOOP_41_1_fu_3207/flow_control_loop_pipe_sequential_init_U/h_1_reg_23179_reg[0]_18[0]                |                                                                                                                                     |                2 |              6 |         3.00 |
|  MLZedboard_i/processing_system7_0/inst/FCLK_CLK0 | MLZedboard_i/inference_0/inst/grp_inference_Pipeline_VITIS_LOOP_41_1_fu_3207/flow_control_loop_pipe_sequential_init_U/h_1_reg_23179_reg[0]_19[0]                |                                                                                                                                     |                2 |              6 |         3.00 |
|  MLZedboard_i/processing_system7_0/inst/FCLK_CLK0 | MLZedboard_i/inference_0/inst/grp_inference_Pipeline_VITIS_LOOP_41_1_fu_3207/flow_control_loop_pipe_sequential_init_U/h_1_reg_23179_reg[0]_190[0]               |                                                                                                                                     |                3 |              6 |         2.00 |
|  MLZedboard_i/processing_system7_0/inst/FCLK_CLK0 | MLZedboard_i/inference_0/inst/grp_inference_Pipeline_VITIS_LOOP_41_1_fu_3207/flow_control_loop_pipe_sequential_init_U/h_1_reg_23179_reg[0]_191[0]               |                                                                                                                                     |                2 |              6 |         3.00 |
|  MLZedboard_i/processing_system7_0/inst/FCLK_CLK0 | MLZedboard_i/inference_0/inst/grp_inference_Pipeline_VITIS_LOOP_41_1_fu_3207/flow_control_loop_pipe_sequential_init_U/h_1_reg_23179_reg[0]_192[0]               |                                                                                                                                     |                3 |              6 |         2.00 |
|  MLZedboard_i/processing_system7_0/inst/FCLK_CLK0 | MLZedboard_i/inference_0/inst/grp_inference_Pipeline_VITIS_LOOP_41_1_fu_3207/flow_control_loop_pipe_sequential_init_U/h_1_reg_23179_reg[0]_193[0]               |                                                                                                                                     |                3 |              6 |         2.00 |
|  MLZedboard_i/processing_system7_0/inst/FCLK_CLK0 | MLZedboard_i/inference_0/inst/grp_inference_Pipeline_VITIS_LOOP_41_1_fu_3207/flow_control_loop_pipe_sequential_init_U/h_1_reg_23179_reg[0]_194[0]               |                                                                                                                                     |                2 |              6 |         3.00 |
|  MLZedboard_i/processing_system7_0/inst/FCLK_CLK0 | MLZedboard_i/inference_0/inst/grp_inference_Pipeline_VITIS_LOOP_41_1_fu_3207/flow_control_loop_pipe_sequential_init_U/h_1_reg_23179_reg[0]_195[0]               |                                                                                                                                     |                2 |              6 |         3.00 |
|  MLZedboard_i/processing_system7_0/inst/FCLK_CLK0 | MLZedboard_i/inference_0/inst/grp_inference_Pipeline_VITIS_LOOP_41_1_fu_3207/flow_control_loop_pipe_sequential_init_U/h_1_reg_23179_reg[0]_196[0]               |                                                                                                                                     |                2 |              6 |         3.00 |
|  MLZedboard_i/processing_system7_0/inst/FCLK_CLK0 | MLZedboard_i/inference_0/inst/grp_inference_Pipeline_VITIS_LOOP_41_1_fu_3207/flow_control_loop_pipe_sequential_init_U/h_1_reg_23179_reg[0]_171[0]               |                                                                                                                                     |                2 |              6 |         3.00 |
|  MLZedboard_i/processing_system7_0/inst/FCLK_CLK0 | MLZedboard_i/inference_0/inst/grp_inference_Pipeline_VITIS_LOOP_41_1_fu_3207/flow_control_loop_pipe_sequential_init_U/h_1_reg_23179_reg[0]_163[0]               |                                                                                                                                     |                2 |              6 |         3.00 |
|  MLZedboard_i/processing_system7_0/inst/FCLK_CLK0 | MLZedboard_i/inference_0/inst/grp_inference_Pipeline_VITIS_LOOP_41_1_fu_3207/flow_control_loop_pipe_sequential_init_U/h_1_reg_23179_reg[0]_164[0]               |                                                                                                                                     |                3 |              6 |         2.00 |
|  MLZedboard_i/processing_system7_0/inst/FCLK_CLK0 | MLZedboard_i/inference_0/inst/grp_inference_Pipeline_VITIS_LOOP_41_1_fu_3207/flow_control_loop_pipe_sequential_init_U/h_1_reg_23179_reg[0]_165[0]               |                                                                                                                                     |                2 |              6 |         3.00 |
|  MLZedboard_i/processing_system7_0/inst/FCLK_CLK0 | MLZedboard_i/inference_0/inst/grp_inference_Pipeline_VITIS_LOOP_41_1_fu_3207/flow_control_loop_pipe_sequential_init_U/h_1_reg_23179_reg[0]_166[0]               |                                                                                                                                     |                3 |              6 |         2.00 |
|  MLZedboard_i/processing_system7_0/inst/FCLK_CLK0 | MLZedboard_i/inference_0/inst/grp_inference_Pipeline_VITIS_LOOP_41_1_fu_3207/flow_control_loop_pipe_sequential_init_U/h_1_reg_23179_reg[0]_167[0]               |                                                                                                                                     |                2 |              6 |         3.00 |
|  MLZedboard_i/processing_system7_0/inst/FCLK_CLK0 | MLZedboard_i/inference_0/inst/grp_inference_Pipeline_VITIS_LOOP_41_1_fu_3207/flow_control_loop_pipe_sequential_init_U/h_1_reg_23179_reg[0]_168[0]               |                                                                                                                                     |                2 |              6 |         3.00 |
|  MLZedboard_i/processing_system7_0/inst/FCLK_CLK0 | MLZedboard_i/inference_0/inst/grp_inference_Pipeline_VITIS_LOOP_41_1_fu_3207/flow_control_loop_pipe_sequential_init_U/h_1_reg_23179_reg[0]_169[0]               |                                                                                                                                     |                2 |              6 |         3.00 |
|  MLZedboard_i/processing_system7_0/inst/FCLK_CLK0 | MLZedboard_i/inference_0/inst/grp_inference_Pipeline_VITIS_LOOP_41_1_fu_3207/flow_control_loop_pipe_sequential_init_U/h_1_reg_23179_reg[0]_17[0]                |                                                                                                                                     |                3 |              6 |         2.00 |
|  MLZedboard_i/processing_system7_0/inst/FCLK_CLK0 | MLZedboard_i/inference_0/inst/grp_inference_Pipeline_VITIS_LOOP_41_1_fu_3207/flow_control_loop_pipe_sequential_init_U/h_1_reg_23179_reg[0]_170[0]               |                                                                                                                                     |                3 |              6 |         2.00 |
|  MLZedboard_i/processing_system7_0/inst/FCLK_CLK0 | MLZedboard_i/inference_0/inst/grp_inference_Pipeline_VITIS_LOOP_41_1_fu_3207/flow_control_loop_pipe_sequential_init_U/h_1_reg_23179_reg[0]_197[0]               |                                                                                                                                     |                2 |              6 |         3.00 |
|  MLZedboard_i/processing_system7_0/inst/FCLK_CLK0 | MLZedboard_i/inference_0/inst/grp_inference_Pipeline_VITIS_LOOP_41_1_fu_3207/flow_control_loop_pipe_sequential_init_U/h_1_reg_23179_reg[0]_172[0]               |                                                                                                                                     |                3 |              6 |         2.00 |
|  MLZedboard_i/processing_system7_0/inst/FCLK_CLK0 | MLZedboard_i/inference_0/inst/grp_inference_Pipeline_VITIS_LOOP_41_1_fu_3207/flow_control_loop_pipe_sequential_init_U/h_1_reg_23179_reg[0]_173[0]               |                                                                                                                                     |                3 |              6 |         2.00 |
|  MLZedboard_i/processing_system7_0/inst/FCLK_CLK0 | MLZedboard_i/inference_0/inst/grp_inference_Pipeline_VITIS_LOOP_41_1_fu_3207/flow_control_loop_pipe_sequential_init_U/h_1_reg_23179_reg[0]_174[0]               |                                                                                                                                     |                2 |              6 |         3.00 |
|  MLZedboard_i/processing_system7_0/inst/FCLK_CLK0 | MLZedboard_i/inference_0/inst/grp_inference_Pipeline_VITIS_LOOP_41_1_fu_3207/flow_control_loop_pipe_sequential_init_U/h_1_reg_23179_reg[0]_175[0]               |                                                                                                                                     |                2 |              6 |         3.00 |
|  MLZedboard_i/processing_system7_0/inst/FCLK_CLK0 | MLZedboard_i/inference_0/inst/grp_inference_Pipeline_VITIS_LOOP_41_1_fu_3207/flow_control_loop_pipe_sequential_init_U/h_1_reg_23179_reg[0]_176[0]               |                                                                                                                                     |                2 |              6 |         3.00 |
|  MLZedboard_i/processing_system7_0/inst/FCLK_CLK0 | MLZedboard_i/inference_0/inst/grp_inference_Pipeline_VITIS_LOOP_41_1_fu_3207/flow_control_loop_pipe_sequential_init_U/h_1_reg_23179_reg[0]_177[0]               |                                                                                                                                     |                2 |              6 |         3.00 |
|  MLZedboard_i/processing_system7_0/inst/FCLK_CLK0 | MLZedboard_i/inference_0/inst/grp_inference_Pipeline_VITIS_LOOP_41_1_fu_3207/flow_control_loop_pipe_sequential_init_U/h_1_reg_23179_reg[0]_178[0]               |                                                                                                                                     |                3 |              6 |         2.00 |
|  MLZedboard_i/processing_system7_0/inst/FCLK_CLK0 | MLZedboard_i/inference_0/inst/grp_inference_Pipeline_VITIS_LOOP_41_1_fu_3207/flow_control_loop_pipe_sequential_init_U/h_1_reg_23179_reg[0]_179[0]               |                                                                                                                                     |                2 |              6 |         3.00 |
|  MLZedboard_i/processing_system7_0/inst/FCLK_CLK0 | MLZedboard_i/inference_0/inst/grp_inference_Pipeline_VITIS_LOOP_41_1_fu_3207/flow_control_loop_pipe_sequential_init_U/h_1_reg_23179_reg[0]_222[0]               |                                                                                                                                     |                2 |              6 |         3.00 |
|  MLZedboard_i/processing_system7_0/inst/FCLK_CLK0 | MLZedboard_i/inference_0/inst/grp_inference_Pipeline_VITIS_LOOP_41_1_fu_3207/flow_control_loop_pipe_sequential_init_U/h_1_reg_23179_reg[0]_214[0]               |                                                                                                                                     |                2 |              6 |         3.00 |
|  MLZedboard_i/processing_system7_0/inst/FCLK_CLK0 | MLZedboard_i/inference_0/inst/grp_inference_Pipeline_VITIS_LOOP_41_1_fu_3207/flow_control_loop_pipe_sequential_init_U/h_1_reg_23179_reg[0]_215[0]               |                                                                                                                                     |                2 |              6 |         3.00 |
|  MLZedboard_i/processing_system7_0/inst/FCLK_CLK0 | MLZedboard_i/inference_0/inst/grp_inference_Pipeline_VITIS_LOOP_41_1_fu_3207/flow_control_loop_pipe_sequential_init_U/h_1_reg_23179_reg[0]_216[0]               |                                                                                                                                     |                2 |              6 |         3.00 |
|  MLZedboard_i/processing_system7_0/inst/FCLK_CLK0 | MLZedboard_i/inference_0/inst/grp_inference_Pipeline_VITIS_LOOP_41_1_fu_3207/flow_control_loop_pipe_sequential_init_U/h_1_reg_23179_reg[0]_217[0]               |                                                                                                                                     |                2 |              6 |         3.00 |
|  MLZedboard_i/processing_system7_0/inst/FCLK_CLK0 | MLZedboard_i/inference_0/inst/grp_inference_Pipeline_VITIS_LOOP_41_1_fu_3207/flow_control_loop_pipe_sequential_init_U/h_1_reg_23179_reg[0]_218[0]               |                                                                                                                                     |                3 |              6 |         2.00 |
|  MLZedboard_i/processing_system7_0/inst/FCLK_CLK0 | MLZedboard_i/inference_0/inst/grp_inference_Pipeline_VITIS_LOOP_41_1_fu_3207/flow_control_loop_pipe_sequential_init_U/h_1_reg_23179_reg[0]_219[0]               |                                                                                                                                     |                2 |              6 |         3.00 |
|  MLZedboard_i/processing_system7_0/inst/FCLK_CLK0 | MLZedboard_i/inference_0/inst/grp_inference_Pipeline_VITIS_LOOP_41_1_fu_3207/flow_control_loop_pipe_sequential_init_U/h_1_reg_23179_reg[0]_22[0]                |                                                                                                                                     |                2 |              6 |         3.00 |
|  MLZedboard_i/processing_system7_0/inst/FCLK_CLK0 | MLZedboard_i/inference_0/inst/grp_inference_Pipeline_VITIS_LOOP_41_1_fu_3207/flow_control_loop_pipe_sequential_init_U/h_1_reg_23179_reg[0]_220[0]               |                                                                                                                                     |                3 |              6 |         2.00 |
|  MLZedboard_i/processing_system7_0/inst/FCLK_CLK0 | MLZedboard_i/inference_0/inst/grp_inference_Pipeline_VITIS_LOOP_41_1_fu_3207/flow_control_loop_pipe_sequential_init_U/h_1_reg_23179_reg[0]_221[0]               |                                                                                                                                     |                3 |              6 |         2.00 |
|  MLZedboard_i/processing_system7_0/inst/FCLK_CLK0 | MLZedboard_i/inference_0/inst/grp_inference_Pipeline_VITIS_LOOP_41_1_fu_3207/flow_control_loop_pipe_sequential_init_U/h_1_reg_23179_reg[0]_213[0]               |                                                                                                                                     |                2 |              6 |         3.00 |
|  MLZedboard_i/processing_system7_0/inst/FCLK_CLK0 | MLZedboard_i/inference_0/inst/grp_inference_Pipeline_VITIS_LOOP_41_1_fu_3207/flow_control_loop_pipe_sequential_init_U/h_1_reg_23179_reg[0]_223[0]               |                                                                                                                                     |                3 |              6 |         2.00 |
|  MLZedboard_i/processing_system7_0/inst/FCLK_CLK0 | MLZedboard_i/inference_0/inst/grp_inference_Pipeline_VITIS_LOOP_41_1_fu_3207/flow_control_loop_pipe_sequential_init_U/h_1_reg_23179_reg[0]_224[0]               |                                                                                                                                     |                2 |              6 |         3.00 |
|  MLZedboard_i/processing_system7_0/inst/FCLK_CLK0 | MLZedboard_i/inference_0/inst/grp_inference_Pipeline_VITIS_LOOP_41_1_fu_3207/flow_control_loop_pipe_sequential_init_U/h_1_reg_23179_reg[0]_225[0]               |                                                                                                                                     |                2 |              6 |         3.00 |
|  MLZedboard_i/processing_system7_0/inst/FCLK_CLK0 | MLZedboard_i/inference_0/inst/grp_inference_Pipeline_VITIS_LOOP_41_1_fu_3207/flow_control_loop_pipe_sequential_init_U/h_1_reg_23179_reg[0]_226[0]               |                                                                                                                                     |                2 |              6 |         3.00 |
|  MLZedboard_i/processing_system7_0/inst/FCLK_CLK0 | MLZedboard_i/inference_0/inst/grp_inference_Pipeline_VITIS_LOOP_41_1_fu_3207/flow_control_loop_pipe_sequential_init_U/h_1_reg_23179_reg[0]_227[0]               |                                                                                                                                     |                3 |              6 |         2.00 |
|  MLZedboard_i/processing_system7_0/inst/FCLK_CLK0 | MLZedboard_i/inference_0/inst/grp_inference_Pipeline_VITIS_LOOP_41_1_fu_3207/flow_control_loop_pipe_sequential_init_U/h_1_reg_23179_reg[0]_228[0]               |                                                                                                                                     |                2 |              6 |         3.00 |
|  MLZedboard_i/processing_system7_0/inst/FCLK_CLK0 | MLZedboard_i/inference_0/inst/grp_inference_Pipeline_VITIS_LOOP_41_1_fu_3207/flow_control_loop_pipe_sequential_init_U/h_1_reg_23179_reg[0]_229[0]               |                                                                                                                                     |                3 |              6 |         2.00 |
|  MLZedboard_i/processing_system7_0/inst/FCLK_CLK0 | MLZedboard_i/inference_0/inst/grp_inference_Pipeline_VITIS_LOOP_41_1_fu_3207/flow_control_loop_pipe_sequential_init_U/h_1_reg_23179_reg[0]_23[0]                |                                                                                                                                     |                2 |              6 |         3.00 |
|  MLZedboard_i/processing_system7_0/inst/FCLK_CLK0 | MLZedboard_i/inference_0/inst/grp_inference_Pipeline_VITIS_LOOP_41_1_fu_3207/flow_control_loop_pipe_sequential_init_U/h_1_reg_23179_reg[0]_205[0]               |                                                                                                                                     |                3 |              6 |         2.00 |
|  MLZedboard_i/processing_system7_0/inst/FCLK_CLK0 | MLZedboard_i/inference_0/inst/grp_inference_Pipeline_VITIS_LOOP_41_1_fu_3207/flow_control_loop_pipe_sequential_init_U/h_1_reg_23179_reg[0]_198[0]               |                                                                                                                                     |                2 |              6 |         3.00 |
|  MLZedboard_i/processing_system7_0/inst/FCLK_CLK0 | MLZedboard_i/inference_0/inst/grp_inference_Pipeline_VITIS_LOOP_41_1_fu_3207/flow_control_loop_pipe_sequential_init_U/h_1_reg_23179_reg[0]_199[0]               |                                                                                                                                     |                3 |              6 |         2.00 |
|  MLZedboard_i/processing_system7_0/inst/FCLK_CLK0 | MLZedboard_i/inference_0/inst/grp_inference_Pipeline_VITIS_LOOP_41_1_fu_3207/flow_control_loop_pipe_sequential_init_U/h_1_reg_23179_reg[0]_2[0]                 |                                                                                                                                     |                2 |              6 |         3.00 |
|  MLZedboard_i/processing_system7_0/inst/FCLK_CLK0 | MLZedboard_i/inference_0/inst/grp_inference_Pipeline_VITIS_LOOP_41_1_fu_3207/flow_control_loop_pipe_sequential_init_U/h_1_reg_23179_reg[0]_20[0]                |                                                                                                                                     |                2 |              6 |         3.00 |
|  MLZedboard_i/processing_system7_0/inst/FCLK_CLK0 | MLZedboard_i/inference_0/inst/grp_inference_Pipeline_VITIS_LOOP_41_1_fu_3207/flow_control_loop_pipe_sequential_init_U/h_1_reg_23179_reg[0]_200[0]               |                                                                                                                                     |                2 |              6 |         3.00 |
|  MLZedboard_i/processing_system7_0/inst/FCLK_CLK0 | MLZedboard_i/inference_0/inst/grp_inference_Pipeline_VITIS_LOOP_41_1_fu_3207/flow_control_loop_pipe_sequential_init_U/h_1_reg_23179_reg[0]_201[0]               |                                                                                                                                     |                2 |              6 |         3.00 |
|  MLZedboard_i/processing_system7_0/inst/FCLK_CLK0 | MLZedboard_i/inference_0/inst/grp_inference_Pipeline_VITIS_LOOP_41_1_fu_3207/flow_control_loop_pipe_sequential_init_U/h_1_reg_23179_reg[0]_202[0]               |                                                                                                                                     |                3 |              6 |         2.00 |
|  MLZedboard_i/processing_system7_0/inst/FCLK_CLK0 | MLZedboard_i/inference_0/inst/grp_inference_Pipeline_VITIS_LOOP_41_1_fu_3207/flow_control_loop_pipe_sequential_init_U/h_1_reg_23179_reg[0]_203[0]               |                                                                                                                                     |                2 |              6 |         3.00 |
|  MLZedboard_i/processing_system7_0/inst/FCLK_CLK0 | MLZedboard_i/inference_0/inst/grp_inference_Pipeline_VITIS_LOOP_41_1_fu_3207/flow_control_loop_pipe_sequential_init_U/h_1_reg_23179_reg[0]_204[0]               |                                                                                                                                     |                2 |              6 |         3.00 |
|  MLZedboard_i/processing_system7_0/inst/FCLK_CLK0 | MLZedboard_i/inference_0/inst/grp_inference_Pipeline_VITIS_LOOP_41_1_fu_3207/flow_control_loop_pipe_sequential_init_U/h_1_reg_23179_reg[0]_162[0]               |                                                                                                                                     |                2 |              6 |         3.00 |
|  MLZedboard_i/processing_system7_0/inst/FCLK_CLK0 | MLZedboard_i/inference_0/inst/grp_inference_Pipeline_VITIS_LOOP_41_1_fu_3207/flow_control_loop_pipe_sequential_init_U/h_1_reg_23179_reg[0]_206[0]               |                                                                                                                                     |                3 |              6 |         2.00 |
|  MLZedboard_i/processing_system7_0/inst/FCLK_CLK0 | MLZedboard_i/inference_0/inst/grp_inference_Pipeline_VITIS_LOOP_41_1_fu_3207/flow_control_loop_pipe_sequential_init_U/h_1_reg_23179_reg[0]_207[0]               |                                                                                                                                     |                2 |              6 |         3.00 |
|  MLZedboard_i/processing_system7_0/inst/FCLK_CLK0 | MLZedboard_i/inference_0/inst/grp_inference_Pipeline_VITIS_LOOP_41_1_fu_3207/flow_control_loop_pipe_sequential_init_U/h_1_reg_23179_reg[0]_208[0]               |                                                                                                                                     |                2 |              6 |         3.00 |
|  MLZedboard_i/processing_system7_0/inst/FCLK_CLK0 | MLZedboard_i/inference_0/inst/grp_inference_Pipeline_VITIS_LOOP_41_1_fu_3207/flow_control_loop_pipe_sequential_init_U/h_1_reg_23179_reg[0]_209[0]               |                                                                                                                                     |                2 |              6 |         3.00 |
|  MLZedboard_i/processing_system7_0/inst/FCLK_CLK0 | MLZedboard_i/inference_0/inst/grp_inference_Pipeline_VITIS_LOOP_41_1_fu_3207/flow_control_loop_pipe_sequential_init_U/h_1_reg_23179_reg[0]_21[0]                |                                                                                                                                     |                2 |              6 |         3.00 |
|  MLZedboard_i/processing_system7_0/inst/FCLK_CLK0 | MLZedboard_i/inference_0/inst/grp_inference_Pipeline_VITIS_LOOP_41_1_fu_3207/flow_control_loop_pipe_sequential_init_U/h_1_reg_23179_reg[0]_210[0]               |                                                                                                                                     |                2 |              6 |         3.00 |
|  MLZedboard_i/processing_system7_0/inst/FCLK_CLK0 | MLZedboard_i/inference_0/inst/grp_inference_Pipeline_VITIS_LOOP_41_1_fu_3207/flow_control_loop_pipe_sequential_init_U/h_1_reg_23179_reg[0]_211[0]               |                                                                                                                                     |                2 |              6 |         3.00 |
|  MLZedboard_i/processing_system7_0/inst/FCLK_CLK0 | MLZedboard_i/inference_0/inst/grp_inference_Pipeline_VITIS_LOOP_41_1_fu_3207/flow_control_loop_pipe_sequential_init_U/h_1_reg_23179_reg[0]_212[0]               |                                                                                                                                     |                2 |              6 |         3.00 |
|  MLZedboard_i/processing_system7_0/inst/FCLK_CLK0 | MLZedboard_i/inference_0/inst/grp_inference_Pipeline_VITIS_LOOP_41_1_fu_3207/flow_control_loop_pipe_sequential_init_U/h_1_reg_23179_reg[0]_120[0]               |                                                                                                                                     |                2 |              6 |         3.00 |
|  MLZedboard_i/processing_system7_0/inst/FCLK_CLK0 | MLZedboard_i/inference_0/inst/grp_inference_Pipeline_VITIS_LOOP_41_1_fu_3207/flow_control_loop_pipe_sequential_init_U/h_1_reg_23179_reg[0]_112[0]               |                                                                                                                                     |                2 |              6 |         3.00 |
|  MLZedboard_i/processing_system7_0/inst/FCLK_CLK0 | MLZedboard_i/inference_0/inst/grp_inference_Pipeline_VITIS_LOOP_41_1_fu_3207/flow_control_loop_pipe_sequential_init_U/h_1_reg_23179_reg[0]_113[0]               |                                                                                                                                     |                2 |              6 |         3.00 |
|  MLZedboard_i/processing_system7_0/inst/FCLK_CLK0 | MLZedboard_i/inference_0/inst/grp_inference_Pipeline_VITIS_LOOP_41_1_fu_3207/flow_control_loop_pipe_sequential_init_U/h_1_reg_23179_reg[0]_114[0]               |                                                                                                                                     |                2 |              6 |         3.00 |
|  MLZedboard_i/processing_system7_0/inst/FCLK_CLK0 | MLZedboard_i/inference_0/inst/grp_inference_Pipeline_VITIS_LOOP_41_1_fu_3207/flow_control_loop_pipe_sequential_init_U/h_1_reg_23179_reg[0]_115[0]               |                                                                                                                                     |                3 |              6 |         2.00 |
|  MLZedboard_i/processing_system7_0/inst/FCLK_CLK0 | MLZedboard_i/inference_0/inst/grp_inference_Pipeline_VITIS_LOOP_41_1_fu_3207/flow_control_loop_pipe_sequential_init_U/h_1_reg_23179_reg[0]_116[0]               |                                                                                                                                     |                3 |              6 |         2.00 |
|  MLZedboard_i/processing_system7_0/inst/FCLK_CLK0 | MLZedboard_i/inference_0/inst/grp_inference_Pipeline_VITIS_LOOP_41_1_fu_3207/flow_control_loop_pipe_sequential_init_U/h_1_reg_23179_reg[0]_117[0]               |                                                                                                                                     |                3 |              6 |         2.00 |
|  MLZedboard_i/processing_system7_0/inst/FCLK_CLK0 | MLZedboard_i/inference_0/inst/grp_inference_Pipeline_VITIS_LOOP_41_1_fu_3207/flow_control_loop_pipe_sequential_init_U/h_1_reg_23179_reg[0]_118[0]               |                                                                                                                                     |                3 |              6 |         2.00 |
|  MLZedboard_i/processing_system7_0/inst/FCLK_CLK0 | MLZedboard_i/inference_0/inst/grp_inference_Pipeline_VITIS_LOOP_41_1_fu_3207/flow_control_loop_pipe_sequential_init_U/h_1_reg_23179_reg[0]_119[0]               |                                                                                                                                     |                2 |              6 |         3.00 |
|  MLZedboard_i/processing_system7_0/inst/FCLK_CLK0 | MLZedboard_i/inference_0/inst/grp_inference_Pipeline_VITIS_LOOP_41_1_fu_3207/flow_control_loop_pipe_sequential_init_U/h_1_reg_23179_reg[0]_12[0]                |                                                                                                                                     |                3 |              6 |         2.00 |
|  MLZedboard_i/processing_system7_0/inst/FCLK_CLK0 | MLZedboard_i/inference_0/inst/grp_inference_Pipeline_VITIS_LOOP_41_1_fu_3207/flow_control_loop_pipe_sequential_init_U/h_1_reg_23179_reg[0]_111[0]               |                                                                                                                                     |                2 |              6 |         3.00 |
|  MLZedboard_i/processing_system7_0/inst/FCLK_CLK0 | MLZedboard_i/inference_0/inst/grp_inference_Pipeline_VITIS_LOOP_41_1_fu_3207/flow_control_loop_pipe_sequential_init_U/h_1_reg_23179_reg[0]_121[0]               |                                                                                                                                     |                2 |              6 |         3.00 |
|  MLZedboard_i/processing_system7_0/inst/FCLK_CLK0 | MLZedboard_i/inference_0/inst/grp_inference_Pipeline_VITIS_LOOP_41_1_fu_3207/flow_control_loop_pipe_sequential_init_U/h_1_reg_23179_reg[0]_122[0]               |                                                                                                                                     |                2 |              6 |         3.00 |
|  MLZedboard_i/processing_system7_0/inst/FCLK_CLK0 | MLZedboard_i/inference_0/inst/grp_inference_Pipeline_VITIS_LOOP_41_1_fu_3207/flow_control_loop_pipe_sequential_init_U/h_1_reg_23179_reg[0]_123[0]               |                                                                                                                                     |                2 |              6 |         3.00 |
|  MLZedboard_i/processing_system7_0/inst/FCLK_CLK0 | MLZedboard_i/inference_0/inst/grp_inference_Pipeline_VITIS_LOOP_41_1_fu_3207/flow_control_loop_pipe_sequential_init_U/h_1_reg_23179_reg[0]_124[0]               |                                                                                                                                     |                2 |              6 |         3.00 |
|  MLZedboard_i/processing_system7_0/inst/FCLK_CLK0 | MLZedboard_i/inference_0/inst/grp_inference_Pipeline_VITIS_LOOP_41_1_fu_3207/flow_control_loop_pipe_sequential_init_U/h_1_reg_23179_reg[0]_125[0]               |                                                                                                                                     |                3 |              6 |         2.00 |
|  MLZedboard_i/processing_system7_0/inst/FCLK_CLK0 | MLZedboard_i/inference_0/inst/grp_inference_Pipeline_VITIS_LOOP_41_1_fu_3207/flow_control_loop_pipe_sequential_init_U/h_1_reg_23179_reg[0]_126[0]               |                                                                                                                                     |                2 |              6 |         3.00 |
|  MLZedboard_i/processing_system7_0/inst/FCLK_CLK0 | MLZedboard_i/inference_0/inst/grp_inference_Pipeline_VITIS_LOOP_41_1_fu_3207/flow_control_loop_pipe_sequential_init_U/h_1_reg_23179_reg[0]_127[0]               |                                                                                                                                     |                3 |              6 |         2.00 |
|  MLZedboard_i/processing_system7_0/inst/FCLK_CLK0 | MLZedboard_i/inference_0/inst/grp_inference_Pipeline_VITIS_LOOP_41_1_fu_3207/flow_control_loop_pipe_sequential_init_U/h_1_reg_23179_reg[0]_128[0]               |                                                                                                                                     |                3 |              6 |         2.00 |
|  MLZedboard_i/processing_system7_0/inst/FCLK_CLK0 | MLZedboard_i/inference_0/inst/grp_inference_Pipeline_VITIS_LOOP_41_1_fu_3207/flow_control_loop_pipe_sequential_init_U/h_1_reg_23179_reg[0]_103[0]               |                                                                                                                                     |                2 |              6 |         3.00 |
|  MLZedboard_i/processing_system7_0/inst/FCLK_CLK0 |                                                                                                                                                                 | MLZedboard_i/comblock_0/U0/AXIL_inst/p_0_in                                                                                         |                4 |              6 |         1.50 |
|  MLZedboard_i/processing_system7_0/inst/FCLK_CLK0 | MLZedboard_i/inference_0/inst/grp_inference_Pipeline_VITIS_LOOP_41_1_fu_3207/flow_control_loop_pipe_sequential_init_U/E[0]                                      |                                                                                                                                     |                2 |              6 |         3.00 |
|  MLZedboard_i/processing_system7_0/inst/FCLK_CLK0 | MLZedboard_i/inference_0/inst/grp_inference_Pipeline_VITIS_LOOP_41_1_fu_3207/flow_control_loop_pipe_sequential_init_U/h_1_reg_23179_reg[0]_1[0]                 |                                                                                                                                     |                3 |              6 |         2.00 |
|  MLZedboard_i/processing_system7_0/inst/FCLK_CLK0 | MLZedboard_i/inference_0/inst/grp_inference_Pipeline_VITIS_LOOP_41_1_fu_3207/flow_control_loop_pipe_sequential_init_U/h_1_reg_23179_reg[0][0]                   |                                                                                                                                     |                2 |              6 |         3.00 |
|  MLZedboard_i/processing_system7_0/inst/FCLK_CLK0 | MLZedboard_i/inference_0/inst/grp_inference_Pipeline_VITIS_LOOP_41_1_fu_3207/flow_control_loop_pipe_sequential_init_U/h_1_reg_23179_reg[0]_0[0]                 |                                                                                                                                     |                2 |              6 |         3.00 |
|  MLZedboard_i/processing_system7_0/inst/FCLK_CLK0 | MLZedboard_i/inference_0/inst/grp_inference_Pipeline_VITIS_LOOP_41_1_fu_3207/flow_control_loop_pipe_sequential_init_U/h_1_reg_23179_reg[0]_10[0]                |                                                                                                                                     |                3 |              6 |         2.00 |
|  MLZedboard_i/processing_system7_0/inst/FCLK_CLK0 | MLZedboard_i/inference_0/inst/grp_inference_Pipeline_VITIS_LOOP_41_1_fu_3207/flow_control_loop_pipe_sequential_init_U/h_1_reg_23179_reg[0]_100[0]               |                                                                                                                                     |                3 |              6 |         2.00 |
|  MLZedboard_i/processing_system7_0/inst/FCLK_CLK0 | MLZedboard_i/inference_0/inst/grp_inference_Pipeline_VITIS_LOOP_41_1_fu_3207/flow_control_loop_pipe_sequential_init_U/h_1_reg_23179_reg[0]_101[0]               |                                                                                                                                     |                2 |              6 |         3.00 |
|  MLZedboard_i/processing_system7_0/inst/FCLK_CLK0 | MLZedboard_i/inference_0/inst/grp_inference_Pipeline_VITIS_LOOP_41_1_fu_3207/flow_control_loop_pipe_sequential_init_U/h_1_reg_23179_reg[0]_102[0]               |                                                                                                                                     |                3 |              6 |         2.00 |
|  MLZedboard_i/processing_system7_0/inst/FCLK_CLK0 | MLZedboard_i/inference_0/inst/grp_inference_Pipeline_VITIS_LOOP_41_1_fu_3207/flow_control_loop_pipe_sequential_init_U/h_1_reg_23179_reg[0]_129[0]               |                                                                                                                                     |                2 |              6 |         3.00 |
|  MLZedboard_i/processing_system7_0/inst/FCLK_CLK0 | MLZedboard_i/inference_0/inst/grp_inference_Pipeline_VITIS_LOOP_41_1_fu_3207/flow_control_loop_pipe_sequential_init_U/h_1_reg_23179_reg[0]_104[0]               |                                                                                                                                     |                3 |              6 |         2.00 |
|  MLZedboard_i/processing_system7_0/inst/FCLK_CLK0 | MLZedboard_i/inference_0/inst/grp_inference_Pipeline_VITIS_LOOP_41_1_fu_3207/flow_control_loop_pipe_sequential_init_U/h_1_reg_23179_reg[0]_105[0]               |                                                                                                                                     |                2 |              6 |         3.00 |
|  MLZedboard_i/processing_system7_0/inst/FCLK_CLK0 | MLZedboard_i/inference_0/inst/grp_inference_Pipeline_VITIS_LOOP_41_1_fu_3207/flow_control_loop_pipe_sequential_init_U/h_1_reg_23179_reg[0]_106[0]               |                                                                                                                                     |                2 |              6 |         3.00 |
|  MLZedboard_i/processing_system7_0/inst/FCLK_CLK0 | MLZedboard_i/inference_0/inst/grp_inference_Pipeline_VITIS_LOOP_41_1_fu_3207/flow_control_loop_pipe_sequential_init_U/h_1_reg_23179_reg[0]_107[0]               |                                                                                                                                     |                2 |              6 |         3.00 |
|  MLZedboard_i/processing_system7_0/inst/FCLK_CLK0 | MLZedboard_i/inference_0/inst/grp_inference_Pipeline_VITIS_LOOP_41_1_fu_3207/flow_control_loop_pipe_sequential_init_U/h_1_reg_23179_reg[0]_108[0]               |                                                                                                                                     |                2 |              6 |         3.00 |
|  MLZedboard_i/processing_system7_0/inst/FCLK_CLK0 | MLZedboard_i/inference_0/inst/grp_inference_Pipeline_VITIS_LOOP_41_1_fu_3207/flow_control_loop_pipe_sequential_init_U/h_1_reg_23179_reg[0]_109[0]               |                                                                                                                                     |                3 |              6 |         2.00 |
|  MLZedboard_i/processing_system7_0/inst/FCLK_CLK0 | MLZedboard_i/inference_0/inst/grp_inference_Pipeline_VITIS_LOOP_41_1_fu_3207/flow_control_loop_pipe_sequential_init_U/h_1_reg_23179_reg[0]_11[0]                |                                                                                                                                     |                2 |              6 |         3.00 |
|  MLZedboard_i/processing_system7_0/inst/FCLK_CLK0 | MLZedboard_i/inference_0/inst/grp_inference_Pipeline_VITIS_LOOP_41_1_fu_3207/flow_control_loop_pipe_sequential_init_U/h_1_reg_23179_reg[0]_110[0]               |                                                                                                                                     |                3 |              6 |         2.00 |
|  MLZedboard_i/processing_system7_0/inst/FCLK_CLK0 | MLZedboard_i/inference_0/inst/grp_inference_Pipeline_VITIS_LOOP_41_1_fu_3207/flow_control_loop_pipe_sequential_init_U/h_1_reg_23179_reg[0]_154[0]               |                                                                                                                                     |                3 |              6 |         2.00 |
|  MLZedboard_i/processing_system7_0/inst/FCLK_CLK0 | MLZedboard_i/inference_0/inst/grp_inference_Pipeline_VITIS_LOOP_41_1_fu_3207/flow_control_loop_pipe_sequential_init_U/h_1_reg_23179_reg[0]_146[0]               |                                                                                                                                     |                2 |              6 |         3.00 |
|  MLZedboard_i/processing_system7_0/inst/FCLK_CLK0 | MLZedboard_i/inference_0/inst/grp_inference_Pipeline_VITIS_LOOP_41_1_fu_3207/flow_control_loop_pipe_sequential_init_U/h_1_reg_23179_reg[0]_147[0]               |                                                                                                                                     |                2 |              6 |         3.00 |
|  MLZedboard_i/processing_system7_0/inst/FCLK_CLK0 | MLZedboard_i/inference_0/inst/grp_inference_Pipeline_VITIS_LOOP_41_1_fu_3207/flow_control_loop_pipe_sequential_init_U/h_1_reg_23179_reg[0]_148[0]               |                                                                                                                                     |                2 |              6 |         3.00 |
|  MLZedboard_i/processing_system7_0/inst/FCLK_CLK0 | MLZedboard_i/inference_0/inst/grp_inference_Pipeline_VITIS_LOOP_41_1_fu_3207/flow_control_loop_pipe_sequential_init_U/h_1_reg_23179_reg[0]_149[0]               |                                                                                                                                     |                2 |              6 |         3.00 |
|  MLZedboard_i/processing_system7_0/inst/FCLK_CLK0 | MLZedboard_i/inference_0/inst/grp_inference_Pipeline_VITIS_LOOP_41_1_fu_3207/flow_control_loop_pipe_sequential_init_U/h_1_reg_23179_reg[0]_15[0]                |                                                                                                                                     |                2 |              6 |         3.00 |
|  MLZedboard_i/processing_system7_0/inst/FCLK_CLK0 | MLZedboard_i/inference_0/inst/grp_inference_Pipeline_VITIS_LOOP_41_1_fu_3207/flow_control_loop_pipe_sequential_init_U/h_1_reg_23179_reg[0]_150[0]               |                                                                                                                                     |                3 |              6 |         2.00 |
|  MLZedboard_i/processing_system7_0/inst/FCLK_CLK0 | MLZedboard_i/inference_0/inst/grp_inference_Pipeline_VITIS_LOOP_41_1_fu_3207/flow_control_loop_pipe_sequential_init_U/h_1_reg_23179_reg[0]_151[0]               |                                                                                                                                     |                2 |              6 |         3.00 |
|  MLZedboard_i/processing_system7_0/inst/FCLK_CLK0 | MLZedboard_i/inference_0/inst/grp_inference_Pipeline_VITIS_LOOP_41_1_fu_3207/flow_control_loop_pipe_sequential_init_U/h_1_reg_23179_reg[0]_152[0]               |                                                                                                                                     |                2 |              6 |         3.00 |
|  MLZedboard_i/processing_system7_0/inst/FCLK_CLK0 | MLZedboard_i/inference_0/inst/grp_inference_Pipeline_VITIS_LOOP_41_1_fu_3207/flow_control_loop_pipe_sequential_init_U/h_1_reg_23179_reg[0]_153[0]               |                                                                                                                                     |                2 |              6 |         3.00 |
|  MLZedboard_i/processing_system7_0/inst/FCLK_CLK0 | MLZedboard_i/inference_0/inst/grp_inference_Pipeline_VITIS_LOOP_41_1_fu_3207/flow_control_loop_pipe_sequential_init_U/h_1_reg_23179_reg[0]_145[0]               |                                                                                                                                     |                3 |              6 |         2.00 |
|  MLZedboard_i/processing_system7_0/inst/FCLK_CLK0 | MLZedboard_i/inference_0/inst/grp_inference_Pipeline_VITIS_LOOP_41_1_fu_3207/flow_control_loop_pipe_sequential_init_U/h_1_reg_23179_reg[0]_155[0]               |                                                                                                                                     |                3 |              6 |         2.00 |
|  MLZedboard_i/processing_system7_0/inst/FCLK_CLK0 | MLZedboard_i/inference_0/inst/grp_inference_Pipeline_VITIS_LOOP_41_1_fu_3207/flow_control_loop_pipe_sequential_init_U/h_1_reg_23179_reg[0]_156[0]               |                                                                                                                                     |                2 |              6 |         3.00 |
|  MLZedboard_i/processing_system7_0/inst/FCLK_CLK0 | MLZedboard_i/inference_0/inst/grp_inference_Pipeline_VITIS_LOOP_41_1_fu_3207/flow_control_loop_pipe_sequential_init_U/h_1_reg_23179_reg[0]_157[0]               |                                                                                                                                     |                2 |              6 |         3.00 |
|  MLZedboard_i/processing_system7_0/inst/FCLK_CLK0 | MLZedboard_i/inference_0/inst/grp_inference_Pipeline_VITIS_LOOP_41_1_fu_3207/flow_control_loop_pipe_sequential_init_U/h_1_reg_23179_reg[0]_158[0]               |                                                                                                                                     |                3 |              6 |         2.00 |
|  MLZedboard_i/processing_system7_0/inst/FCLK_CLK0 | MLZedboard_i/inference_0/inst/grp_inference_Pipeline_VITIS_LOOP_41_1_fu_3207/flow_control_loop_pipe_sequential_init_U/h_1_reg_23179_reg[0]_159[0]               |                                                                                                                                     |                2 |              6 |         3.00 |
|  MLZedboard_i/processing_system7_0/inst/FCLK_CLK0 | MLZedboard_i/inference_0/inst/grp_inference_Pipeline_VITIS_LOOP_41_1_fu_3207/flow_control_loop_pipe_sequential_init_U/h_1_reg_23179_reg[0]_16[0]                |                                                                                                                                     |                2 |              6 |         3.00 |
|  MLZedboard_i/processing_system7_0/inst/FCLK_CLK0 | MLZedboard_i/inference_0/inst/grp_inference_Pipeline_VITIS_LOOP_41_1_fu_3207/flow_control_loop_pipe_sequential_init_U/h_1_reg_23179_reg[0]_160[0]               |                                                                                                                                     |                2 |              6 |         3.00 |
|  MLZedboard_i/processing_system7_0/inst/FCLK_CLK0 | MLZedboard_i/inference_0/inst/grp_inference_Pipeline_VITIS_LOOP_41_1_fu_3207/flow_control_loop_pipe_sequential_init_U/h_1_reg_23179_reg[0]_161[0]               |                                                                                                                                     |                2 |              6 |         3.00 |
|  MLZedboard_i/processing_system7_0/inst/FCLK_CLK0 | MLZedboard_i/inference_0/inst/grp_inference_Pipeline_VITIS_LOOP_41_1_fu_3207/flow_control_loop_pipe_sequential_init_U/h_1_reg_23179_reg[0]_137[0]               |                                                                                                                                     |                3 |              6 |         2.00 |
|  MLZedboard_i/processing_system7_0/inst/FCLK_CLK0 | MLZedboard_i/inference_0/inst/grp_inference_Pipeline_VITIS_LOOP_41_1_fu_3207/flow_control_loop_pipe_sequential_init_U/h_1_reg_23179_reg[0]_13[0]                |                                                                                                                                     |                2 |              6 |         3.00 |
|  MLZedboard_i/processing_system7_0/inst/FCLK_CLK0 | MLZedboard_i/inference_0/inst/grp_inference_Pipeline_VITIS_LOOP_41_1_fu_3207/flow_control_loop_pipe_sequential_init_U/h_1_reg_23179_reg[0]_130[0]               |                                                                                                                                     |                3 |              6 |         2.00 |
|  MLZedboard_i/processing_system7_0/inst/FCLK_CLK0 | MLZedboard_i/inference_0/inst/grp_inference_Pipeline_VITIS_LOOP_41_1_fu_3207/flow_control_loop_pipe_sequential_init_U/h_1_reg_23179_reg[0]_131[0]               |                                                                                                                                     |                2 |              6 |         3.00 |
|  MLZedboard_i/processing_system7_0/inst/FCLK_CLK0 | MLZedboard_i/inference_0/inst/grp_inference_Pipeline_VITIS_LOOP_41_1_fu_3207/flow_control_loop_pipe_sequential_init_U/h_1_reg_23179_reg[0]_132[0]               |                                                                                                                                     |                2 |              6 |         3.00 |
|  MLZedboard_i/processing_system7_0/inst/FCLK_CLK0 | MLZedboard_i/inference_0/inst/grp_inference_Pipeline_VITIS_LOOP_41_1_fu_3207/flow_control_loop_pipe_sequential_init_U/h_1_reg_23179_reg[0]_133[0]               |                                                                                                                                     |                2 |              6 |         3.00 |
|  MLZedboard_i/processing_system7_0/inst/FCLK_CLK0 | MLZedboard_i/inference_0/inst/grp_inference_Pipeline_VITIS_LOOP_41_1_fu_3207/flow_control_loop_pipe_sequential_init_U/h_1_reg_23179_reg[0]_134[0]               |                                                                                                                                     |                2 |              6 |         3.00 |
|  MLZedboard_i/processing_system7_0/inst/FCLK_CLK0 | MLZedboard_i/inference_0/inst/grp_inference_Pipeline_VITIS_LOOP_41_1_fu_3207/flow_control_loop_pipe_sequential_init_U/h_1_reg_23179_reg[0]_135[0]               |                                                                                                                                     |                2 |              6 |         3.00 |
|  MLZedboard_i/processing_system7_0/inst/FCLK_CLK0 | MLZedboard_i/inference_0/inst/grp_inference_Pipeline_VITIS_LOOP_41_1_fu_3207/flow_control_loop_pipe_sequential_init_U/h_1_reg_23179_reg[0]_136[0]               |                                                                                                                                     |                4 |              6 |         1.50 |
|  MLZedboard_i/processing_system7_0/inst/FCLK_CLK0 | MLZedboard_i/inference_0/inst/grp_inference_Pipeline_VITIS_LOOP_41_1_fu_3207/flow_control_loop_pipe_sequential_init_U/h_1_reg_23179_reg[0]_36[0]                |                                                                                                                                     |                2 |              6 |         3.00 |
|  MLZedboard_i/processing_system7_0/inst/FCLK_CLK0 | MLZedboard_i/inference_0/inst/grp_inference_Pipeline_VITIS_LOOP_41_1_fu_3207/flow_control_loop_pipe_sequential_init_U/h_1_reg_23179_reg[0]_138[0]               |                                                                                                                                     |                2 |              6 |         3.00 |
|  MLZedboard_i/processing_system7_0/inst/FCLK_CLK0 | MLZedboard_i/inference_0/inst/grp_inference_Pipeline_VITIS_LOOP_41_1_fu_3207/flow_control_loop_pipe_sequential_init_U/h_1_reg_23179_reg[0]_139[0]               |                                                                                                                                     |                3 |              6 |         2.00 |
|  MLZedboard_i/processing_system7_0/inst/FCLK_CLK0 | MLZedboard_i/inference_0/inst/grp_inference_Pipeline_VITIS_LOOP_41_1_fu_3207/flow_control_loop_pipe_sequential_init_U/h_1_reg_23179_reg[0]_14[0]                |                                                                                                                                     |                3 |              6 |         2.00 |
|  MLZedboard_i/processing_system7_0/inst/FCLK_CLK0 | MLZedboard_i/inference_0/inst/grp_inference_Pipeline_VITIS_LOOP_41_1_fu_3207/flow_control_loop_pipe_sequential_init_U/h_1_reg_23179_reg[0]_140[0]               |                                                                                                                                     |                3 |              6 |         2.00 |
|  MLZedboard_i/processing_system7_0/inst/FCLK_CLK0 | MLZedboard_i/inference_0/inst/grp_inference_Pipeline_VITIS_LOOP_41_1_fu_3207/flow_control_loop_pipe_sequential_init_U/h_1_reg_23179_reg[0]_141[0]               |                                                                                                                                     |                2 |              6 |         3.00 |
|  MLZedboard_i/processing_system7_0/inst/FCLK_CLK0 | MLZedboard_i/inference_0/inst/grp_inference_Pipeline_VITIS_LOOP_41_1_fu_3207/flow_control_loop_pipe_sequential_init_U/h_1_reg_23179_reg[0]_142[0]               |                                                                                                                                     |                2 |              6 |         3.00 |
|  MLZedboard_i/processing_system7_0/inst/FCLK_CLK0 | MLZedboard_i/inference_0/inst/grp_inference_Pipeline_VITIS_LOOP_41_1_fu_3207/flow_control_loop_pipe_sequential_init_U/h_1_reg_23179_reg[0]_143[0]               |                                                                                                                                     |                2 |              6 |         3.00 |
|  MLZedboard_i/processing_system7_0/inst/FCLK_CLK0 | MLZedboard_i/inference_0/inst/grp_inference_Pipeline_VITIS_LOOP_41_1_fu_3207/flow_control_loop_pipe_sequential_init_U/h_1_reg_23179_reg[0]_144[0]               |                                                                                                                                     |                2 |              6 |         3.00 |
|  MLZedboard_i/processing_system7_0/inst/FCLK_CLK0 | MLZedboard_i/inference_0/inst/grp_inference_Pipeline_VITIS_LOOP_41_1_fu_3207/flow_control_loop_pipe_sequential_init_U/h_1_reg_23179_reg[0]_32[0]                |                                                                                                                                     |                2 |              6 |         3.00 |
|  MLZedboard_i/processing_system7_0/inst/FCLK_CLK0 | MLZedboard_i/inference_0/inst/grp_inference_Pipeline_VITIS_LOOP_41_1_fu_3207/flow_control_loop_pipe_sequential_init_U/h_1_reg_23179_reg[0]_312[0]               |                                                                                                                                     |                3 |              6 |         2.00 |
|  MLZedboard_i/processing_system7_0/inst/FCLK_CLK0 | MLZedboard_i/inference_0/inst/grp_inference_Pipeline_VITIS_LOOP_41_1_fu_3207/flow_control_loop_pipe_sequential_init_U/h_1_reg_23179_reg[0]_313[0]               |                                                                                                                                     |                2 |              6 |         3.00 |
|  MLZedboard_i/processing_system7_0/inst/FCLK_CLK0 | MLZedboard_i/inference_0/inst/grp_inference_Pipeline_VITIS_LOOP_41_1_fu_3207/flow_control_loop_pipe_sequential_init_U/h_1_reg_23179_reg[0]_314[0]               |                                                                                                                                     |                3 |              6 |         2.00 |
|  MLZedboard_i/processing_system7_0/inst/FCLK_CLK0 | MLZedboard_i/inference_0/inst/grp_inference_Pipeline_VITIS_LOOP_41_1_fu_3207/flow_control_loop_pipe_sequential_init_U/h_1_reg_23179_reg[0]_315[0]               |                                                                                                                                     |                2 |              6 |         3.00 |
|  MLZedboard_i/processing_system7_0/inst/FCLK_CLK0 | MLZedboard_i/inference_0/inst/grp_inference_Pipeline_VITIS_LOOP_41_1_fu_3207/flow_control_loop_pipe_sequential_init_U/h_1_reg_23179_reg[0]_316[0]               |                                                                                                                                     |                2 |              6 |         3.00 |
|  MLZedboard_i/processing_system7_0/inst/FCLK_CLK0 | MLZedboard_i/inference_0/inst/grp_inference_Pipeline_VITIS_LOOP_41_1_fu_3207/flow_control_loop_pipe_sequential_init_U/h_1_reg_23179_reg[0]_317[0]               |                                                                                                                                     |                3 |              6 |         2.00 |
|  MLZedboard_i/processing_system7_0/inst/FCLK_CLK0 | MLZedboard_i/inference_0/inst/grp_inference_Pipeline_VITIS_LOOP_41_1_fu_3207/flow_control_loop_pipe_sequential_init_U/h_1_reg_23179_reg[0]_318[0]               |                                                                                                                                     |                2 |              6 |         3.00 |
|  MLZedboard_i/processing_system7_0/inst/FCLK_CLK0 | MLZedboard_i/inference_0/inst/grp_inference_Pipeline_VITIS_LOOP_41_1_fu_3207/flow_control_loop_pipe_sequential_init_U/h_1_reg_23179_reg[0]_319[0]               |                                                                                                                                     |                1 |              6 |         6.00 |
|  MLZedboard_i/processing_system7_0/inst/FCLK_CLK0 | MLZedboard_i/inference_0/inst/grp_inference_Pipeline_VITIS_LOOP_41_1_fu_3207/flow_control_loop_pipe_sequential_init_U/h_1_reg_23179_reg[0]_311[0]               |                                                                                                                                     |                2 |              6 |         3.00 |
|  MLZedboard_i/processing_system7_0/inst/FCLK_CLK0 | MLZedboard_i/inference_0/inst/grp_inference_Pipeline_VITIS_LOOP_41_1_fu_3207/flow_control_loop_pipe_sequential_init_U/h_1_reg_23179_reg[0]_320[0]               |                                                                                                                                     |                2 |              6 |         3.00 |
|  MLZedboard_i/processing_system7_0/inst/FCLK_CLK0 | MLZedboard_i/inference_0/inst/grp_inference_Pipeline_VITIS_LOOP_41_1_fu_3207/flow_control_loop_pipe_sequential_init_U/h_1_reg_23179_reg[0]_321[0]               |                                                                                                                                     |                2 |              6 |         3.00 |
|  MLZedboard_i/processing_system7_0/inst/FCLK_CLK0 | MLZedboard_i/inference_0/inst/grp_inference_Pipeline_VITIS_LOOP_41_1_fu_3207/flow_control_loop_pipe_sequential_init_U/h_1_reg_23179_reg[0]_322[0]               |                                                                                                                                     |                2 |              6 |         3.00 |
|  MLZedboard_i/processing_system7_0/inst/FCLK_CLK0 | MLZedboard_i/inference_0/inst/grp_inference_Pipeline_VITIS_LOOP_41_1_fu_3207/flow_control_loop_pipe_sequential_init_U/h_1_reg_23179_reg[0]_323[0]               |                                                                                                                                     |                2 |              6 |         3.00 |
|  MLZedboard_i/processing_system7_0/inst/FCLK_CLK0 | MLZedboard_i/inference_0/inst/grp_inference_Pipeline_VITIS_LOOP_41_1_fu_3207/flow_control_loop_pipe_sequential_init_U/h_1_reg_23179_reg[0]_324[0]               |                                                                                                                                     |                2 |              6 |         3.00 |
|  MLZedboard_i/processing_system7_0/inst/FCLK_CLK0 | MLZedboard_i/inference_0/inst/grp_inference_Pipeline_VITIS_LOOP_41_1_fu_3207/flow_control_loop_pipe_sequential_init_U/h_1_reg_23179_reg[0]_325[0]               |                                                                                                                                     |                3 |              6 |         2.00 |
|  MLZedboard_i/processing_system7_0/inst/FCLK_CLK0 | MLZedboard_i/inference_0/inst/grp_inference_Pipeline_VITIS_LOOP_41_1_fu_3207/flow_control_loop_pipe_sequential_init_U/h_1_reg_23179_reg[0]_326[0]               |                                                                                                                                     |                1 |              6 |         6.00 |
|  MLZedboard_i/processing_system7_0/inst/FCLK_CLK0 | MLZedboard_i/inference_0/inst/grp_inference_Pipeline_VITIS_LOOP_41_1_fu_3207/flow_control_loop_pipe_sequential_init_U/h_1_reg_23179_reg[0]_327[0]               |                                                                                                                                     |                2 |              6 |         3.00 |
|  MLZedboard_i/processing_system7_0/inst/FCLK_CLK0 | MLZedboard_i/inference_0/inst/grp_inference_Pipeline_VITIS_LOOP_41_1_fu_3207/flow_control_loop_pipe_sequential_init_U/h_1_reg_23179_reg[0]_303[0]               |                                                                                                                                     |                2 |              6 |         3.00 |
|  MLZedboard_i/processing_system7_0/inst/FCLK_CLK0 | MLZedboard_i/inference_0/inst/grp_inference_Pipeline_VITIS_LOOP_41_1_fu_3207/flow_control_loop_pipe_sequential_init_U/h_1_reg_23179_reg[0]_297[0]               |                                                                                                                                     |                2 |              6 |         3.00 |
|  MLZedboard_i/processing_system7_0/inst/FCLK_CLK0 | MLZedboard_i/inference_0/inst/grp_inference_Pipeline_VITIS_LOOP_41_1_fu_3207/flow_control_loop_pipe_sequential_init_U/h_1_reg_23179_reg[0]_298[0]               |                                                                                                                                     |                2 |              6 |         3.00 |
|  MLZedboard_i/processing_system7_0/inst/FCLK_CLK0 | MLZedboard_i/inference_0/inst/grp_inference_Pipeline_VITIS_LOOP_41_1_fu_3207/flow_control_loop_pipe_sequential_init_U/h_1_reg_23179_reg[0]_299[0]               |                                                                                                                                     |                2 |              6 |         3.00 |
|  MLZedboard_i/processing_system7_0/inst/FCLK_CLK0 | MLZedboard_i/inference_0/inst/grp_inference_Pipeline_VITIS_LOOP_41_1_fu_3207/flow_control_loop_pipe_sequential_init_U/h_1_reg_23179_reg[0]_3[0]                 |                                                                                                                                     |                2 |              6 |         3.00 |
|  MLZedboard_i/processing_system7_0/inst/FCLK_CLK0 | MLZedboard_i/inference_0/inst/grp_inference_Pipeline_VITIS_LOOP_41_1_fu_3207/flow_control_loop_pipe_sequential_init_U/h_1_reg_23179_reg[0]_30[0]                |                                                                                                                                     |                2 |              6 |         3.00 |
|  MLZedboard_i/processing_system7_0/inst/FCLK_CLK0 | MLZedboard_i/inference_0/inst/grp_inference_Pipeline_VITIS_LOOP_41_1_fu_3207/flow_control_loop_pipe_sequential_init_U/h_1_reg_23179_reg[0]_300[0]               |                                                                                                                                     |                2 |              6 |         3.00 |
|  MLZedboard_i/processing_system7_0/inst/FCLK_CLK0 | MLZedboard_i/inference_0/inst/grp_inference_Pipeline_VITIS_LOOP_41_1_fu_3207/flow_control_loop_pipe_sequential_init_U/h_1_reg_23179_reg[0]_301[0]               |                                                                                                                                     |                2 |              6 |         3.00 |
|  MLZedboard_i/processing_system7_0/inst/FCLK_CLK0 | MLZedboard_i/inference_0/inst/grp_inference_Pipeline_VITIS_LOOP_41_1_fu_3207/flow_control_loop_pipe_sequential_init_U/h_1_reg_23179_reg[0]_302[0]               |                                                                                                                                     |                3 |              6 |         2.00 |
|  MLZedboard_i/processing_system7_0/inst/FCLK_CLK0 | MLZedboard_i/inference_0/inst/grp_inference_Pipeline_VITIS_LOOP_41_1_fu_3207/flow_control_loop_pipe_sequential_init_U/h_1_reg_23179_reg[0]_328[0]               |                                                                                                                                     |                3 |              6 |         2.00 |
|  MLZedboard_i/processing_system7_0/inst/FCLK_CLK0 | MLZedboard_i/inference_0/inst/grp_inference_Pipeline_VITIS_LOOP_41_1_fu_3207/flow_control_loop_pipe_sequential_init_U/h_1_reg_23179_reg[0]_304[0]               |                                                                                                                                     |                2 |              6 |         3.00 |
|  MLZedboard_i/processing_system7_0/inst/FCLK_CLK0 | MLZedboard_i/inference_0/inst/grp_inference_Pipeline_VITIS_LOOP_41_1_fu_3207/flow_control_loop_pipe_sequential_init_U/h_1_reg_23179_reg[0]_305[0]               |                                                                                                                                     |                2 |              6 |         3.00 |
|  MLZedboard_i/processing_system7_0/inst/FCLK_CLK0 | MLZedboard_i/inference_0/inst/grp_inference_Pipeline_VITIS_LOOP_41_1_fu_3207/flow_control_loop_pipe_sequential_init_U/h_1_reg_23179_reg[0]_306[0]               |                                                                                                                                     |                2 |              6 |         3.00 |
|  MLZedboard_i/processing_system7_0/inst/FCLK_CLK0 | MLZedboard_i/inference_0/inst/grp_inference_Pipeline_VITIS_LOOP_41_1_fu_3207/flow_control_loop_pipe_sequential_init_U/h_1_reg_23179_reg[0]_307[0]               |                                                                                                                                     |                2 |              6 |         3.00 |
|  MLZedboard_i/processing_system7_0/inst/FCLK_CLK0 | MLZedboard_i/inference_0/inst/grp_inference_Pipeline_VITIS_LOOP_41_1_fu_3207/flow_control_loop_pipe_sequential_init_U/h_1_reg_23179_reg[0]_308[0]               |                                                                                                                                     |                3 |              6 |         2.00 |
|  MLZedboard_i/processing_system7_0/inst/FCLK_CLK0 | MLZedboard_i/inference_0/inst/grp_inference_Pipeline_VITIS_LOOP_41_1_fu_3207/flow_control_loop_pipe_sequential_init_U/h_1_reg_23179_reg[0]_309[0]               |                                                                                                                                     |                2 |              6 |         3.00 |
|  MLZedboard_i/processing_system7_0/inst/FCLK_CLK0 | MLZedboard_i/inference_0/inst/grp_inference_Pipeline_VITIS_LOOP_41_1_fu_3207/flow_control_loop_pipe_sequential_init_U/h_1_reg_23179_reg[0]_31[0]                |                                                                                                                                     |                2 |              6 |         3.00 |
|  MLZedboard_i/processing_system7_0/inst/FCLK_CLK0 | MLZedboard_i/inference_0/inst/grp_inference_Pipeline_VITIS_LOOP_41_1_fu_3207/flow_control_loop_pipe_sequential_init_U/h_1_reg_23179_reg[0]_310[0]               |                                                                                                                                     |                2 |              6 |         3.00 |
|  MLZedboard_i/processing_system7_0/inst/FCLK_CLK0 | MLZedboard_i/inference_0/inst/grp_inference_Pipeline_VITIS_LOOP_41_1_fu_3207/flow_control_loop_pipe_sequential_init_U/h_1_reg_23179_reg[0]_352[0]               |                                                                                                                                     |                3 |              6 |         2.00 |
|  MLZedboard_i/processing_system7_0/inst/FCLK_CLK0 | MLZedboard_i/inference_0/inst/grp_inference_Pipeline_VITIS_LOOP_41_1_fu_3207/flow_control_loop_pipe_sequential_init_U/h_1_reg_23179_reg[0]_345[0]               |                                                                                                                                     |                2 |              6 |         3.00 |
|  MLZedboard_i/processing_system7_0/inst/FCLK_CLK0 | MLZedboard_i/inference_0/inst/grp_inference_Pipeline_VITIS_LOOP_41_1_fu_3207/flow_control_loop_pipe_sequential_init_U/h_1_reg_23179_reg[0]_346[0]               |                                                                                                                                     |                3 |              6 |         2.00 |
|  MLZedboard_i/processing_system7_0/inst/FCLK_CLK0 | MLZedboard_i/inference_0/inst/grp_inference_Pipeline_VITIS_LOOP_41_1_fu_3207/flow_control_loop_pipe_sequential_init_U/h_1_reg_23179_reg[0]_347[0]               |                                                                                                                                     |                2 |              6 |         3.00 |
|  MLZedboard_i/processing_system7_0/inst/FCLK_CLK0 | MLZedboard_i/inference_0/inst/grp_inference_Pipeline_VITIS_LOOP_41_1_fu_3207/flow_control_loop_pipe_sequential_init_U/h_1_reg_23179_reg[0]_348[0]               |                                                                                                                                     |                2 |              6 |         3.00 |
|  MLZedboard_i/processing_system7_0/inst/FCLK_CLK0 | MLZedboard_i/inference_0/inst/grp_inference_Pipeline_VITIS_LOOP_41_1_fu_3207/flow_control_loop_pipe_sequential_init_U/h_1_reg_23179_reg[0]_349[0]               |                                                                                                                                     |                2 |              6 |         3.00 |
|  MLZedboard_i/processing_system7_0/inst/FCLK_CLK0 | MLZedboard_i/inference_0/inst/grp_inference_Pipeline_VITIS_LOOP_41_1_fu_3207/flow_control_loop_pipe_sequential_init_U/h_1_reg_23179_reg[0]_35[0]                |                                                                                                                                     |                2 |              6 |         3.00 |
|  MLZedboard_i/processing_system7_0/inst/FCLK_CLK0 | MLZedboard_i/inference_0/inst/grp_inference_Pipeline_VITIS_LOOP_41_1_fu_3207/flow_control_loop_pipe_sequential_init_U/h_1_reg_23179_reg[0]_350[0]               |                                                                                                                                     |                2 |              6 |         3.00 |
|  MLZedboard_i/processing_system7_0/inst/FCLK_CLK0 | MLZedboard_i/inference_0/inst/grp_inference_Pipeline_VITIS_LOOP_41_1_fu_3207/flow_control_loop_pipe_sequential_init_U/h_1_reg_23179_reg[0]_351[0]               |                                                                                                                                     |                3 |              6 |         2.00 |
|  MLZedboard_i/processing_system7_0/inst/FCLK_CLK0 | MLZedboard_i/inference_0/inst/grp_inference_Pipeline_VITIS_LOOP_41_1_fu_3207/flow_control_loop_pipe_sequential_init_U/h_1_reg_23179_reg[0]_344[0]               |                                                                                                                                     |                3 |              6 |         2.00 |
|  MLZedboard_i/processing_system7_0/inst/FCLK_CLK0 | MLZedboard_i/inference_0/inst/grp_inference_Pipeline_VITIS_LOOP_41_1_fu_3207/flow_control_loop_pipe_sequential_init_U/h_1_reg_23179_reg[0]_353[0]               |                                                                                                                                     |                2 |              6 |         3.00 |
|  MLZedboard_i/processing_system7_0/inst/FCLK_CLK0 | MLZedboard_i/inference_0/inst/grp_inference_Pipeline_VITIS_LOOP_41_1_fu_3207/flow_control_loop_pipe_sequential_init_U/h_1_reg_23179_reg[0]_354[0]               |                                                                                                                                     |                2 |              6 |         3.00 |
|  MLZedboard_i/processing_system7_0/inst/FCLK_CLK0 | MLZedboard_i/inference_0/inst/grp_inference_Pipeline_VITIS_LOOP_41_1_fu_3207/flow_control_loop_pipe_sequential_init_U/h_1_reg_23179_reg[0]_355[0]               |                                                                                                                                     |                3 |              6 |         2.00 |
|  MLZedboard_i/processing_system7_0/inst/FCLK_CLK0 | MLZedboard_i/inference_0/inst/grp_inference_Pipeline_VITIS_LOOP_41_1_fu_3207/flow_control_loop_pipe_sequential_init_U/h_1_reg_23179_reg[0]_356[0]               |                                                                                                                                     |                2 |              6 |         3.00 |
|  MLZedboard_i/processing_system7_0/inst/FCLK_CLK0 | MLZedboard_i/inference_0/inst/grp_inference_Pipeline_VITIS_LOOP_41_1_fu_3207/flow_control_loop_pipe_sequential_init_U/h_1_reg_23179_reg[0]_357[0]               |                                                                                                                                     |                3 |              6 |         2.00 |
|  MLZedboard_i/processing_system7_0/inst/FCLK_CLK0 | MLZedboard_i/inference_0/inst/grp_inference_Pipeline_VITIS_LOOP_41_1_fu_3207/flow_control_loop_pipe_sequential_init_U/h_1_reg_23179_reg[0]_358[0]               |                                                                                                                                     |                2 |              6 |         3.00 |
|  MLZedboard_i/processing_system7_0/inst/FCLK_CLK0 | MLZedboard_i/inference_0/inst/grp_inference_Pipeline_VITIS_LOOP_41_1_fu_3207/flow_control_loop_pipe_sequential_init_U/h_1_reg_23179_reg[0]_359[0]               |                                                                                                                                     |                3 |              6 |         2.00 |
|  MLZedboard_i/processing_system7_0/inst/FCLK_CLK0 | MLZedboard_i/inference_0/inst/grp_inference_Pipeline_VITIS_LOOP_41_1_fu_3207/flow_control_loop_pipe_sequential_init_U/h_1_reg_23179_reg[0]_360[0]               |                                                                                                                                     |                2 |              6 |         3.00 |
|  MLZedboard_i/processing_system7_0/inst/FCLK_CLK0 | MLZedboard_i/inference_0/inst/grp_inference_Pipeline_VITIS_LOOP_41_1_fu_3207/flow_control_loop_pipe_sequential_init_U/h_1_reg_23179_reg[0]_336[0]               |                                                                                                                                     |                2 |              6 |         3.00 |
|  MLZedboard_i/processing_system7_0/inst/FCLK_CLK0 | MLZedboard_i/inference_0/inst/grp_inference_Pipeline_VITIS_LOOP_41_1_fu_3207/flow_control_loop_pipe_sequential_init_U/h_1_reg_23179_reg[0]_329[0]               |                                                                                                                                     |                2 |              6 |         3.00 |
|  MLZedboard_i/processing_system7_0/inst/FCLK_CLK0 | MLZedboard_i/inference_0/inst/grp_inference_Pipeline_VITIS_LOOP_41_1_fu_3207/flow_control_loop_pipe_sequential_init_U/h_1_reg_23179_reg[0]_33[0]                |                                                                                                                                     |                4 |              6 |         1.50 |
|  MLZedboard_i/processing_system7_0/inst/FCLK_CLK0 | MLZedboard_i/inference_0/inst/grp_inference_Pipeline_VITIS_LOOP_41_1_fu_3207/flow_control_loop_pipe_sequential_init_U/h_1_reg_23179_reg[0]_330[0]               |                                                                                                                                     |                2 |              6 |         3.00 |
|  MLZedboard_i/processing_system7_0/inst/FCLK_CLK0 | MLZedboard_i/inference_0/inst/grp_inference_Pipeline_VITIS_LOOP_41_1_fu_3207/flow_control_loop_pipe_sequential_init_U/h_1_reg_23179_reg[0]_331[0]               |                                                                                                                                     |                3 |              6 |         2.00 |
|  MLZedboard_i/processing_system7_0/inst/FCLK_CLK0 | MLZedboard_i/inference_0/inst/grp_inference_Pipeline_VITIS_LOOP_41_1_fu_3207/flow_control_loop_pipe_sequential_init_U/h_1_reg_23179_reg[0]_332[0]               |                                                                                                                                     |                3 |              6 |         2.00 |
|  MLZedboard_i/processing_system7_0/inst/FCLK_CLK0 | MLZedboard_i/inference_0/inst/grp_inference_Pipeline_VITIS_LOOP_41_1_fu_3207/flow_control_loop_pipe_sequential_init_U/h_1_reg_23179_reg[0]_333[0]               |                                                                                                                                     |                2 |              6 |         3.00 |
|  MLZedboard_i/processing_system7_0/inst/FCLK_CLK0 | MLZedboard_i/inference_0/inst/grp_inference_Pipeline_VITIS_LOOP_41_1_fu_3207/flow_control_loop_pipe_sequential_init_U/h_1_reg_23179_reg[0]_334[0]               |                                                                                                                                     |                2 |              6 |         3.00 |
|  MLZedboard_i/processing_system7_0/inst/FCLK_CLK0 | MLZedboard_i/inference_0/inst/grp_inference_Pipeline_VITIS_LOOP_41_1_fu_3207/flow_control_loop_pipe_sequential_init_U/h_1_reg_23179_reg[0]_335[0]               |                                                                                                                                     |                2 |              6 |         3.00 |
|  MLZedboard_i/processing_system7_0/inst/FCLK_CLK0 | MLZedboard_i/inference_0/inst/grp_inference_Pipeline_VITIS_LOOP_41_1_fu_3207/flow_control_loop_pipe_sequential_init_U/h_1_reg_23179_reg[0]_231[0]               |                                                                                                                                     |                3 |              6 |         2.00 |
|  MLZedboard_i/processing_system7_0/inst/FCLK_CLK0 | MLZedboard_i/inference_0/inst/grp_inference_Pipeline_VITIS_LOOP_41_1_fu_3207/flow_control_loop_pipe_sequential_init_U/h_1_reg_23179_reg[0]_337[0]               |                                                                                                                                     |                2 |              6 |         3.00 |
|  MLZedboard_i/processing_system7_0/inst/FCLK_CLK0 | MLZedboard_i/inference_0/inst/grp_inference_Pipeline_VITIS_LOOP_41_1_fu_3207/flow_control_loop_pipe_sequential_init_U/h_1_reg_23179_reg[0]_338[0]               |                                                                                                                                     |                2 |              6 |         3.00 |
|  MLZedboard_i/processing_system7_0/inst/FCLK_CLK0 | MLZedboard_i/inference_0/inst/grp_inference_Pipeline_VITIS_LOOP_41_1_fu_3207/flow_control_loop_pipe_sequential_init_U/h_1_reg_23179_reg[0]_339[0]               |                                                                                                                                     |                3 |              6 |         2.00 |
|  MLZedboard_i/processing_system7_0/inst/FCLK_CLK0 | MLZedboard_i/inference_0/inst/grp_inference_Pipeline_VITIS_LOOP_41_1_fu_3207/flow_control_loop_pipe_sequential_init_U/h_1_reg_23179_reg[0]_34[0]                |                                                                                                                                     |                3 |              6 |         2.00 |
|  MLZedboard_i/processing_system7_0/inst/FCLK_CLK0 | MLZedboard_i/inference_0/inst/grp_inference_Pipeline_VITIS_LOOP_41_1_fu_3207/flow_control_loop_pipe_sequential_init_U/h_1_reg_23179_reg[0]_340[0]               |                                                                                                                                     |                2 |              6 |         3.00 |
|  MLZedboard_i/processing_system7_0/inst/FCLK_CLK0 | MLZedboard_i/inference_0/inst/grp_inference_Pipeline_VITIS_LOOP_41_1_fu_3207/flow_control_loop_pipe_sequential_init_U/h_1_reg_23179_reg[0]_341[0]               |                                                                                                                                     |                3 |              6 |         2.00 |
|  MLZedboard_i/processing_system7_0/inst/FCLK_CLK0 | MLZedboard_i/inference_0/inst/grp_inference_Pipeline_VITIS_LOOP_41_1_fu_3207/flow_control_loop_pipe_sequential_init_U/h_1_reg_23179_reg[0]_342[0]               |                                                                                                                                     |                2 |              6 |         3.00 |
|  MLZedboard_i/processing_system7_0/inst/FCLK_CLK0 | MLZedboard_i/inference_0/inst/grp_inference_Pipeline_VITIS_LOOP_41_1_fu_3207/flow_control_loop_pipe_sequential_init_U/h_1_reg_23179_reg[0]_343[0]               |                                                                                                                                     |                2 |              6 |         3.00 |
|  MLZedboard_i/processing_system7_0/inst/FCLK_CLK0 | MLZedboard_i/inference_0/inst/grp_inference_Pipeline_VITIS_LOOP_41_1_fu_3207/flow_control_loop_pipe_sequential_init_U/h_1_reg_23179_reg[0]_255[0]               |                                                                                                                                     |                2 |              6 |         3.00 |
|  MLZedboard_i/processing_system7_0/inst/FCLK_CLK0 | MLZedboard_i/inference_0/inst/grp_inference_Pipeline_VITIS_LOOP_41_1_fu_3207/flow_control_loop_pipe_sequential_init_U/h_1_reg_23179_reg[0]_248[0]               |                                                                                                                                     |                3 |              6 |         2.00 |
|  MLZedboard_i/processing_system7_0/inst/FCLK_CLK0 | MLZedboard_i/inference_0/inst/grp_inference_Pipeline_VITIS_LOOP_41_1_fu_3207/flow_control_loop_pipe_sequential_init_U/h_1_reg_23179_reg[0]_249[0]               |                                                                                                                                     |                3 |              6 |         2.00 |
|  MLZedboard_i/processing_system7_0/inst/FCLK_CLK0 | MLZedboard_i/inference_0/inst/grp_inference_Pipeline_VITIS_LOOP_41_1_fu_3207/flow_control_loop_pipe_sequential_init_U/h_1_reg_23179_reg[0]_25[0]                |                                                                                                                                     |                2 |              6 |         3.00 |
|  MLZedboard_i/processing_system7_0/inst/FCLK_CLK0 | MLZedboard_i/inference_0/inst/grp_inference_Pipeline_VITIS_LOOP_41_1_fu_3207/flow_control_loop_pipe_sequential_init_U/h_1_reg_23179_reg[0]_250[0]               |                                                                                                                                     |                2 |              6 |         3.00 |
|  MLZedboard_i/processing_system7_0/inst/FCLK_CLK0 | MLZedboard_i/inference_0/inst/grp_inference_Pipeline_VITIS_LOOP_41_1_fu_3207/flow_control_loop_pipe_sequential_init_U/h_1_reg_23179_reg[0]_251[0]               |                                                                                                                                     |                2 |              6 |         3.00 |
|  MLZedboard_i/processing_system7_0/inst/FCLK_CLK0 | MLZedboard_i/inference_0/inst/grp_inference_Pipeline_VITIS_LOOP_41_1_fu_3207/flow_control_loop_pipe_sequential_init_U/h_1_reg_23179_reg[0]_252[0]               |                                                                                                                                     |                3 |              6 |         2.00 |
|  MLZedboard_i/processing_system7_0/inst/FCLK_CLK0 | MLZedboard_i/inference_0/inst/grp_inference_Pipeline_VITIS_LOOP_41_1_fu_3207/flow_control_loop_pipe_sequential_init_U/h_1_reg_23179_reg[0]_253[0]               |                                                                                                                                     |                2 |              6 |         3.00 |
|  MLZedboard_i/processing_system7_0/inst/FCLK_CLK0 | MLZedboard_i/inference_0/inst/grp_inference_Pipeline_VITIS_LOOP_41_1_fu_3207/flow_control_loop_pipe_sequential_init_U/h_1_reg_23179_reg[0]_254[0]               |                                                                                                                                     |                2 |              6 |         3.00 |
|  MLZedboard_i/processing_system7_0/inst/FCLK_CLK0 | MLZedboard_i/inference_0/inst/grp_inference_Pipeline_VITIS_LOOP_41_1_fu_3207/flow_control_loop_pipe_sequential_init_U/h_1_reg_23179_reg[0]_247[0]               |                                                                                                                                     |                2 |              6 |         3.00 |
|  MLZedboard_i/processing_system7_0/inst/FCLK_CLK0 | MLZedboard_i/inference_0/inst/grp_inference_Pipeline_VITIS_LOOP_41_1_fu_3207/flow_control_loop_pipe_sequential_init_U/h_1_reg_23179_reg[0]_256[0]               |                                                                                                                                     |                3 |              6 |         2.00 |
|  MLZedboard_i/processing_system7_0/inst/FCLK_CLK0 | MLZedboard_i/inference_0/inst/grp_inference_Pipeline_VITIS_LOOP_41_1_fu_3207/flow_control_loop_pipe_sequential_init_U/h_1_reg_23179_reg[0]_257[0]               |                                                                                                                                     |                2 |              6 |         3.00 |
|  MLZedboard_i/processing_system7_0/inst/FCLK_CLK0 | MLZedboard_i/inference_0/inst/grp_inference_Pipeline_VITIS_LOOP_41_1_fu_3207/flow_control_loop_pipe_sequential_init_U/h_1_reg_23179_reg[0]_258[0]               |                                                                                                                                     |                2 |              6 |         3.00 |
|  MLZedboard_i/processing_system7_0/inst/FCLK_CLK0 | MLZedboard_i/inference_0/inst/grp_inference_Pipeline_VITIS_LOOP_41_1_fu_3207/flow_control_loop_pipe_sequential_init_U/h_1_reg_23179_reg[0]_259[0]               |                                                                                                                                     |                2 |              6 |         3.00 |
|  MLZedboard_i/processing_system7_0/inst/FCLK_CLK0 | MLZedboard_i/inference_0/inst/grp_inference_Pipeline_VITIS_LOOP_41_1_fu_3207/flow_control_loop_pipe_sequential_init_U/h_1_reg_23179_reg[0]_26[0]                |                                                                                                                                     |                3 |              6 |         2.00 |
|  MLZedboard_i/processing_system7_0/inst/FCLK_CLK0 | MLZedboard_i/inference_0/inst/grp_inference_Pipeline_VITIS_LOOP_41_1_fu_3207/flow_control_loop_pipe_sequential_init_U/h_1_reg_23179_reg[0]_260[0]               |                                                                                                                                     |                2 |              6 |         3.00 |
|  MLZedboard_i/processing_system7_0/inst/FCLK_CLK0 | MLZedboard_i/inference_0/inst/grp_inference_Pipeline_VITIS_LOOP_41_1_fu_3207/flow_control_loop_pipe_sequential_init_U/h_1_reg_23179_reg[0]_261[0]               |                                                                                                                                     |                2 |              6 |         3.00 |
|  MLZedboard_i/processing_system7_0/inst/FCLK_CLK0 | MLZedboard_i/inference_0/inst/grp_inference_Pipeline_VITIS_LOOP_41_1_fu_3207/flow_control_loop_pipe_sequential_init_U/h_1_reg_23179_reg[0]_262[0]               |                                                                                                                                     |                2 |              6 |         3.00 |
|  MLZedboard_i/processing_system7_0/inst/FCLK_CLK0 | MLZedboard_i/inference_0/inst/grp_inference_Pipeline_VITIS_LOOP_41_1_fu_3207/flow_control_loop_pipe_sequential_init_U/h_1_reg_23179_reg[0]_239[0]               |                                                                                                                                     |                3 |              6 |         2.00 |
|  MLZedboard_i/processing_system7_0/inst/FCLK_CLK0 | MLZedboard_i/inference_0/inst/grp_inference_Pipeline_VITIS_LOOP_41_1_fu_3207/flow_control_loop_pipe_sequential_init_U/h_1_reg_23179_reg[0]_230[0]               |                                                                                                                                     |                3 |              6 |         2.00 |
|  MLZedboard_i/processing_system7_0/inst/FCLK_CLK0 | MLZedboard_i/inference_0/inst/grp_inference_Pipeline_VITIS_LOOP_41_1_fu_3207/flow_control_loop_pipe_sequential_init_U/h_1_reg_23179_reg[0]_232[0]               |                                                                                                                                     |                2 |              6 |         3.00 |
|  MLZedboard_i/processing_system7_0/inst/FCLK_CLK0 | MLZedboard_i/inference_0/inst/grp_inference_Pipeline_VITIS_LOOP_41_1_fu_3207/flow_control_loop_pipe_sequential_init_U/h_1_reg_23179_reg[0]_233[0]               |                                                                                                                                     |                2 |              6 |         3.00 |
|  MLZedboard_i/processing_system7_0/inst/FCLK_CLK0 | MLZedboard_i/inference_0/inst/grp_inference_Pipeline_VITIS_LOOP_41_1_fu_3207/flow_control_loop_pipe_sequential_init_U/h_1_reg_23179_reg[0]_234[0]               |                                                                                                                                     |                3 |              6 |         2.00 |
|  MLZedboard_i/processing_system7_0/inst/FCLK_CLK0 | MLZedboard_i/inference_0/inst/grp_inference_Pipeline_VITIS_LOOP_41_1_fu_3207/flow_control_loop_pipe_sequential_init_U/h_1_reg_23179_reg[0]_235[0]               |                                                                                                                                     |                2 |              6 |         3.00 |
|  MLZedboard_i/processing_system7_0/inst/FCLK_CLK0 | MLZedboard_i/inference_0/inst/grp_inference_Pipeline_VITIS_LOOP_41_1_fu_3207/flow_control_loop_pipe_sequential_init_U/h_1_reg_23179_reg[0]_236[0]               |                                                                                                                                     |                3 |              6 |         2.00 |
|  MLZedboard_i/processing_system7_0/inst/FCLK_CLK0 | MLZedboard_i/inference_0/inst/grp_inference_Pipeline_VITIS_LOOP_41_1_fu_3207/flow_control_loop_pipe_sequential_init_U/h_1_reg_23179_reg[0]_237[0]               |                                                                                                                                     |                2 |              6 |         3.00 |
|  MLZedboard_i/processing_system7_0/inst/FCLK_CLK0 | MLZedboard_i/inference_0/inst/grp_inference_Pipeline_VITIS_LOOP_41_1_fu_3207/flow_control_loop_pipe_sequential_init_U/h_1_reg_23179_reg[0]_238[0]               |                                                                                                                                     |                3 |              6 |         2.00 |
|  MLZedboard_i/processing_system7_0/inst/FCLK_CLK0 | MLZedboard_i/inference_0/inst/grp_inference_Pipeline_VITIS_LOOP_41_1_fu_3207/flow_control_loop_pipe_sequential_init_U/h_1_reg_23179_reg[0]_295[0]               |                                                                                                                                     |                2 |              6 |         3.00 |
|  MLZedboard_i/processing_system7_0/inst/FCLK_CLK0 | MLZedboard_i/inference_0/inst/grp_inference_Pipeline_VITIS_LOOP_41_1_fu_3207/flow_control_loop_pipe_sequential_init_U/h_1_reg_23179_reg[0]_24[0]                |                                                                                                                                     |                2 |              6 |         3.00 |
|  MLZedboard_i/processing_system7_0/inst/FCLK_CLK0 | MLZedboard_i/inference_0/inst/grp_inference_Pipeline_VITIS_LOOP_41_1_fu_3207/flow_control_loop_pipe_sequential_init_U/h_1_reg_23179_reg[0]_240[0]               |                                                                                                                                     |                2 |              6 |         3.00 |
|  MLZedboard_i/processing_system7_0/inst/FCLK_CLK0 | MLZedboard_i/inference_0/inst/grp_inference_Pipeline_VITIS_LOOP_41_1_fu_3207/flow_control_loop_pipe_sequential_init_U/h_1_reg_23179_reg[0]_241[0]               |                                                                                                                                     |                2 |              6 |         3.00 |
|  MLZedboard_i/processing_system7_0/inst/FCLK_CLK0 | MLZedboard_i/inference_0/inst/grp_inference_Pipeline_VITIS_LOOP_41_1_fu_3207/flow_control_loop_pipe_sequential_init_U/h_1_reg_23179_reg[0]_242[0]               |                                                                                                                                     |                3 |              6 |         2.00 |
|  MLZedboard_i/processing_system7_0/inst/FCLK_CLK0 | MLZedboard_i/inference_0/inst/grp_inference_Pipeline_VITIS_LOOP_41_1_fu_3207/flow_control_loop_pipe_sequential_init_U/h_1_reg_23179_reg[0]_243[0]               |                                                                                                                                     |                3 |              6 |         2.00 |
|  MLZedboard_i/processing_system7_0/inst/FCLK_CLK0 | MLZedboard_i/inference_0/inst/grp_inference_Pipeline_VITIS_LOOP_41_1_fu_3207/flow_control_loop_pipe_sequential_init_U/h_1_reg_23179_reg[0]_244[0]               |                                                                                                                                     |                2 |              6 |         3.00 |
|  MLZedboard_i/processing_system7_0/inst/FCLK_CLK0 | MLZedboard_i/inference_0/inst/grp_inference_Pipeline_VITIS_LOOP_41_1_fu_3207/flow_control_loop_pipe_sequential_init_U/h_1_reg_23179_reg[0]_245[0]               |                                                                                                                                     |                3 |              6 |         2.00 |
|  MLZedboard_i/processing_system7_0/inst/FCLK_CLK0 | MLZedboard_i/inference_0/inst/grp_inference_Pipeline_VITIS_LOOP_41_1_fu_3207/flow_control_loop_pipe_sequential_init_U/h_1_reg_23179_reg[0]_246[0]               |                                                                                                                                     |                2 |              6 |         3.00 |
|  MLZedboard_i/processing_system7_0/inst/FCLK_CLK0 | MLZedboard_i/inference_0/inst/grp_inference_Pipeline_VITIS_LOOP_41_1_fu_3207/flow_control_loop_pipe_sequential_init_U/h_1_reg_23179_reg[0]_288[0]               |                                                                                                                                     |                3 |              6 |         2.00 |
|  MLZedboard_i/processing_system7_0/inst/FCLK_CLK0 | MLZedboard_i/inference_0/inst/grp_inference_Pipeline_VITIS_LOOP_41_1_fu_3207/flow_control_loop_pipe_sequential_init_U/h_1_reg_23179_reg[0]_280[0]               |                                                                                                                                     |                2 |              6 |         3.00 |
|  MLZedboard_i/processing_system7_0/inst/FCLK_CLK0 | MLZedboard_i/inference_0/inst/grp_inference_Pipeline_VITIS_LOOP_41_1_fu_3207/flow_control_loop_pipe_sequential_init_U/h_1_reg_23179_reg[0]_281[0]               |                                                                                                                                     |                3 |              6 |         2.00 |
|  MLZedboard_i/processing_system7_0/inst/FCLK_CLK0 | MLZedboard_i/inference_0/inst/grp_inference_Pipeline_VITIS_LOOP_41_1_fu_3207/flow_control_loop_pipe_sequential_init_U/h_1_reg_23179_reg[0]_282[0]               |                                                                                                                                     |                2 |              6 |         3.00 |
|  MLZedboard_i/processing_system7_0/inst/FCLK_CLK0 | MLZedboard_i/inference_0/inst/grp_inference_Pipeline_VITIS_LOOP_41_1_fu_3207/flow_control_loop_pipe_sequential_init_U/h_1_reg_23179_reg[0]_283[0]               |                                                                                                                                     |                3 |              6 |         2.00 |
|  MLZedboard_i/processing_system7_0/inst/FCLK_CLK0 | MLZedboard_i/inference_0/inst/grp_inference_Pipeline_VITIS_LOOP_41_1_fu_3207/flow_control_loop_pipe_sequential_init_U/h_1_reg_23179_reg[0]_284[0]               |                                                                                                                                     |                2 |              6 |         3.00 |
|  MLZedboard_i/processing_system7_0/inst/FCLK_CLK0 | MLZedboard_i/inference_0/inst/grp_inference_Pipeline_VITIS_LOOP_41_1_fu_3207/flow_control_loop_pipe_sequential_init_U/h_1_reg_23179_reg[0]_285[0]               |                                                                                                                                     |                3 |              6 |         2.00 |
|  MLZedboard_i/processing_system7_0/inst/FCLK_CLK0 | MLZedboard_i/inference_0/inst/grp_inference_Pipeline_VITIS_LOOP_41_1_fu_3207/flow_control_loop_pipe_sequential_init_U/h_1_reg_23179_reg[0]_286[0]               |                                                                                                                                     |                3 |              6 |         2.00 |
|  MLZedboard_i/processing_system7_0/inst/FCLK_CLK0 | MLZedboard_i/inference_0/inst/grp_inference_Pipeline_VITIS_LOOP_41_1_fu_3207/flow_control_loop_pipe_sequential_init_U/h_1_reg_23179_reg[0]_287[0]               |                                                                                                                                     |                2 |              6 |         3.00 |
|  MLZedboard_i/processing_system7_0/inst/FCLK_CLK0 | MLZedboard_i/inference_0/inst/grp_inference_Pipeline_VITIS_LOOP_41_1_fu_3207/flow_control_loop_pipe_sequential_init_U/h_1_reg_23179_reg[0]_264[0]               |                                                                                                                                     |                3 |              6 |         2.00 |
|  MLZedboard_i/processing_system7_0/inst/FCLK_CLK0 | MLZedboard_i/inference_0/inst/grp_inference_Pipeline_VITIS_LOOP_41_1_fu_3207/flow_control_loop_pipe_sequential_init_U/h_1_reg_23179_reg[0]_289[0]               |                                                                                                                                     |                3 |              6 |         2.00 |
|  MLZedboard_i/processing_system7_0/inst/FCLK_CLK0 | MLZedboard_i/inference_0/inst/grp_inference_Pipeline_VITIS_LOOP_41_1_fu_3207/flow_control_loop_pipe_sequential_init_U/h_1_reg_23179_reg[0]_29[0]                |                                                                                                                                     |                2 |              6 |         3.00 |
|  MLZedboard_i/processing_system7_0/inst/FCLK_CLK0 | MLZedboard_i/inference_0/inst/grp_inference_Pipeline_VITIS_LOOP_41_1_fu_3207/flow_control_loop_pipe_sequential_init_U/h_1_reg_23179_reg[0]_290[0]               |                                                                                                                                     |                2 |              6 |         3.00 |
|  MLZedboard_i/processing_system7_0/inst/FCLK_CLK0 | MLZedboard_i/inference_0/inst/grp_inference_Pipeline_VITIS_LOOP_41_1_fu_3207/flow_control_loop_pipe_sequential_init_U/h_1_reg_23179_reg[0]_291[0]               |                                                                                                                                     |                2 |              6 |         3.00 |
|  MLZedboard_i/processing_system7_0/inst/FCLK_CLK0 | MLZedboard_i/inference_0/inst/grp_inference_Pipeline_VITIS_LOOP_41_1_fu_3207/flow_control_loop_pipe_sequential_init_U/h_1_reg_23179_reg[0]_292[0]               |                                                                                                                                     |                3 |              6 |         2.00 |
|  MLZedboard_i/processing_system7_0/inst/FCLK_CLK0 | MLZedboard_i/inference_0/inst/grp_inference_Pipeline_VITIS_LOOP_41_1_fu_3207/flow_control_loop_pipe_sequential_init_U/h_1_reg_23179_reg[0]_293[0]               |                                                                                                                                     |                3 |              6 |         2.00 |
|  MLZedboard_i/processing_system7_0/inst/FCLK_CLK0 | MLZedboard_i/inference_0/inst/grp_inference_Pipeline_VITIS_LOOP_41_1_fu_3207/flow_control_loop_pipe_sequential_init_U/h_1_reg_23179_reg[0]_294[0]               |                                                                                                                                     |                2 |              6 |         3.00 |
|  MLZedboard_i/processing_system7_0/inst/FCLK_CLK0 | MLZedboard_i/inference_0/inst/grp_inference_Pipeline_VITIS_LOOP_41_1_fu_3207/flow_control_loop_pipe_sequential_init_U/h_1_reg_23179_reg[0]_296[0]               |                                                                                                                                     |                3 |              6 |         2.00 |
|  MLZedboard_i/processing_system7_0/inst/FCLK_CLK0 | MLZedboard_i/inference_0/inst/grp_inference_Pipeline_VITIS_LOOP_41_1_fu_3207/flow_control_loop_pipe_sequential_init_U/h_1_reg_23179_reg[0]_28[0]                |                                                                                                                                     |                3 |              6 |         2.00 |
|  MLZedboard_i/processing_system7_0/inst/FCLK_CLK0 | MLZedboard_i/inference_0/inst/grp_inference_Pipeline_VITIS_LOOP_41_1_fu_3207/flow_control_loop_pipe_sequential_init_U/h_1_reg_23179_reg[0]_265[0]               |                                                                                                                                     |                2 |              6 |         3.00 |
|  MLZedboard_i/processing_system7_0/inst/FCLK_CLK0 | MLZedboard_i/inference_0/inst/grp_inference_Pipeline_VITIS_LOOP_41_1_fu_3207/flow_control_loop_pipe_sequential_init_U/h_1_reg_23179_reg[0]_266[0]               |                                                                                                                                     |                2 |              6 |         3.00 |
|  MLZedboard_i/processing_system7_0/inst/FCLK_CLK0 | MLZedboard_i/inference_0/inst/grp_inference_Pipeline_VITIS_LOOP_41_1_fu_3207/flow_control_loop_pipe_sequential_init_U/h_1_reg_23179_reg[0]_267[0]               |                                                                                                                                     |                2 |              6 |         3.00 |
|  MLZedboard_i/processing_system7_0/inst/FCLK_CLK0 | MLZedboard_i/inference_0/inst/grp_inference_Pipeline_VITIS_LOOP_41_1_fu_3207/flow_control_loop_pipe_sequential_init_U/h_1_reg_23179_reg[0]_268[0]               |                                                                                                                                     |                3 |              6 |         2.00 |
|  MLZedboard_i/processing_system7_0/inst/FCLK_CLK0 | MLZedboard_i/inference_0/inst/grp_inference_Pipeline_VITIS_LOOP_41_1_fu_3207/flow_control_loop_pipe_sequential_init_U/h_1_reg_23179_reg[0]_269[0]               |                                                                                                                                     |                2 |              6 |         3.00 |
|  MLZedboard_i/processing_system7_0/inst/FCLK_CLK0 | MLZedboard_i/inference_0/inst/grp_inference_Pipeline_VITIS_LOOP_41_1_fu_3207/flow_control_loop_pipe_sequential_init_U/h_1_reg_23179_reg[0]_27[0]                |                                                                                                                                     |                2 |              6 |         3.00 |
|  MLZedboard_i/processing_system7_0/inst/FCLK_CLK0 | MLZedboard_i/inference_0/inst/grp_inference_Pipeline_VITIS_LOOP_41_1_fu_3207/flow_control_loop_pipe_sequential_init_U/h_1_reg_23179_reg[0]_270[0]               |                                                                                                                                     |                3 |              6 |         2.00 |
|  MLZedboard_i/processing_system7_0/inst/FCLK_CLK0 | MLZedboard_i/inference_0/inst/grp_inference_Pipeline_VITIS_LOOP_41_1_fu_3207/flow_control_loop_pipe_sequential_init_U/h_1_reg_23179_reg[0]_271[0]               |                                                                                                                                     |                2 |              6 |         3.00 |
|  MLZedboard_i/processing_system7_0/inst/FCLK_CLK0 | MLZedboard_i/inference_0/inst/grp_inference_Pipeline_VITIS_LOOP_41_1_fu_3207/flow_control_loop_pipe_sequential_init_U/h_1_reg_23179_reg[0]_272[0]               |                                                                                                                                     |                2 |              6 |         3.00 |
|  MLZedboard_i/processing_system7_0/inst/FCLK_CLK0 | MLZedboard_i/inference_0/inst/grp_inference_Pipeline_VITIS_LOOP_41_1_fu_3207/flow_control_loop_pipe_sequential_init_U/h_1_reg_23179_reg[0]_273[0]               |                                                                                                                                     |                2 |              6 |         3.00 |
|  MLZedboard_i/processing_system7_0/inst/FCLK_CLK0 | MLZedboard_i/inference_0/inst/grp_inference_Pipeline_VITIS_LOOP_41_1_fu_3207/flow_control_loop_pipe_sequential_init_U/h_1_reg_23179_reg[0]_274[0]               |                                                                                                                                     |                2 |              6 |         3.00 |
|  MLZedboard_i/processing_system7_0/inst/FCLK_CLK0 | MLZedboard_i/inference_0/inst/grp_inference_Pipeline_VITIS_LOOP_41_1_fu_3207/flow_control_loop_pipe_sequential_init_U/h_1_reg_23179_reg[0]_275[0]               |                                                                                                                                     |                2 |              6 |         3.00 |
|  MLZedboard_i/processing_system7_0/inst/FCLK_CLK0 | MLZedboard_i/inference_0/inst/grp_inference_Pipeline_VITIS_LOOP_41_1_fu_3207/flow_control_loop_pipe_sequential_init_U/h_1_reg_23179_reg[0]_276[0]               |                                                                                                                                     |                2 |              6 |         3.00 |
|  MLZedboard_i/processing_system7_0/inst/FCLK_CLK0 | MLZedboard_i/inference_0/inst/grp_inference_Pipeline_VITIS_LOOP_41_1_fu_3207/flow_control_loop_pipe_sequential_init_U/h_1_reg_23179_reg[0]_263[0]               |                                                                                                                                     |                3 |              6 |         2.00 |
|  MLZedboard_i/processing_system7_0/inst/FCLK_CLK0 | MLZedboard_i/inference_0/inst/grp_inference_Pipeline_VITIS_LOOP_41_1_fu_3207/flow_control_loop_pipe_sequential_init_U/h_1_reg_23179_reg[0]_277[0]               |                                                                                                                                     |                2 |              6 |         3.00 |
|  MLZedboard_i/processing_system7_0/inst/FCLK_CLK0 | MLZedboard_i/inference_0/inst/grp_inference_Pipeline_VITIS_LOOP_41_1_fu_3207/flow_control_loop_pipe_sequential_init_U/h_1_reg_23179_reg[0]_278[0]               |                                                                                                                                     |                2 |              6 |         3.00 |
|  MLZedboard_i/processing_system7_0/inst/FCLK_CLK0 | MLZedboard_i/inference_0/inst/grp_inference_Pipeline_VITIS_LOOP_41_1_fu_3207/flow_control_loop_pipe_sequential_init_U/h_1_reg_23179_reg[0]_279[0]               |                                                                                                                                     |                2 |              6 |         3.00 |
|  MLZedboard_i/processing_system7_0/inst/FCLK_CLK0 | MLZedboard_i/inference_0/inst/ap_CS_fsm_state10                                                                                                                 |                                                                                                                                     |                3 |              8 |         2.67 |
|  MLZedboard_i/processing_system7_0/inst/FCLK_CLK0 | MLZedboard_i/ps7_0_axi_periph/s00_couplers/auto_pc/inst/gen_axilite.gen_b2s_conv.axilite_b2s/RD.ar_channel_0/ar_cmd_fsm_0/E[0]                                  |                                                                                                                                     |                2 |              8 |         4.00 |
|  MLZedboard_i/processing_system7_0/inst/FCLK_CLK0 | MLZedboard_i/ps7_0_axi_periph/s00_couplers/auto_pc/inst/gen_axilite.gen_b2s_conv.axilite_b2s/RD.ar_channel_0/ar_cmd_fsm_0/FSM_sequential_state_reg[1]_1[0]      |                                                                                                                                     |                4 |              8 |         2.00 |
|  MLZedboard_i/processing_system7_0/inst/FCLK_CLK0 | MLZedboard_i/ps7_0_axi_periph/s00_couplers/auto_pc/inst/gen_axilite.gen_b2s_conv.axilite_b2s/WR.aw_channel_0/cmd_translator_0/incr_cmd_0/axaddr_incr[7]_i_1_n_0 |                                                                                                                                     |                2 |              8 |         4.00 |
|  MLZedboard_i/processing_system7_0/inst/FCLK_CLK0 | MLZedboard_i/ps7_0_axi_periph/s00_couplers/auto_pc/inst/gen_axilite.gen_b2s_conv.axilite_b2s/WR.aw_channel_0/aw_cmd_fsm_0/FSM_sequential_state_reg[1]_3[0]      |                                                                                                                                     |                4 |              8 |         2.00 |
|  MLZedboard_i/processing_system7_0/inst/FCLK_CLK0 | MLZedboard_i/ps7_0_axi_periph/s00_couplers/auto_pc/inst/gen_axilite.gen_b2s_conv.axilite_b2s/WR.b_channel_0/mhandshake_r                                        | MLZedboard_i/ps7_0_axi_periph/s00_couplers/auto_pc/inst/gen_axilite.gen_b2s_conv.axilite_b2s/WR.b_channel_0/bid_fifo_0/SR[0]        |                3 |              8 |         2.67 |
|  MLZedboard_i/processing_system7_0/inst/FCLK_CLK0 | MLZedboard_i/inference_0/inst/grp_inference_Pipeline_VITIS_LOOP_41_1_fu_3207/flow_control_loop_pipe_sequential_init_U/ap_loop_init_int_reg_0                    |                                                                                                                                     |                2 |             10 |         5.00 |
|  MLZedboard_i/processing_system7_0/inst/FCLK_CLK0 |                                                                                                                                                                 | MLZedboard_i/ps7_0_axi_periph/s00_couplers/auto_pc/inst/gen_axilite.gen_b2s_conv.axilite_b2s/areset_d1                              |                5 |             10 |         2.00 |
|  MLZedboard_i/processing_system7_0/inst/FCLK_CLK0 | MLZedboard_i/ps7_0_axi_periph/s00_couplers/auto_pc/inst/gen_axilite.gen_b2s_conv.axilite_b2s/SI_REG/b.b_pipe/s_ready_i_reg_0                                    |                                                                                                                                     |                3 |             12 |         4.00 |
|  MLZedboard_i/processing_system7_0/inst/FCLK_CLK0 | MLZedboard_i/ps7_0_axi_periph/s00_couplers/auto_pc/inst/gen_axilite.gen_b2s_conv.axilite_b2s/SI_REG/b.b_pipe/p_1_in                                             |                                                                                                                                     |                3 |             12 |         4.00 |
|  MLZedboard_i/processing_system7_0/inst/FCLK_CLK0 | MLZedboard_i/ps7_0_axi_periph/s00_couplers/auto_pc/inst/gen_axilite.gen_b2s_conv.axilite_b2s/RD.r_channel_0/r_push_r                                            |                                                                                                                                     |                4 |             13 |         3.25 |
|  MLZedboard_i/processing_system7_0/inst/FCLK_CLK0 | MLZedboard_i/ps7_0_axi_periph/s00_couplers/auto_pc/inst/gen_axilite.gen_b2s_conv.axilite_b2s/WR.aw_channel_0/aw_cmd_fsm_0/b_push                                |                                                                                                                                     |                3 |             16 |         5.33 |
|  MLZedboard_i/processing_system7_0/inst/FCLK_CLK0 | MLZedboard_i/inference_0/inst/ap_CS_fsm_state11                                                                                                                 |                                                                                                                                     |                5 |             18 |         3.60 |
|  MLZedboard_i/processing_system7_0/inst/FCLK_CLK0 |                                                                                                                                                                 | MLZedboard_i/inference_0/inst/regslice_both_input_r_V_data_V_U/ap_rst_n_inv                                                         |                7 |             19 |         2.71 |
|  MLZedboard_i/processing_system7_0/inst/FCLK_CLK0 | MLZedboard_i/ps7_0_axi_periph/s00_couplers/auto_pc/inst/gen_axilite.gen_b2s_conv.axilite_b2s/WR.aw_channel_0/aw_cmd_fsm_0/E[0]                                  |                                                                                                                                     |                9 |             22 |         2.44 |
|  MLZedboard_i/processing_system7_0/inst/FCLK_CLK0 | MLZedboard_i/ps7_0_axi_periph/s00_couplers/auto_pc/inst/gen_axilite.gen_b2s_conv.axilite_b2s/RD.ar_channel_0/ar_cmd_fsm_0/m_valid_i_reg[0]                      |                                                                                                                                     |                9 |             22 |         2.44 |
|  MLZedboard_i/processing_system7_0/inst/FCLK_CLK0 |                                                                                                                                                                 | MLZedboard_i/comblock_0/U0/comblock_i/fifo_out_clear_reg_n_0                                                                        |                8 |             25 |         3.12 |
|  MLZedboard_i/processing_system7_0/inst/FCLK_CLK0 | MLZedboard_i/inference_0/inst/grp_inference_Pipeline_VITIS_LOOP_41_1_fu_3207/flow_control_loop_pipe_sequential_init_U/ap_block_pp0_stage0_subdone               |                                                                                                                                     |                9 |             27 |         3.00 |
|  MLZedboard_i/processing_system7_0/inst/FCLK_CLK0 | MLZedboard_i/ps7_0_axi_periph/s00_couplers/auto_pc/inst/gen_axilite.gen_b2s_conv.axilite_b2s/RD.ar_channel_0/ar_cmd_fsm_0/FSM_sequential_state_reg[1]_2[0]      |                                                                                                                                     |                9 |             28 |         3.11 |
|  MLZedboard_i/processing_system7_0/inst/FCLK_CLK0 | MLZedboard_i/ps7_0_axi_periph/s00_couplers/auto_pc/inst/gen_axilite.gen_b2s_conv.axilite_b2s/SI_REG/ar.ar_pipe/s_ready_i_reg_0                                  |                                                                                                                                     |               11 |             28 |         2.55 |
|  MLZedboard_i/processing_system7_0/inst/FCLK_CLK0 | MLZedboard_i/ps7_0_axi_periph/s00_couplers/auto_pc/inst/gen_axilite.gen_b2s_conv.axilite_b2s/SI_REG/aw.aw_pipe/s_ready_i_reg_0                                  |                                                                                                                                     |                8 |             28 |         3.50 |
|  MLZedboard_i/processing_system7_0/inst/FCLK_CLK0 | MLZedboard_i/ps7_0_axi_periph/s00_couplers/auto_pc/inst/gen_axilite.gen_b2s_conv.axilite_b2s/WR.aw_channel_0/aw_cmd_fsm_0/m_valid_i_reg[0]                      |                                                                                                                                     |                7 |             28 |         4.00 |
|  MLZedboard_i/processing_system7_0/inst/FCLK_CLK0 |                                                                                                                                                                 | MLZedboard_i/comblock_0/U0/AXIL_inst/axi_rdata[31]_i_1_n_0                                                                          |               15 |             32 |         2.13 |
|  MLZedboard_i/processing_system7_0/inst/FCLK_CLK0 | MLZedboard_i/comblock_0/U0/AXIL_inst/axi_awaddr_reg[7]_1[0]                                                                                                     |                                                                                                                                     |               16 |             32 |         2.00 |
|  MLZedboard_i/processing_system7_0/inst/FCLK_CLK0 | MLZedboard_i/ps7_0_axi_periph/s00_couplers/auto_pc/inst/gen_axilite.gen_b2s_conv.axilite_b2s/RD.r_channel_0/rd_data_fifo_0/wr_en0                               |                                                                                                                                     |                9 |             32 |         3.56 |
|  MLZedboard_i/processing_system7_0/inst/FCLK_CLK0 | MLZedboard_i/inference_0/inst/regslice_both_input_r_V_data_V_U/B_V_data_1_load_B                                                                                |                                                                                                                                     |               10 |             32 |         3.20 |
|  MLZedboard_i/processing_system7_0/inst/FCLK_CLK0 | MLZedboard_i/comblock_0/U0/AXIL_inst/axi_awaddr_reg[4]_0[0]                                                                                                     |                                                                                                                                     |               14 |             32 |         2.29 |
|  MLZedboard_i/processing_system7_0/inst/FCLK_CLK0 | MLZedboard_i/comblock_0/U0/AXIL_inst/axi_awaddr_reg[2]_0[0]                                                                                                     |                                                                                                                                     |               15 |             32 |         2.13 |
|  MLZedboard_i/processing_system7_0/inst/FCLK_CLK0 | MLZedboard_i/comblock_0/U0/AXIL_inst/E[0]                                                                                                                       |                                                                                                                                     |               15 |             32 |         2.13 |
|  MLZedboard_i/processing_system7_0/inst/FCLK_CLK0 | MLZedboard_i/inference_0/inst/regslice_both_input_r_V_data_V_U/B_V_data_1_payload_A[31]_i_1_n_0                                                                 |                                                                                                                                     |               13 |             32 |         2.46 |
|  MLZedboard_i/processing_system7_0/inst/FCLK_CLK0 | MLZedboard_i/ps7_0_axi_periph/s00_couplers/auto_pc/inst/gen_axilite.gen_b2s_conv.axilite_b2s/SI_REG/r.r_pipe/p_1_in                                             |                                                                                                                                     |               13 |             45 |         3.46 |
|  MLZedboard_i/processing_system7_0/inst/FCLK_CLK0 | MLZedboard_i/ps7_0_axi_periph/s00_couplers/auto_pc/inst/gen_axilite.gen_b2s_conv.axilite_b2s/SI_REG/r.r_pipe/s_ready_i_reg_0                                    |                                                                                                                                     |               13 |             45 |         3.46 |
|  MLZedboard_i/processing_system7_0/inst/FCLK_CLK0 | MLZedboard_i/inference_0/inst/grp_inference_Pipeline_VITIS_LOOP_41_1_fu_3207/flow_control_loop_pipe_sequential_init_U/p_1506_in                                 |                                                                                                                                     |               15 |             47 |         3.13 |
|  MLZedboard_i/processing_system7_0/inst/FCLK_CLK0 |                                                                                                                                                                 |                                                                                                                                     |              205 |            364 |         1.78 |
+---------------------------------------------------+-----------------------------------------------------------------------------------------------------------------------------------------------------------------+-------------------------------------------------------------------------------------------------------------------------------------+------------------+----------------+--------------+


