Copyright 1986-2022 Xilinx, Inc. All Rights Reserved.
---------------------------------------------------------------------------------------------------------------------------------------------------------------------------------------------------------------------------------------------------
| Tool Version : Vivado v.2022.2 (lin64) Build 3671981 Fri Oct 14 04:59:54 MDT 2022
| Date         : Fri Apr 11 15:00:33 2025
| Host         : workspace running 64-bit Ubuntu 22.04.5 LTS
| Command      : report_timing_summary -max_paths 10 -report_unconstrained -file MLZedboard_wrapper_timing_summary_routed.rpt -pb MLZedboard_wrapper_timing_summary_routed.pb -rpx MLZedboard_wrapper_timing_summary_routed.rpx -warn_on_violation
| Design       : MLZedboard_wrapper
| Device       : 7z020-clg484
| Speed File   : -1  PRODUCTION 1.12 2019-11-22
---------------------------------------------------------------------------------------------------------------------------------------------------------------------------------------------------------------------------------------------------

Timing Summary Report

------------------------------------------------------------------------------------------------
| Timer Settings
| --------------
------------------------------------------------------------------------------------------------

  Enable Multi Corner Analysis               :  Yes
  Enable Pessimism Removal                   :  Yes
  Pessimism Removal Resolution               :  Nearest Common Node
  Enable Input Delay Default Clock           :  No
  Enable Preset / Clear Arcs                 :  No
  Disable Flight Delays                      :  No
  Ignore I/O Paths                           :  No
  Timing Early Launch at Borrowing Latches   :  No
  Borrow Time for Max Delay Exceptions       :  Yes
  Merge Timing Exceptions                    :  Yes

  Corner  Analyze    Analyze    
  Name    Max Paths  Min Paths  
  ------  ---------  ---------  
  Slow    Yes        Yes        
  Fast    Yes        Yes        


------------------------------------------------------------------------------------------------
| Report Methodology
| ------------------
------------------------------------------------------------------------------------------------

No report available as report_methodology has not been run prior. Run report_methodology on the current design for the summary of methodology violations.



check_timing report

Table of Contents
-----------------
1. checking no_clock (0)
2. checking constant_clock (0)
3. checking pulse_width_clock (0)
4. checking unconstrained_internal_endpoints (0)
5. checking no_input_delay (0)
6. checking no_output_delay (0)
7. checking multiple_clock (0)
8. checking generated_clocks (0)
9. checking loops (0)
10. checking partial_input_delay (0)
11. checking partial_output_delay (0)
12. checking latch_loops (0)

1. checking no_clock (0)
------------------------
 There are 0 register/latch pins with no clock.


2. checking constant_clock (0)
------------------------------
 There are 0 register/latch pins with constant_clock.


3. checking pulse_width_clock (0)
---------------------------------
 There are 0 register/latch pins which need pulse_width check


4. checking unconstrained_internal_endpoints (0)
------------------------------------------------
 There are 0 pins that are not constrained for maximum delay.

 There are 0 pins that are not constrained for maximum delay due to constant clock.


5. checking no_input_delay (0)
------------------------------
 There are 0 input ports with no input delay specified.

 There are 0 input ports with no input delay but user has a false path constraint.


6. checking no_output_delay (0)
-------------------------------
 There are 0 ports with no output delay specified.

 There are 0 ports with no output delay but user has a false path constraint

 There are 0 ports with no output delay but with a timing clock defined on it or propagating through it


7. checking multiple_clock (0)
------------------------------
 There are 0 register/latch pins with multiple clocks.


8. checking generated_clocks (0)
--------------------------------
 There are 0 generated clocks that are not connected to a clock source.


9. checking loops (0)
---------------------
 There are 0 combinational loops in the design.


10. checking partial_input_delay (0)
------------------------------------
 There are 0 input ports with partial input delay specified.


11. checking partial_output_delay (0)
-------------------------------------
 There are 0 ports with partial output delay specified.


12. checking latch_loops (0)
----------------------------
 There are 0 combinational latch loops in the design through latch input



------------------------------------------------------------------------------------------------
| Design Timing Summary
| ---------------------
------------------------------------------------------------------------------------------------

    WNS(ns)      TNS(ns)  TNS Failing Endpoints  TNS Total Endpoints      WHS(ns)      THS(ns)  THS Failing Endpoints  THS Total Endpoints     WPWS(ns)     TPWS(ns)  TPWS Failing Endpoints  TPWS Total Endpoints  
    -------      -------  ---------------------  -------------------      -------      -------  ---------------------  -------------------     --------     --------  ----------------------  --------------------  
      0.749        0.000                      0                 9221        0.039        0.000                      0                 9221        5.519        0.000                       0                  4702  


All user specified timing constraints are met.


------------------------------------------------------------------------------------------------
| Clock Summary
| -------------
------------------------------------------------------------------------------------------------

Clock       Waveform(ns)       Period(ns)      Frequency(MHz)
-----       ------------       ----------      --------------
clk_fpga_0  {0.000 6.499}      12.999          76.929          


------------------------------------------------------------------------------------------------
| Intra Clock Table
| -----------------
------------------------------------------------------------------------------------------------

Clock             WNS(ns)      TNS(ns)  TNS Failing Endpoints  TNS Total Endpoints      WHS(ns)      THS(ns)  THS Failing Endpoints  THS Total Endpoints     WPWS(ns)     TPWS(ns)  TPWS Failing Endpoints  TPWS Total Endpoints  
-----             -------      -------  ---------------------  -------------------      -------      -------  ---------------------  -------------------     --------     --------  ----------------------  --------------------  
clk_fpga_0          0.749        0.000                      0                 9221        0.039        0.000                      0                 9221        5.519        0.000                       0                  4702  


------------------------------------------------------------------------------------------------
| Inter Clock Table
| -----------------
------------------------------------------------------------------------------------------------

From Clock    To Clock          WNS(ns)      TNS(ns)  TNS Failing Endpoints  TNS Total Endpoints      WHS(ns)      THS(ns)  THS Failing Endpoints  THS Total Endpoints  
----------    --------          -------      -------  ---------------------  -------------------      -------      -------  ---------------------  -------------------  


------------------------------------------------------------------------------------------------
| Other Path Groups Table
| -----------------------
------------------------------------------------------------------------------------------------

Path Group    From Clock    To Clock          WNS(ns)      TNS(ns)  TNS Failing Endpoints  TNS Total Endpoints      WHS(ns)      THS(ns)  THS Failing Endpoints  THS Total Endpoints  
----------    ----------    --------          -------      -------  ---------------------  -------------------      -------      -------  ---------------------  -------------------  


------------------------------------------------------------------------------------------------
| User Ignored Path Table
| -----------------------
------------------------------------------------------------------------------------------------

Path Group    From Clock    To Clock    
----------    ----------    --------    
(none)                      clk_fpga_0    


------------------------------------------------------------------------------------------------
| Unconstrained Path Table
| ------------------------
------------------------------------------------------------------------------------------------

Path Group    From Clock    To Clock    
----------    ----------    --------    
(none)                      clk_fpga_0    


------------------------------------------------------------------------------------------------
| Timing Details
| --------------
------------------------------------------------------------------------------------------------


---------------------------------------------------------------------------------------------------
From Clock:  clk_fpga_0
  To Clock:  clk_fpga_0

Setup :            0  Failing Endpoints,  Worst Slack        0.749ns,  Total Violation        0.000ns
Hold  :            0  Failing Endpoints,  Worst Slack        0.039ns,  Total Violation        0.000ns
PW    :            0  Failing Endpoints,  Worst Slack        5.519ns,  Total Violation        0.000ns
---------------------------------------------------------------------------------------------------


Max Delay Paths
--------------------------------------------------------------------------------------
Slack (MET) :             0.749ns  (required time - arrival time)
  Source:                 MLZedboard_i/inference_0/inst/regslice_both_input_r_V_data_V_U/B_V_data_1_payload_B_reg[7]/C
                            (rising edge-triggered cell FDRE clocked by clk_fpga_0  {rise@0.000ns fall@6.499ns period=12.999ns})
  Destination:            MLZedboard_i/inference_0/inst/grp_inference_Pipeline_VITIS_LOOP_41_1_fu_3207/tmp_21_reg_23197_reg[5]/D
                            (rising edge-triggered cell FDRE clocked by clk_fpga_0  {rise@0.000ns fall@6.499ns period=12.999ns})
  Path Group:             clk_fpga_0
  Path Type:              Setup (Max at Slow Process Corner)
  Requirement:            12.999ns  (clk_fpga_0 rise@12.999ns - clk_fpga_0 rise@0.000ns)
  Data Path Delay:        12.026ns  (logic 8.059ns (67.016%)  route 3.967ns (32.984%))
  Logic Levels:           12  (CARRY4=8 DSP48E1=2 LUT2=1 LUT3=1)
  Clock Path Skew:        -0.088ns (DCD - SCD + CPR)
    Destination Clock Delay (DCD):    2.898ns = ( 15.897 - 12.999 ) 
    Source Clock Delay      (SCD):    3.133ns
    Clock Pessimism Removal (CPR):    0.147ns
  Clock Uncertainty:      0.198ns  ((TSJ^2 + TIJ^2)^1/2 + DJ) / 2 + PE
    Total System Jitter     (TSJ):    0.071ns
    Total Input Jitter      (TIJ):    0.390ns
    Discrete Jitter          (DJ):    0.000ns
    Phase Error              (PE):    0.000ns

    Location             Delay type                Incr(ns)  Path(ns)    Netlist Resource(s)
  -------------------------------------------------------------------    -------------------
                         (clock clk_fpga_0 rise edge)
                                                      0.000     0.000 r  
    PS7_X0Y0             PS7                          0.000     0.000 r  MLZedboard_i/processing_system7_0/inst/PS7_i/FCLKCLK[0]
                         net (fo=1, routed)           1.193     1.193    MLZedboard_i/processing_system7_0/inst/FCLK_CLK_unbuffered[0]
    BUFGCTRL_X0Y16       BUFG (Prop_bufg_I_O)         0.101     1.294 r  MLZedboard_i/processing_system7_0/inst/buffer_fclk_clk_0.FCLK_CLK_0_BUFG/O
                         net (fo=4704, routed)        1.839     3.133    MLZedboard_i/inference_0/inst/regslice_both_input_r_V_data_V_U/ap_clk
    SLICE_X35Y113        FDRE                                         r  MLZedboard_i/inference_0/inst/regslice_both_input_r_V_data_V_U/B_V_data_1_payload_B_reg[7]/C
  -------------------------------------------------------------------    -------------------
    SLICE_X35Y113        FDRE (Prop_fdre_C_Q)         0.456     3.589 r  MLZedboard_i/inference_0/inst/regslice_both_input_r_V_data_V_U/B_V_data_1_payload_B_reg[7]/Q
                         net (fo=1, routed)           0.948     4.537    MLZedboard_i/inference_0/inst/regslice_both_input_r_V_data_V_U/B_V_data_1_payload_B[7]
    SLICE_X37Y113        LUT3 (Prop_lut3_I0_O)        0.154     4.691 r  MLZedboard_i/inference_0/inst/regslice_both_input_r_V_data_V_U/dout__1_i_10/O
                         net (fo=1, routed)           1.939     6.630    MLZedboard_i/inference_0/inst/grp_inference_Pipeline_VITIS_LOOP_41_1_fu_3207/mul_32s_34ns_65_1_1_U1/input_r_TDATA_int_regslice[7]
    DSP48_X3Y38          DSP48E1 (Prop_dsp48e1_A[7]_PCOUT[47])
                                                      4.239    10.869 r  MLZedboard_i/inference_0/inst/grp_inference_Pipeline_VITIS_LOOP_41_1_fu_3207/mul_32s_34ns_65_1_1_U1/dout__1/PCOUT[47]
                         net (fo=1, routed)           0.002    10.871    MLZedboard_i/inference_0/inst/grp_inference_Pipeline_VITIS_LOOP_41_1_fu_3207/mul_32s_34ns_65_1_1_U1/dout__1_n_106
    DSP48_X3Y39          DSP48E1 (Prop_dsp48e1_PCIN[47]_P[0])
                                                      1.518    12.389 r  MLZedboard_i/inference_0/inst/grp_inference_Pipeline_VITIS_LOOP_41_1_fu_3207/mul_32s_34ns_65_1_1_U1/dout__2/P[0]
                         net (fo=2, routed)           1.076    13.466    MLZedboard_i/inference_0/inst/grp_inference_Pipeline_VITIS_LOOP_41_1_fu_3207/mul_32s_34ns_65_1_1_U1/dout__2_n_105
    SLICE_X81Y96         LUT2 (Prop_lut2_I0_O)        0.124    13.590 r  MLZedboard_i/inference_0/inst/grp_inference_Pipeline_VITIS_LOOP_41_1_fu_3207/mul_32s_34ns_65_1_1_U1/mul_ln1513_reg_23186[19]_i_4/O
                         net (fo=1, routed)           0.000    13.590    MLZedboard_i/inference_0/inst/grp_inference_Pipeline_VITIS_LOOP_41_1_fu_3207/mul_32s_34ns_65_1_1_U1/mul_ln1513_reg_23186[19]_i_4_n_0
    SLICE_X81Y96         CARRY4 (Prop_carry4_S[1]_CO[3])
                                                      0.550    14.140 r  MLZedboard_i/inference_0/inst/grp_inference_Pipeline_VITIS_LOOP_41_1_fu_3207/mul_32s_34ns_65_1_1_U1/mul_ln1513_reg_23186_reg[19]_i_1/CO[3]
                         net (fo=1, routed)           0.000    14.140    MLZedboard_i/inference_0/inst/grp_inference_Pipeline_VITIS_LOOP_41_1_fu_3207/mul_32s_34ns_65_1_1_U1/mul_ln1513_reg_23186_reg[19]_i_1_n_0
    SLICE_X81Y97         CARRY4 (Prop_carry4_CI_CO[3])
                                                      0.114    14.254 r  MLZedboard_i/inference_0/inst/grp_inference_Pipeline_VITIS_LOOP_41_1_fu_3207/mul_32s_34ns_65_1_1_U1/mul_ln1513_reg_23186_reg[23]_i_1/CO[3]
                         net (fo=1, routed)           0.000    14.254    MLZedboard_i/inference_0/inst/grp_inference_Pipeline_VITIS_LOOP_41_1_fu_3207/mul_32s_34ns_65_1_1_U1/mul_ln1513_reg_23186_reg[23]_i_1_n_0
    SLICE_X81Y98         CARRY4 (Prop_carry4_CI_CO[3])
                                                      0.114    14.368 r  MLZedboard_i/inference_0/inst/grp_inference_Pipeline_VITIS_LOOP_41_1_fu_3207/mul_32s_34ns_65_1_1_U1/mul_ln1513_reg_23186_reg[27]_i_1/CO[3]
                         net (fo=1, routed)           0.000    14.368    MLZedboard_i/inference_0/inst/grp_inference_Pipeline_VITIS_LOOP_41_1_fu_3207/mul_32s_34ns_65_1_1_U1/mul_ln1513_reg_23186_reg[27]_i_1_n_0
    SLICE_X81Y99         CARRY4 (Prop_carry4_CI_CO[3])
                                                      0.114    14.482 r  MLZedboard_i/inference_0/inst/grp_inference_Pipeline_VITIS_LOOP_41_1_fu_3207/mul_32s_34ns_65_1_1_U1/mul_ln1513_reg_23186_reg[31]_i_1/CO[3]
                         net (fo=1, routed)           0.001    14.483    MLZedboard_i/inference_0/inst/grp_inference_Pipeline_VITIS_LOOP_41_1_fu_3207/mul_32s_34ns_65_1_1_U1/mul_ln1513_reg_23186_reg[31]_i_1_n_0
    SLICE_X81Y100        CARRY4 (Prop_carry4_CI_CO[3])
                                                      0.114    14.597 r  MLZedboard_i/inference_0/inst/grp_inference_Pipeline_VITIS_LOOP_41_1_fu_3207/mul_32s_34ns_65_1_1_U1/mul_ln1513_reg_23186_reg[35]_i_1/CO[3]
                         net (fo=1, routed)           0.000    14.597    MLZedboard_i/inference_0/inst/grp_inference_Pipeline_VITIS_LOOP_41_1_fu_3207/mul_32s_34ns_65_1_1_U1/mul_ln1513_reg_23186_reg[35]_i_1_n_0
    SLICE_X81Y101        CARRY4 (Prop_carry4_CI_CO[3])
                                                      0.114    14.711 r  MLZedboard_i/inference_0/inst/grp_inference_Pipeline_VITIS_LOOP_41_1_fu_3207/mul_32s_34ns_65_1_1_U1/mul_ln1513_reg_23186_reg[39]_i_1/CO[3]
                         net (fo=1, routed)           0.000    14.711    MLZedboard_i/inference_0/inst/grp_inference_Pipeline_VITIS_LOOP_41_1_fu_3207/mul_32s_34ns_65_1_1_U1/mul_ln1513_reg_23186_reg[39]_i_1_n_0
    SLICE_X81Y102        CARRY4 (Prop_carry4_CI_CO[3])
                                                      0.114    14.825 r  MLZedboard_i/inference_0/inst/grp_inference_Pipeline_VITIS_LOOP_41_1_fu_3207/mul_32s_34ns_65_1_1_U1/mul_ln1513_reg_23186_reg[43]_i_1/CO[3]
                         net (fo=1, routed)           0.000    14.825    MLZedboard_i/inference_0/inst/grp_inference_Pipeline_VITIS_LOOP_41_1_fu_3207/mul_32s_34ns_65_1_1_U1/mul_ln1513_reg_23186_reg[43]_i_1_n_0
    SLICE_X81Y103        CARRY4 (Prop_carry4_CI_O[1])
                                                      0.334    15.159 r  MLZedboard_i/inference_0/inst/grp_inference_Pipeline_VITIS_LOOP_41_1_fu_3207/mul_32s_34ns_65_1_1_U1/mul_ln1513_reg_23186_reg[44]_i_1/O[1]
                         net (fo=1, routed)           0.000    15.159    MLZedboard_i/inference_0/inst/grp_inference_Pipeline_VITIS_LOOP_41_1_fu_3207/p_0_in[5]
    SLICE_X81Y103        FDRE                                         r  MLZedboard_i/inference_0/inst/grp_inference_Pipeline_VITIS_LOOP_41_1_fu_3207/tmp_21_reg_23197_reg[5]/D
  -------------------------------------------------------------------    -------------------

                         (clock clk_fpga_0 rise edge)
                                                     12.999    12.999 r  
    PS7_X0Y0             PS7                          0.000    12.999 r  MLZedboard_i/processing_system7_0/inst/PS7_i/FCLKCLK[0]
                         net (fo=1, routed)           1.088    14.087    MLZedboard_i/processing_system7_0/inst/FCLK_CLK_unbuffered[0]
    BUFGCTRL_X0Y16       BUFG (Prop_bufg_I_O)         0.091    14.178 r  MLZedboard_i/processing_system7_0/inst/buffer_fclk_clk_0.FCLK_CLK_0_BUFG/O
                         net (fo=4704, routed)        1.719    15.897    MLZedboard_i/inference_0/inst/grp_inference_Pipeline_VITIS_LOOP_41_1_fu_3207/ap_clk
    SLICE_X81Y103        FDRE                                         r  MLZedboard_i/inference_0/inst/grp_inference_Pipeline_VITIS_LOOP_41_1_fu_3207/tmp_21_reg_23197_reg[5]/C
                         clock pessimism              0.147    16.044    
                         clock uncertainty           -0.198    15.846    
    SLICE_X81Y103        FDRE (Setup_fdre_C_D)        0.062    15.908    MLZedboard_i/inference_0/inst/grp_inference_Pipeline_VITIS_LOOP_41_1_fu_3207/tmp_21_reg_23197_reg[5]
  -------------------------------------------------------------------
                         required time                         15.908    
                         arrival time                         -15.159    
  -------------------------------------------------------------------
                         slack                                  0.749    

Slack (MET) :             0.860ns  (required time - arrival time)
  Source:                 MLZedboard_i/inference_0/inst/regslice_both_input_r_V_data_V_U/B_V_data_1_payload_B_reg[7]/C
                            (rising edge-triggered cell FDRE clocked by clk_fpga_0  {rise@0.000ns fall@6.499ns period=12.999ns})
  Destination:            MLZedboard_i/inference_0/inst/grp_inference_Pipeline_VITIS_LOOP_41_1_fu_3207/mul_ln1513_reg_23186_reg[44]/D
                            (rising edge-triggered cell FDRE clocked by clk_fpga_0  {rise@0.000ns fall@6.499ns period=12.999ns})
  Path Group:             clk_fpga_0
  Path Type:              Setup (Max at Slow Process Corner)
  Requirement:            12.999ns  (clk_fpga_0 rise@12.999ns - clk_fpga_0 rise@0.000ns)
  Data Path Delay:        11.915ns  (logic 7.948ns (66.709%)  route 3.967ns (33.291%))
  Logic Levels:           12  (CARRY4=8 DSP48E1=2 LUT2=1 LUT3=1)
  Clock Path Skew:        -0.088ns (DCD - SCD + CPR)
    Destination Clock Delay (DCD):    2.898ns = ( 15.897 - 12.999 ) 
    Source Clock Delay      (SCD):    3.133ns
    Clock Pessimism Removal (CPR):    0.147ns
  Clock Uncertainty:      0.198ns  ((TSJ^2 + TIJ^2)^1/2 + DJ) / 2 + PE
    Total System Jitter     (TSJ):    0.071ns
    Total Input Jitter      (TIJ):    0.390ns
    Discrete Jitter          (DJ):    0.000ns
    Phase Error              (PE):    0.000ns

    Location             Delay type                Incr(ns)  Path(ns)    Netlist Resource(s)
  -------------------------------------------------------------------    -------------------
                         (clock clk_fpga_0 rise edge)
                                                      0.000     0.000 r  
    PS7_X0Y0             PS7                          0.000     0.000 r  MLZedboard_i/processing_system7_0/inst/PS7_i/FCLKCLK[0]
                         net (fo=1, routed)           1.193     1.193    MLZedboard_i/processing_system7_0/inst/FCLK_CLK_unbuffered[0]
    BUFGCTRL_X0Y16       BUFG (Prop_bufg_I_O)         0.101     1.294 r  MLZedboard_i/processing_system7_0/inst/buffer_fclk_clk_0.FCLK_CLK_0_BUFG/O
                         net (fo=4704, routed)        1.839     3.133    MLZedboard_i/inference_0/inst/regslice_both_input_r_V_data_V_U/ap_clk
    SLICE_X35Y113        FDRE                                         r  MLZedboard_i/inference_0/inst/regslice_both_input_r_V_data_V_U/B_V_data_1_payload_B_reg[7]/C
  -------------------------------------------------------------------    -------------------
    SLICE_X35Y113        FDRE (Prop_fdre_C_Q)         0.456     3.589 r  MLZedboard_i/inference_0/inst/regslice_both_input_r_V_data_V_U/B_V_data_1_payload_B_reg[7]/Q
                         net (fo=1, routed)           0.948     4.537    MLZedboard_i/inference_0/inst/regslice_both_input_r_V_data_V_U/B_V_data_1_payload_B[7]
    SLICE_X37Y113        LUT3 (Prop_lut3_I0_O)        0.154     4.691 r  MLZedboard_i/inference_0/inst/regslice_both_input_r_V_data_V_U/dout__1_i_10/O
                         net (fo=1, routed)           1.939     6.630    MLZedboard_i/inference_0/inst/grp_inference_Pipeline_VITIS_LOOP_41_1_fu_3207/mul_32s_34ns_65_1_1_U1/input_r_TDATA_int_regslice[7]
    DSP48_X3Y38          DSP48E1 (Prop_dsp48e1_A[7]_PCOUT[47])
                                                      4.239    10.869 r  MLZedboard_i/inference_0/inst/grp_inference_Pipeline_VITIS_LOOP_41_1_fu_3207/mul_32s_34ns_65_1_1_U1/dout__1/PCOUT[47]
                         net (fo=1, routed)           0.002    10.871    MLZedboard_i/inference_0/inst/grp_inference_Pipeline_VITIS_LOOP_41_1_fu_3207/mul_32s_34ns_65_1_1_U1/dout__1_n_106
    DSP48_X3Y39          DSP48E1 (Prop_dsp48e1_PCIN[47]_P[0])
                                                      1.518    12.389 r  MLZedboard_i/inference_0/inst/grp_inference_Pipeline_VITIS_LOOP_41_1_fu_3207/mul_32s_34ns_65_1_1_U1/dout__2/P[0]
                         net (fo=2, routed)           1.076    13.466    MLZedboard_i/inference_0/inst/grp_inference_Pipeline_VITIS_LOOP_41_1_fu_3207/mul_32s_34ns_65_1_1_U1/dout__2_n_105
    SLICE_X81Y96         LUT2 (Prop_lut2_I0_O)        0.124    13.590 r  MLZedboard_i/inference_0/inst/grp_inference_Pipeline_VITIS_LOOP_41_1_fu_3207/mul_32s_34ns_65_1_1_U1/mul_ln1513_reg_23186[19]_i_4/O
                         net (fo=1, routed)           0.000    13.590    MLZedboard_i/inference_0/inst/grp_inference_Pipeline_VITIS_LOOP_41_1_fu_3207/mul_32s_34ns_65_1_1_U1/mul_ln1513_reg_23186[19]_i_4_n_0
    SLICE_X81Y96         CARRY4 (Prop_carry4_S[1]_CO[3])
                                                      0.550    14.140 r  MLZedboard_i/inference_0/inst/grp_inference_Pipeline_VITIS_LOOP_41_1_fu_3207/mul_32s_34ns_65_1_1_U1/mul_ln1513_reg_23186_reg[19]_i_1/CO[3]
                         net (fo=1, routed)           0.000    14.140    MLZedboard_i/inference_0/inst/grp_inference_Pipeline_VITIS_LOOP_41_1_fu_3207/mul_32s_34ns_65_1_1_U1/mul_ln1513_reg_23186_reg[19]_i_1_n_0
    SLICE_X81Y97         CARRY4 (Prop_carry4_CI_CO[3])
                                                      0.114    14.254 r  MLZedboard_i/inference_0/inst/grp_inference_Pipeline_VITIS_LOOP_41_1_fu_3207/mul_32s_34ns_65_1_1_U1/mul_ln1513_reg_23186_reg[23]_i_1/CO[3]
                         net (fo=1, routed)           0.000    14.254    MLZedboard_i/inference_0/inst/grp_inference_Pipeline_VITIS_LOOP_41_1_fu_3207/mul_32s_34ns_65_1_1_U1/mul_ln1513_reg_23186_reg[23]_i_1_n_0
    SLICE_X81Y98         CARRY4 (Prop_carry4_CI_CO[3])
                                                      0.114    14.368 r  MLZedboard_i/inference_0/inst/grp_inference_Pipeline_VITIS_LOOP_41_1_fu_3207/mul_32s_34ns_65_1_1_U1/mul_ln1513_reg_23186_reg[27]_i_1/CO[3]
                         net (fo=1, routed)           0.000    14.368    MLZedboard_i/inference_0/inst/grp_inference_Pipeline_VITIS_LOOP_41_1_fu_3207/mul_32s_34ns_65_1_1_U1/mul_ln1513_reg_23186_reg[27]_i_1_n_0
    SLICE_X81Y99         CARRY4 (Prop_carry4_CI_CO[3])
                                                      0.114    14.482 r  MLZedboard_i/inference_0/inst/grp_inference_Pipeline_VITIS_LOOP_41_1_fu_3207/mul_32s_34ns_65_1_1_U1/mul_ln1513_reg_23186_reg[31]_i_1/CO[3]
                         net (fo=1, routed)           0.001    14.483    MLZedboard_i/inference_0/inst/grp_inference_Pipeline_VITIS_LOOP_41_1_fu_3207/mul_32s_34ns_65_1_1_U1/mul_ln1513_reg_23186_reg[31]_i_1_n_0
    SLICE_X81Y100        CARRY4 (Prop_carry4_CI_CO[3])
                                                      0.114    14.597 r  MLZedboard_i/inference_0/inst/grp_inference_Pipeline_VITIS_LOOP_41_1_fu_3207/mul_32s_34ns_65_1_1_U1/mul_ln1513_reg_23186_reg[35]_i_1/CO[3]
                         net (fo=1, routed)           0.000    14.597    MLZedboard_i/inference_0/inst/grp_inference_Pipeline_VITIS_LOOP_41_1_fu_3207/mul_32s_34ns_65_1_1_U1/mul_ln1513_reg_23186_reg[35]_i_1_n_0
    SLICE_X81Y101        CARRY4 (Prop_carry4_CI_CO[3])
                                                      0.114    14.711 r  MLZedboard_i/inference_0/inst/grp_inference_Pipeline_VITIS_LOOP_41_1_fu_3207/mul_32s_34ns_65_1_1_U1/mul_ln1513_reg_23186_reg[39]_i_1/CO[3]
                         net (fo=1, routed)           0.000    14.711    MLZedboard_i/inference_0/inst/grp_inference_Pipeline_VITIS_LOOP_41_1_fu_3207/mul_32s_34ns_65_1_1_U1/mul_ln1513_reg_23186_reg[39]_i_1_n_0
    SLICE_X81Y102        CARRY4 (Prop_carry4_CI_CO[3])
                                                      0.114    14.825 r  MLZedboard_i/inference_0/inst/grp_inference_Pipeline_VITIS_LOOP_41_1_fu_3207/mul_32s_34ns_65_1_1_U1/mul_ln1513_reg_23186_reg[43]_i_1/CO[3]
                         net (fo=1, routed)           0.000    14.825    MLZedboard_i/inference_0/inst/grp_inference_Pipeline_VITIS_LOOP_41_1_fu_3207/mul_32s_34ns_65_1_1_U1/mul_ln1513_reg_23186_reg[43]_i_1_n_0
    SLICE_X81Y103        CARRY4 (Prop_carry4_CI_O[0])
                                                      0.223    15.048 r  MLZedboard_i/inference_0/inst/grp_inference_Pipeline_VITIS_LOOP_41_1_fu_3207/mul_32s_34ns_65_1_1_U1/mul_ln1513_reg_23186_reg[44]_i_1/O[0]
                         net (fo=1, routed)           0.000    15.048    MLZedboard_i/inference_0/inst/grp_inference_Pipeline_VITIS_LOOP_41_1_fu_3207/p_0_in[4]
    SLICE_X81Y103        FDRE                                         r  MLZedboard_i/inference_0/inst/grp_inference_Pipeline_VITIS_LOOP_41_1_fu_3207/mul_ln1513_reg_23186_reg[44]/D
  -------------------------------------------------------------------    -------------------

                         (clock clk_fpga_0 rise edge)
                                                     12.999    12.999 r  
    PS7_X0Y0             PS7                          0.000    12.999 r  MLZedboard_i/processing_system7_0/inst/PS7_i/FCLKCLK[0]
                         net (fo=1, routed)           1.088    14.087    MLZedboard_i/processing_system7_0/inst/FCLK_CLK_unbuffered[0]
    BUFGCTRL_X0Y16       BUFG (Prop_bufg_I_O)         0.091    14.178 r  MLZedboard_i/processing_system7_0/inst/buffer_fclk_clk_0.FCLK_CLK_0_BUFG/O
                         net (fo=4704, routed)        1.719    15.897    MLZedboard_i/inference_0/inst/grp_inference_Pipeline_VITIS_LOOP_41_1_fu_3207/ap_clk
    SLICE_X81Y103        FDRE                                         r  MLZedboard_i/inference_0/inst/grp_inference_Pipeline_VITIS_LOOP_41_1_fu_3207/mul_ln1513_reg_23186_reg[44]/C
                         clock pessimism              0.147    16.044    
                         clock uncertainty           -0.198    15.846    
    SLICE_X81Y103        FDRE (Setup_fdre_C_D)        0.062    15.908    MLZedboard_i/inference_0/inst/grp_inference_Pipeline_VITIS_LOOP_41_1_fu_3207/mul_ln1513_reg_23186_reg[44]
  -------------------------------------------------------------------
                         required time                         15.908    
                         arrival time                         -15.048    
  -------------------------------------------------------------------
                         slack                                  0.860    

Slack (MET) :             0.864ns  (required time - arrival time)
  Source:                 MLZedboard_i/inference_0/inst/regslice_both_input_r_V_data_V_U/B_V_data_1_payload_B_reg[7]/C
                            (rising edge-triggered cell FDRE clocked by clk_fpga_0  {rise@0.000ns fall@6.499ns period=12.999ns})
  Destination:            MLZedboard_i/inference_0/inst/grp_inference_Pipeline_VITIS_LOOP_41_1_fu_3207/mul_ln1513_reg_23186_reg[41]/D
                            (rising edge-triggered cell FDRE clocked by clk_fpga_0  {rise@0.000ns fall@6.499ns period=12.999ns})
  Path Group:             clk_fpga_0
  Path Type:              Setup (Max at Slow Process Corner)
  Requirement:            12.999ns  (clk_fpga_0 rise@12.999ns - clk_fpga_0 rise@0.000ns)
  Data Path Delay:        11.912ns  (logic 7.945ns (66.700%)  route 3.967ns (33.300%))
  Logic Levels:           11  (CARRY4=7 DSP48E1=2 LUT2=1 LUT3=1)
  Clock Path Skew:        -0.087ns (DCD - SCD + CPR)
    Destination Clock Delay (DCD):    2.899ns = ( 15.898 - 12.999 ) 
    Source Clock Delay      (SCD):    3.133ns
    Clock Pessimism Removal (CPR):    0.147ns
  Clock Uncertainty:      0.198ns  ((TSJ^2 + TIJ^2)^1/2 + DJ) / 2 + PE
    Total System Jitter     (TSJ):    0.071ns
    Total Input Jitter      (TIJ):    0.390ns
    Discrete Jitter          (DJ):    0.000ns
    Phase Error              (PE):    0.000ns

    Location             Delay type                Incr(ns)  Path(ns)    Netlist Resource(s)
  -------------------------------------------------------------------    -------------------
                         (clock clk_fpga_0 rise edge)
                                                      0.000     0.000 r  
    PS7_X0Y0             PS7                          0.000     0.000 r  MLZedboard_i/processing_system7_0/inst/PS7_i/FCLKCLK[0]
                         net (fo=1, routed)           1.193     1.193    MLZedboard_i/processing_system7_0/inst/FCLK_CLK_unbuffered[0]
    BUFGCTRL_X0Y16       BUFG (Prop_bufg_I_O)         0.101     1.294 r  MLZedboard_i/processing_system7_0/inst/buffer_fclk_clk_0.FCLK_CLK_0_BUFG/O
                         net (fo=4704, routed)        1.839     3.133    MLZedboard_i/inference_0/inst/regslice_both_input_r_V_data_V_U/ap_clk
    SLICE_X35Y113        FDRE                                         r  MLZedboard_i/inference_0/inst/regslice_both_input_r_V_data_V_U/B_V_data_1_payload_B_reg[7]/C
  -------------------------------------------------------------------    -------------------
    SLICE_X35Y113        FDRE (Prop_fdre_C_Q)         0.456     3.589 r  MLZedboard_i/inference_0/inst/regslice_both_input_r_V_data_V_U/B_V_data_1_payload_B_reg[7]/Q
                         net (fo=1, routed)           0.948     4.537    MLZedboard_i/inference_0/inst/regslice_both_input_r_V_data_V_U/B_V_data_1_payload_B[7]
    SLICE_X37Y113        LUT3 (Prop_lut3_I0_O)        0.154     4.691 r  MLZedboard_i/inference_0/inst/regslice_both_input_r_V_data_V_U/dout__1_i_10/O
                         net (fo=1, routed)           1.939     6.630    MLZedboard_i/inference_0/inst/grp_inference_Pipeline_VITIS_LOOP_41_1_fu_3207/mul_32s_34ns_65_1_1_U1/input_r_TDATA_int_regslice[7]
    DSP48_X3Y38          DSP48E1 (Prop_dsp48e1_A[7]_PCOUT[47])
                                                      4.239    10.869 r  MLZedboard_i/inference_0/inst/grp_inference_Pipeline_VITIS_LOOP_41_1_fu_3207/mul_32s_34ns_65_1_1_U1/dout__1/PCOUT[47]
                         net (fo=1, routed)           0.002    10.871    MLZedboard_i/inference_0/inst/grp_inference_Pipeline_VITIS_LOOP_41_1_fu_3207/mul_32s_34ns_65_1_1_U1/dout__1_n_106
    DSP48_X3Y39          DSP48E1 (Prop_dsp48e1_PCIN[47]_P[0])
                                                      1.518    12.389 r  MLZedboard_i/inference_0/inst/grp_inference_Pipeline_VITIS_LOOP_41_1_fu_3207/mul_32s_34ns_65_1_1_U1/dout__2/P[0]
                         net (fo=2, routed)           1.076    13.466    MLZedboard_i/inference_0/inst/grp_inference_Pipeline_VITIS_LOOP_41_1_fu_3207/mul_32s_34ns_65_1_1_U1/dout__2_n_105
    SLICE_X81Y96         LUT2 (Prop_lut2_I0_O)        0.124    13.590 r  MLZedboard_i/inference_0/inst/grp_inference_Pipeline_VITIS_LOOP_41_1_fu_3207/mul_32s_34ns_65_1_1_U1/mul_ln1513_reg_23186[19]_i_4/O
                         net (fo=1, routed)           0.000    13.590    MLZedboard_i/inference_0/inst/grp_inference_Pipeline_VITIS_LOOP_41_1_fu_3207/mul_32s_34ns_65_1_1_U1/mul_ln1513_reg_23186[19]_i_4_n_0
    SLICE_X81Y96         CARRY4 (Prop_carry4_S[1]_CO[3])
                                                      0.550    14.140 r  MLZedboard_i/inference_0/inst/grp_inference_Pipeline_VITIS_LOOP_41_1_fu_3207/mul_32s_34ns_65_1_1_U1/mul_ln1513_reg_23186_reg[19]_i_1/CO[3]
                         net (fo=1, routed)           0.000    14.140    MLZedboard_i/inference_0/inst/grp_inference_Pipeline_VITIS_LOOP_41_1_fu_3207/mul_32s_34ns_65_1_1_U1/mul_ln1513_reg_23186_reg[19]_i_1_n_0
    SLICE_X81Y97         CARRY4 (Prop_carry4_CI_CO[3])
                                                      0.114    14.254 r  MLZedboard_i/inference_0/inst/grp_inference_Pipeline_VITIS_LOOP_41_1_fu_3207/mul_32s_34ns_65_1_1_U1/mul_ln1513_reg_23186_reg[23]_i_1/CO[3]
                         net (fo=1, routed)           0.000    14.254    MLZedboard_i/inference_0/inst/grp_inference_Pipeline_VITIS_LOOP_41_1_fu_3207/mul_32s_34ns_65_1_1_U1/mul_ln1513_reg_23186_reg[23]_i_1_n_0
    SLICE_X81Y98         CARRY4 (Prop_carry4_CI_CO[3])
                                                      0.114    14.368 r  MLZedboard_i/inference_0/inst/grp_inference_Pipeline_VITIS_LOOP_41_1_fu_3207/mul_32s_34ns_65_1_1_U1/mul_ln1513_reg_23186_reg[27]_i_1/CO[3]
                         net (fo=1, routed)           0.000    14.368    MLZedboard_i/inference_0/inst/grp_inference_Pipeline_VITIS_LOOP_41_1_fu_3207/mul_32s_34ns_65_1_1_U1/mul_ln1513_reg_23186_reg[27]_i_1_n_0
    SLICE_X81Y99         CARRY4 (Prop_carry4_CI_CO[3])
                                                      0.114    14.482 r  MLZedboard_i/inference_0/inst/grp_inference_Pipeline_VITIS_LOOP_41_1_fu_3207/mul_32s_34ns_65_1_1_U1/mul_ln1513_reg_23186_reg[31]_i_1/CO[3]
                         net (fo=1, routed)           0.001    14.483    MLZedboard_i/inference_0/inst/grp_inference_Pipeline_VITIS_LOOP_41_1_fu_3207/mul_32s_34ns_65_1_1_U1/mul_ln1513_reg_23186_reg[31]_i_1_n_0
    SLICE_X81Y100        CARRY4 (Prop_carry4_CI_CO[3])
                                                      0.114    14.597 r  MLZedboard_i/inference_0/inst/grp_inference_Pipeline_VITIS_LOOP_41_1_fu_3207/mul_32s_34ns_65_1_1_U1/mul_ln1513_reg_23186_reg[35]_i_1/CO[3]
                         net (fo=1, routed)           0.000    14.597    MLZedboard_i/inference_0/inst/grp_inference_Pipeline_VITIS_LOOP_41_1_fu_3207/mul_32s_34ns_65_1_1_U1/mul_ln1513_reg_23186_reg[35]_i_1_n_0
    SLICE_X81Y101        CARRY4 (Prop_carry4_CI_CO[3])
                                                      0.114    14.711 r  MLZedboard_i/inference_0/inst/grp_inference_Pipeline_VITIS_LOOP_41_1_fu_3207/mul_32s_34ns_65_1_1_U1/mul_ln1513_reg_23186_reg[39]_i_1/CO[3]
                         net (fo=1, routed)           0.000    14.711    MLZedboard_i/inference_0/inst/grp_inference_Pipeline_VITIS_LOOP_41_1_fu_3207/mul_32s_34ns_65_1_1_U1/mul_ln1513_reg_23186_reg[39]_i_1_n_0
    SLICE_X81Y102        CARRY4 (Prop_carry4_CI_O[1])
                                                      0.334    15.045 r  MLZedboard_i/inference_0/inst/grp_inference_Pipeline_VITIS_LOOP_41_1_fu_3207/mul_32s_34ns_65_1_1_U1/mul_ln1513_reg_23186_reg[43]_i_1/O[1]
                         net (fo=1, routed)           0.000    15.045    MLZedboard_i/inference_0/inst/grp_inference_Pipeline_VITIS_LOOP_41_1_fu_3207/p_0_in[1]
    SLICE_X81Y102        FDRE                                         r  MLZedboard_i/inference_0/inst/grp_inference_Pipeline_VITIS_LOOP_41_1_fu_3207/mul_ln1513_reg_23186_reg[41]/D
  -------------------------------------------------------------------    -------------------

                         (clock clk_fpga_0 rise edge)
                                                     12.999    12.999 r  
    PS7_X0Y0             PS7                          0.000    12.999 r  MLZedboard_i/processing_system7_0/inst/PS7_i/FCLKCLK[0]
                         net (fo=1, routed)           1.088    14.087    MLZedboard_i/processing_system7_0/inst/FCLK_CLK_unbuffered[0]
    BUFGCTRL_X0Y16       BUFG (Prop_bufg_I_O)         0.091    14.178 r  MLZedboard_i/processing_system7_0/inst/buffer_fclk_clk_0.FCLK_CLK_0_BUFG/O
                         net (fo=4704, routed)        1.720    15.898    MLZedboard_i/inference_0/inst/grp_inference_Pipeline_VITIS_LOOP_41_1_fu_3207/ap_clk
    SLICE_X81Y102        FDRE                                         r  MLZedboard_i/inference_0/inst/grp_inference_Pipeline_VITIS_LOOP_41_1_fu_3207/mul_ln1513_reg_23186_reg[41]/C
                         clock pessimism              0.147    16.045    
                         clock uncertainty           -0.198    15.847    
    SLICE_X81Y102        FDRE (Setup_fdre_C_D)        0.062    15.909    MLZedboard_i/inference_0/inst/grp_inference_Pipeline_VITIS_LOOP_41_1_fu_3207/mul_ln1513_reg_23186_reg[41]
  -------------------------------------------------------------------
                         required time                         15.909    
                         arrival time                         -15.045    
  -------------------------------------------------------------------
                         slack                                  0.864    

Slack (MET) :             0.885ns  (required time - arrival time)
  Source:                 MLZedboard_i/inference_0/inst/regslice_both_input_r_V_data_V_U/B_V_data_1_payload_B_reg[7]/C
                            (rising edge-triggered cell FDRE clocked by clk_fpga_0  {rise@0.000ns fall@6.499ns period=12.999ns})
  Destination:            MLZedboard_i/inference_0/inst/grp_inference_Pipeline_VITIS_LOOP_41_1_fu_3207/mul_ln1513_reg_23186_reg[43]/D
                            (rising edge-triggered cell FDRE clocked by clk_fpga_0  {rise@0.000ns fall@6.499ns period=12.999ns})
  Path Group:             clk_fpga_0
  Path Type:              Setup (Max at Slow Process Corner)
  Requirement:            12.999ns  (clk_fpga_0 rise@12.999ns - clk_fpga_0 rise@0.000ns)
  Data Path Delay:        11.891ns  (logic 7.924ns (66.641%)  route 3.967ns (33.359%))
  Logic Levels:           11  (CARRY4=7 DSP48E1=2 LUT2=1 LUT3=1)
  Clock Path Skew:        -0.087ns (DCD - SCD + CPR)
    Destination Clock Delay (DCD):    2.899ns = ( 15.898 - 12.999 ) 
    Source Clock Delay      (SCD):    3.133ns
    Clock Pessimism Removal (CPR):    0.147ns
  Clock Uncertainty:      0.198ns  ((TSJ^2 + TIJ^2)^1/2 + DJ) / 2 + PE
    Total System Jitter     (TSJ):    0.071ns
    Total Input Jitter      (TIJ):    0.390ns
    Discrete Jitter          (DJ):    0.000ns
    Phase Error              (PE):    0.000ns

    Location             Delay type                Incr(ns)  Path(ns)    Netlist Resource(s)
  -------------------------------------------------------------------    -------------------
                         (clock clk_fpga_0 rise edge)
                                                      0.000     0.000 r  
    PS7_X0Y0             PS7                          0.000     0.000 r  MLZedboard_i/processing_system7_0/inst/PS7_i/FCLKCLK[0]
                         net (fo=1, routed)           1.193     1.193    MLZedboard_i/processing_system7_0/inst/FCLK_CLK_unbuffered[0]
    BUFGCTRL_X0Y16       BUFG (Prop_bufg_I_O)         0.101     1.294 r  MLZedboard_i/processing_system7_0/inst/buffer_fclk_clk_0.FCLK_CLK_0_BUFG/O
                         net (fo=4704, routed)        1.839     3.133    MLZedboard_i/inference_0/inst/regslice_both_input_r_V_data_V_U/ap_clk
    SLICE_X35Y113        FDRE                                         r  MLZedboard_i/inference_0/inst/regslice_both_input_r_V_data_V_U/B_V_data_1_payload_B_reg[7]/C
  -------------------------------------------------------------------    -------------------
    SLICE_X35Y113        FDRE (Prop_fdre_C_Q)         0.456     3.589 r  MLZedboard_i/inference_0/inst/regslice_both_input_r_V_data_V_U/B_V_data_1_payload_B_reg[7]/Q
                         net (fo=1, routed)           0.948     4.537    MLZedboard_i/inference_0/inst/regslice_both_input_r_V_data_V_U/B_V_data_1_payload_B[7]
    SLICE_X37Y113        LUT3 (Prop_lut3_I0_O)        0.154     4.691 r  MLZedboard_i/inference_0/inst/regslice_both_input_r_V_data_V_U/dout__1_i_10/O
                         net (fo=1, routed)           1.939     6.630    MLZedboard_i/inference_0/inst/grp_inference_Pipeline_VITIS_LOOP_41_1_fu_3207/mul_32s_34ns_65_1_1_U1/input_r_TDATA_int_regslice[7]
    DSP48_X3Y38          DSP48E1 (Prop_dsp48e1_A[7]_PCOUT[47])
                                                      4.239    10.869 r  MLZedboard_i/inference_0/inst/grp_inference_Pipeline_VITIS_LOOP_41_1_fu_3207/mul_32s_34ns_65_1_1_U1/dout__1/PCOUT[47]
                         net (fo=1, routed)           0.002    10.871    MLZedboard_i/inference_0/inst/grp_inference_Pipeline_VITIS_LOOP_41_1_fu_3207/mul_32s_34ns_65_1_1_U1/dout__1_n_106
    DSP48_X3Y39          DSP48E1 (Prop_dsp48e1_PCIN[47]_P[0])
                                                      1.518    12.389 r  MLZedboard_i/inference_0/inst/grp_inference_Pipeline_VITIS_LOOP_41_1_fu_3207/mul_32s_34ns_65_1_1_U1/dout__2/P[0]
                         net (fo=2, routed)           1.076    13.466    MLZedboard_i/inference_0/inst/grp_inference_Pipeline_VITIS_LOOP_41_1_fu_3207/mul_32s_34ns_65_1_1_U1/dout__2_n_105
    SLICE_X81Y96         LUT2 (Prop_lut2_I0_O)        0.124    13.590 r  MLZedboard_i/inference_0/inst/grp_inference_Pipeline_VITIS_LOOP_41_1_fu_3207/mul_32s_34ns_65_1_1_U1/mul_ln1513_reg_23186[19]_i_4/O
                         net (fo=1, routed)           0.000    13.590    MLZedboard_i/inference_0/inst/grp_inference_Pipeline_VITIS_LOOP_41_1_fu_3207/mul_32s_34ns_65_1_1_U1/mul_ln1513_reg_23186[19]_i_4_n_0
    SLICE_X81Y96         CARRY4 (Prop_carry4_S[1]_CO[3])
                                                      0.550    14.140 r  MLZedboard_i/inference_0/inst/grp_inference_Pipeline_VITIS_LOOP_41_1_fu_3207/mul_32s_34ns_65_1_1_U1/mul_ln1513_reg_23186_reg[19]_i_1/CO[3]
                         net (fo=1, routed)           0.000    14.140    MLZedboard_i/inference_0/inst/grp_inference_Pipeline_VITIS_LOOP_41_1_fu_3207/mul_32s_34ns_65_1_1_U1/mul_ln1513_reg_23186_reg[19]_i_1_n_0
    SLICE_X81Y97         CARRY4 (Prop_carry4_CI_CO[3])
                                                      0.114    14.254 r  MLZedboard_i/inference_0/inst/grp_inference_Pipeline_VITIS_LOOP_41_1_fu_3207/mul_32s_34ns_65_1_1_U1/mul_ln1513_reg_23186_reg[23]_i_1/CO[3]
                         net (fo=1, routed)           0.000    14.254    MLZedboard_i/inference_0/inst/grp_inference_Pipeline_VITIS_LOOP_41_1_fu_3207/mul_32s_34ns_65_1_1_U1/mul_ln1513_reg_23186_reg[23]_i_1_n_0
    SLICE_X81Y98         CARRY4 (Prop_carry4_CI_CO[3])
                                                      0.114    14.368 r  MLZedboard_i/inference_0/inst/grp_inference_Pipeline_VITIS_LOOP_41_1_fu_3207/mul_32s_34ns_65_1_1_U1/mul_ln1513_reg_23186_reg[27]_i_1/CO[3]
                         net (fo=1, routed)           0.000    14.368    MLZedboard_i/inference_0/inst/grp_inference_Pipeline_VITIS_LOOP_41_1_fu_3207/mul_32s_34ns_65_1_1_U1/mul_ln1513_reg_23186_reg[27]_i_1_n_0
    SLICE_X81Y99         CARRY4 (Prop_carry4_CI_CO[3])
                                                      0.114    14.482 r  MLZedboard_i/inference_0/inst/grp_inference_Pipeline_VITIS_LOOP_41_1_fu_3207/mul_32s_34ns_65_1_1_U1/mul_ln1513_reg_23186_reg[31]_i_1/CO[3]
                         net (fo=1, routed)           0.001    14.483    MLZedboard_i/inference_0/inst/grp_inference_Pipeline_VITIS_LOOP_41_1_fu_3207/mul_32s_34ns_65_1_1_U1/mul_ln1513_reg_23186_reg[31]_i_1_n_0
    SLICE_X81Y100        CARRY4 (Prop_carry4_CI_CO[3])
                                                      0.114    14.597 r  MLZedboard_i/inference_0/inst/grp_inference_Pipeline_VITIS_LOOP_41_1_fu_3207/mul_32s_34ns_65_1_1_U1/mul_ln1513_reg_23186_reg[35]_i_1/CO[3]
                         net (fo=1, routed)           0.000    14.597    MLZedboard_i/inference_0/inst/grp_inference_Pipeline_VITIS_LOOP_41_1_fu_3207/mul_32s_34ns_65_1_1_U1/mul_ln1513_reg_23186_reg[35]_i_1_n_0
    SLICE_X81Y101        CARRY4 (Prop_carry4_CI_CO[3])
                                                      0.114    14.711 r  MLZedboard_i/inference_0/inst/grp_inference_Pipeline_VITIS_LOOP_41_1_fu_3207/mul_32s_34ns_65_1_1_U1/mul_ln1513_reg_23186_reg[39]_i_1/CO[3]
                         net (fo=1, routed)           0.000    14.711    MLZedboard_i/inference_0/inst/grp_inference_Pipeline_VITIS_LOOP_41_1_fu_3207/mul_32s_34ns_65_1_1_U1/mul_ln1513_reg_23186_reg[39]_i_1_n_0
    SLICE_X81Y102        CARRY4 (Prop_carry4_CI_O[3])
                                                      0.313    15.024 r  MLZedboard_i/inference_0/inst/grp_inference_Pipeline_VITIS_LOOP_41_1_fu_3207/mul_32s_34ns_65_1_1_U1/mul_ln1513_reg_23186_reg[43]_i_1/O[3]
                         net (fo=1, routed)           0.000    15.024    MLZedboard_i/inference_0/inst/grp_inference_Pipeline_VITIS_LOOP_41_1_fu_3207/p_0_in[3]
    SLICE_X81Y102        FDRE                                         r  MLZedboard_i/inference_0/inst/grp_inference_Pipeline_VITIS_LOOP_41_1_fu_3207/mul_ln1513_reg_23186_reg[43]/D
  -------------------------------------------------------------------    -------------------

                         (clock clk_fpga_0 rise edge)
                                                     12.999    12.999 r  
    PS7_X0Y0             PS7                          0.000    12.999 r  MLZedboard_i/processing_system7_0/inst/PS7_i/FCLKCLK[0]
                         net (fo=1, routed)           1.088    14.087    MLZedboard_i/processing_system7_0/inst/FCLK_CLK_unbuffered[0]
    BUFGCTRL_X0Y16       BUFG (Prop_bufg_I_O)         0.091    14.178 r  MLZedboard_i/processing_system7_0/inst/buffer_fclk_clk_0.FCLK_CLK_0_BUFG/O
                         net (fo=4704, routed)        1.720    15.898    MLZedboard_i/inference_0/inst/grp_inference_Pipeline_VITIS_LOOP_41_1_fu_3207/ap_clk
    SLICE_X81Y102        FDRE                                         r  MLZedboard_i/inference_0/inst/grp_inference_Pipeline_VITIS_LOOP_41_1_fu_3207/mul_ln1513_reg_23186_reg[43]/C
                         clock pessimism              0.147    16.045    
                         clock uncertainty           -0.198    15.847    
    SLICE_X81Y102        FDRE (Setup_fdre_C_D)        0.062    15.909    MLZedboard_i/inference_0/inst/grp_inference_Pipeline_VITIS_LOOP_41_1_fu_3207/mul_ln1513_reg_23186_reg[43]
  -------------------------------------------------------------------
                         required time                         15.909    
                         arrival time                         -15.024    
  -------------------------------------------------------------------
                         slack                                  0.885    

Slack (MET) :             0.959ns  (required time - arrival time)
  Source:                 MLZedboard_i/inference_0/inst/regslice_both_input_r_V_data_V_U/B_V_data_1_payload_B_reg[7]/C
                            (rising edge-triggered cell FDRE clocked by clk_fpga_0  {rise@0.000ns fall@6.499ns period=12.999ns})
  Destination:            MLZedboard_i/inference_0/inst/grp_inference_Pipeline_VITIS_LOOP_41_1_fu_3207/mul_ln1513_reg_23186_reg[42]/D
                            (rising edge-triggered cell FDRE clocked by clk_fpga_0  {rise@0.000ns fall@6.499ns period=12.999ns})
  Path Group:             clk_fpga_0
  Path Type:              Setup (Max at Slow Process Corner)
  Requirement:            12.999ns  (clk_fpga_0 rise@12.999ns - clk_fpga_0 rise@0.000ns)
  Data Path Delay:        11.817ns  (logic 7.850ns (66.432%)  route 3.967ns (33.568%))
  Logic Levels:           11  (CARRY4=7 DSP48E1=2 LUT2=1 LUT3=1)
  Clock Path Skew:        -0.087ns (DCD - SCD + CPR)
    Destination Clock Delay (DCD):    2.899ns = ( 15.898 - 12.999 ) 
    Source Clock Delay      (SCD):    3.133ns
    Clock Pessimism Removal (CPR):    0.147ns
  Clock Uncertainty:      0.198ns  ((TSJ^2 + TIJ^2)^1/2 + DJ) / 2 + PE
    Total System Jitter     (TSJ):    0.071ns
    Total Input Jitter      (TIJ):    0.390ns
    Discrete Jitter          (DJ):    0.000ns
    Phase Error              (PE):    0.000ns

    Location             Delay type                Incr(ns)  Path(ns)    Netlist Resource(s)
  -------------------------------------------------------------------    -------------------
                         (clock clk_fpga_0 rise edge)
                                                      0.000     0.000 r  
    PS7_X0Y0             PS7                          0.000     0.000 r  MLZedboard_i/processing_system7_0/inst/PS7_i/FCLKCLK[0]
                         net (fo=1, routed)           1.193     1.193    MLZedboard_i/processing_system7_0/inst/FCLK_CLK_unbuffered[0]
    BUFGCTRL_X0Y16       BUFG (Prop_bufg_I_O)         0.101     1.294 r  MLZedboard_i/processing_system7_0/inst/buffer_fclk_clk_0.FCLK_CLK_0_BUFG/O
                         net (fo=4704, routed)        1.839     3.133    MLZedboard_i/inference_0/inst/regslice_both_input_r_V_data_V_U/ap_clk
    SLICE_X35Y113        FDRE                                         r  MLZedboard_i/inference_0/inst/regslice_both_input_r_V_data_V_U/B_V_data_1_payload_B_reg[7]/C
  -------------------------------------------------------------------    -------------------
    SLICE_X35Y113        FDRE (Prop_fdre_C_Q)         0.456     3.589 r  MLZedboard_i/inference_0/inst/regslice_both_input_r_V_data_V_U/B_V_data_1_payload_B_reg[7]/Q
                         net (fo=1, routed)           0.948     4.537    MLZedboard_i/inference_0/inst/regslice_both_input_r_V_data_V_U/B_V_data_1_payload_B[7]
    SLICE_X37Y113        LUT3 (Prop_lut3_I0_O)        0.154     4.691 r  MLZedboard_i/inference_0/inst/regslice_both_input_r_V_data_V_U/dout__1_i_10/O
                         net (fo=1, routed)           1.939     6.630    MLZedboard_i/inference_0/inst/grp_inference_Pipeline_VITIS_LOOP_41_1_fu_3207/mul_32s_34ns_65_1_1_U1/input_r_TDATA_int_regslice[7]
    DSP48_X3Y38          DSP48E1 (Prop_dsp48e1_A[7]_PCOUT[47])
                                                      4.239    10.869 r  MLZedboard_i/inference_0/inst/grp_inference_Pipeline_VITIS_LOOP_41_1_fu_3207/mul_32s_34ns_65_1_1_U1/dout__1/PCOUT[47]
                         net (fo=1, routed)           0.002    10.871    MLZedboard_i/inference_0/inst/grp_inference_Pipeline_VITIS_LOOP_41_1_fu_3207/mul_32s_34ns_65_1_1_U1/dout__1_n_106
    DSP48_X3Y39          DSP48E1 (Prop_dsp48e1_PCIN[47]_P[0])
                                                      1.518    12.389 r  MLZedboard_i/inference_0/inst/grp_inference_Pipeline_VITIS_LOOP_41_1_fu_3207/mul_32s_34ns_65_1_1_U1/dout__2/P[0]
                         net (fo=2, routed)           1.076    13.466    MLZedboard_i/inference_0/inst/grp_inference_Pipeline_VITIS_LOOP_41_1_fu_3207/mul_32s_34ns_65_1_1_U1/dout__2_n_105
    SLICE_X81Y96         LUT2 (Prop_lut2_I0_O)        0.124    13.590 r  MLZedboard_i/inference_0/inst/grp_inference_Pipeline_VITIS_LOOP_41_1_fu_3207/mul_32s_34ns_65_1_1_U1/mul_ln1513_reg_23186[19]_i_4/O
                         net (fo=1, routed)           0.000    13.590    MLZedboard_i/inference_0/inst/grp_inference_Pipeline_VITIS_LOOP_41_1_fu_3207/mul_32s_34ns_65_1_1_U1/mul_ln1513_reg_23186[19]_i_4_n_0
    SLICE_X81Y96         CARRY4 (Prop_carry4_S[1]_CO[3])
                                                      0.550    14.140 r  MLZedboard_i/inference_0/inst/grp_inference_Pipeline_VITIS_LOOP_41_1_fu_3207/mul_32s_34ns_65_1_1_U1/mul_ln1513_reg_23186_reg[19]_i_1/CO[3]
                         net (fo=1, routed)           0.000    14.140    MLZedboard_i/inference_0/inst/grp_inference_Pipeline_VITIS_LOOP_41_1_fu_3207/mul_32s_34ns_65_1_1_U1/mul_ln1513_reg_23186_reg[19]_i_1_n_0
    SLICE_X81Y97         CARRY4 (Prop_carry4_CI_CO[3])
                                                      0.114    14.254 r  MLZedboard_i/inference_0/inst/grp_inference_Pipeline_VITIS_LOOP_41_1_fu_3207/mul_32s_34ns_65_1_1_U1/mul_ln1513_reg_23186_reg[23]_i_1/CO[3]
                         net (fo=1, routed)           0.000    14.254    MLZedboard_i/inference_0/inst/grp_inference_Pipeline_VITIS_LOOP_41_1_fu_3207/mul_32s_34ns_65_1_1_U1/mul_ln1513_reg_23186_reg[23]_i_1_n_0
    SLICE_X81Y98         CARRY4 (Prop_carry4_CI_CO[3])
                                                      0.114    14.368 r  MLZedboard_i/inference_0/inst/grp_inference_Pipeline_VITIS_LOOP_41_1_fu_3207/mul_32s_34ns_65_1_1_U1/mul_ln1513_reg_23186_reg[27]_i_1/CO[3]
                         net (fo=1, routed)           0.000    14.368    MLZedboard_i/inference_0/inst/grp_inference_Pipeline_VITIS_LOOP_41_1_fu_3207/mul_32s_34ns_65_1_1_U1/mul_ln1513_reg_23186_reg[27]_i_1_n_0
    SLICE_X81Y99         CARRY4 (Prop_carry4_CI_CO[3])
                                                      0.114    14.482 r  MLZedboard_i/inference_0/inst/grp_inference_Pipeline_VITIS_LOOP_41_1_fu_3207/mul_32s_34ns_65_1_1_U1/mul_ln1513_reg_23186_reg[31]_i_1/CO[3]
                         net (fo=1, routed)           0.001    14.483    MLZedboard_i/inference_0/inst/grp_inference_Pipeline_VITIS_LOOP_41_1_fu_3207/mul_32s_34ns_65_1_1_U1/mul_ln1513_reg_23186_reg[31]_i_1_n_0
    SLICE_X81Y100        CARRY4 (Prop_carry4_CI_CO[3])
                                                      0.114    14.597 r  MLZedboard_i/inference_0/inst/grp_inference_Pipeline_VITIS_LOOP_41_1_fu_3207/mul_32s_34ns_65_1_1_U1/mul_ln1513_reg_23186_reg[35]_i_1/CO[3]
                         net (fo=1, routed)           0.000    14.597    MLZedboard_i/inference_0/inst/grp_inference_Pipeline_VITIS_LOOP_41_1_fu_3207/mul_32s_34ns_65_1_1_U1/mul_ln1513_reg_23186_reg[35]_i_1_n_0
    SLICE_X81Y101        CARRY4 (Prop_carry4_CI_CO[3])
                                                      0.114    14.711 r  MLZedboard_i/inference_0/inst/grp_inference_Pipeline_VITIS_LOOP_41_1_fu_3207/mul_32s_34ns_65_1_1_U1/mul_ln1513_reg_23186_reg[39]_i_1/CO[3]
                         net (fo=1, routed)           0.000    14.711    MLZedboard_i/inference_0/inst/grp_inference_Pipeline_VITIS_LOOP_41_1_fu_3207/mul_32s_34ns_65_1_1_U1/mul_ln1513_reg_23186_reg[39]_i_1_n_0
    SLICE_X81Y102        CARRY4 (Prop_carry4_CI_O[2])
                                                      0.239    14.950 r  MLZedboard_i/inference_0/inst/grp_inference_Pipeline_VITIS_LOOP_41_1_fu_3207/mul_32s_34ns_65_1_1_U1/mul_ln1513_reg_23186_reg[43]_i_1/O[2]
                         net (fo=1, routed)           0.000    14.950    MLZedboard_i/inference_0/inst/grp_inference_Pipeline_VITIS_LOOP_41_1_fu_3207/p_0_in[2]
    SLICE_X81Y102        FDRE                                         r  MLZedboard_i/inference_0/inst/grp_inference_Pipeline_VITIS_LOOP_41_1_fu_3207/mul_ln1513_reg_23186_reg[42]/D
  -------------------------------------------------------------------    -------------------

                         (clock clk_fpga_0 rise edge)
                                                     12.999    12.999 r  
    PS7_X0Y0             PS7                          0.000    12.999 r  MLZedboard_i/processing_system7_0/inst/PS7_i/FCLKCLK[0]
                         net (fo=1, routed)           1.088    14.087    MLZedboard_i/processing_system7_0/inst/FCLK_CLK_unbuffered[0]
    BUFGCTRL_X0Y16       BUFG (Prop_bufg_I_O)         0.091    14.178 r  MLZedboard_i/processing_system7_0/inst/buffer_fclk_clk_0.FCLK_CLK_0_BUFG/O
                         net (fo=4704, routed)        1.720    15.898    MLZedboard_i/inference_0/inst/grp_inference_Pipeline_VITIS_LOOP_41_1_fu_3207/ap_clk
    SLICE_X81Y102        FDRE                                         r  MLZedboard_i/inference_0/inst/grp_inference_Pipeline_VITIS_LOOP_41_1_fu_3207/mul_ln1513_reg_23186_reg[42]/C
                         clock pessimism              0.147    16.045    
                         clock uncertainty           -0.198    15.847    
    SLICE_X81Y102        FDRE (Setup_fdre_C_D)        0.062    15.909    MLZedboard_i/inference_0/inst/grp_inference_Pipeline_VITIS_LOOP_41_1_fu_3207/mul_ln1513_reg_23186_reg[42]
  -------------------------------------------------------------------
                         required time                         15.909    
                         arrival time                         -14.950    
  -------------------------------------------------------------------
                         slack                                  0.959    

Slack (MET) :             0.975ns  (required time - arrival time)
  Source:                 MLZedboard_i/inference_0/inst/regslice_both_input_r_V_data_V_U/B_V_data_1_payload_B_reg[7]/C
                            (rising edge-triggered cell FDRE clocked by clk_fpga_0  {rise@0.000ns fall@6.499ns period=12.999ns})
  Destination:            MLZedboard_i/inference_0/inst/grp_inference_Pipeline_VITIS_LOOP_41_1_fu_3207/mul_ln1513_reg_23186_reg[40]/D
                            (rising edge-triggered cell FDRE clocked by clk_fpga_0  {rise@0.000ns fall@6.499ns period=12.999ns})
  Path Group:             clk_fpga_0
  Path Type:              Setup (Max at Slow Process Corner)
  Requirement:            12.999ns  (clk_fpga_0 rise@12.999ns - clk_fpga_0 rise@0.000ns)
  Data Path Delay:        11.801ns  (logic 7.834ns (66.387%)  route 3.967ns (33.613%))
  Logic Levels:           11  (CARRY4=7 DSP48E1=2 LUT2=1 LUT3=1)
  Clock Path Skew:        -0.087ns (DCD - SCD + CPR)
    Destination Clock Delay (DCD):    2.899ns = ( 15.898 - 12.999 ) 
    Source Clock Delay      (SCD):    3.133ns
    Clock Pessimism Removal (CPR):    0.147ns
  Clock Uncertainty:      0.198ns  ((TSJ^2 + TIJ^2)^1/2 + DJ) / 2 + PE
    Total System Jitter     (TSJ):    0.071ns
    Total Input Jitter      (TIJ):    0.390ns
    Discrete Jitter          (DJ):    0.000ns
    Phase Error              (PE):    0.000ns

    Location             Delay type                Incr(ns)  Path(ns)    Netlist Resource(s)
  -------------------------------------------------------------------    -------------------
                         (clock clk_fpga_0 rise edge)
                                                      0.000     0.000 r  
    PS7_X0Y0             PS7                          0.000     0.000 r  MLZedboard_i/processing_system7_0/inst/PS7_i/FCLKCLK[0]
                         net (fo=1, routed)           1.193     1.193    MLZedboard_i/processing_system7_0/inst/FCLK_CLK_unbuffered[0]
    BUFGCTRL_X0Y16       BUFG (Prop_bufg_I_O)         0.101     1.294 r  MLZedboard_i/processing_system7_0/inst/buffer_fclk_clk_0.FCLK_CLK_0_BUFG/O
                         net (fo=4704, routed)        1.839     3.133    MLZedboard_i/inference_0/inst/regslice_both_input_r_V_data_V_U/ap_clk
    SLICE_X35Y113        FDRE                                         r  MLZedboard_i/inference_0/inst/regslice_both_input_r_V_data_V_U/B_V_data_1_payload_B_reg[7]/C
  -------------------------------------------------------------------    -------------------
    SLICE_X35Y113        FDRE (Prop_fdre_C_Q)         0.456     3.589 r  MLZedboard_i/inference_0/inst/regslice_both_input_r_V_data_V_U/B_V_data_1_payload_B_reg[7]/Q
                         net (fo=1, routed)           0.948     4.537    MLZedboard_i/inference_0/inst/regslice_both_input_r_V_data_V_U/B_V_data_1_payload_B[7]
    SLICE_X37Y113        LUT3 (Prop_lut3_I0_O)        0.154     4.691 r  MLZedboard_i/inference_0/inst/regslice_both_input_r_V_data_V_U/dout__1_i_10/O
                         net (fo=1, routed)           1.939     6.630    MLZedboard_i/inference_0/inst/grp_inference_Pipeline_VITIS_LOOP_41_1_fu_3207/mul_32s_34ns_65_1_1_U1/input_r_TDATA_int_regslice[7]
    DSP48_X3Y38          DSP48E1 (Prop_dsp48e1_A[7]_PCOUT[47])
                                                      4.239    10.869 r  MLZedboard_i/inference_0/inst/grp_inference_Pipeline_VITIS_LOOP_41_1_fu_3207/mul_32s_34ns_65_1_1_U1/dout__1/PCOUT[47]
                         net (fo=1, routed)           0.002    10.871    MLZedboard_i/inference_0/inst/grp_inference_Pipeline_VITIS_LOOP_41_1_fu_3207/mul_32s_34ns_65_1_1_U1/dout__1_n_106
    DSP48_X3Y39          DSP48E1 (Prop_dsp48e1_PCIN[47]_P[0])
                                                      1.518    12.389 r  MLZedboard_i/inference_0/inst/grp_inference_Pipeline_VITIS_LOOP_41_1_fu_3207/mul_32s_34ns_65_1_1_U1/dout__2/P[0]
                         net (fo=2, routed)           1.076    13.466    MLZedboard_i/inference_0/inst/grp_inference_Pipeline_VITIS_LOOP_41_1_fu_3207/mul_32s_34ns_65_1_1_U1/dout__2_n_105
    SLICE_X81Y96         LUT2 (Prop_lut2_I0_O)        0.124    13.590 r  MLZedboard_i/inference_0/inst/grp_inference_Pipeline_VITIS_LOOP_41_1_fu_3207/mul_32s_34ns_65_1_1_U1/mul_ln1513_reg_23186[19]_i_4/O
                         net (fo=1, routed)           0.000    13.590    MLZedboard_i/inference_0/inst/grp_inference_Pipeline_VITIS_LOOP_41_1_fu_3207/mul_32s_34ns_65_1_1_U1/mul_ln1513_reg_23186[19]_i_4_n_0
    SLICE_X81Y96         CARRY4 (Prop_carry4_S[1]_CO[3])
                                                      0.550    14.140 r  MLZedboard_i/inference_0/inst/grp_inference_Pipeline_VITIS_LOOP_41_1_fu_3207/mul_32s_34ns_65_1_1_U1/mul_ln1513_reg_23186_reg[19]_i_1/CO[3]
                         net (fo=1, routed)           0.000    14.140    MLZedboard_i/inference_0/inst/grp_inference_Pipeline_VITIS_LOOP_41_1_fu_3207/mul_32s_34ns_65_1_1_U1/mul_ln1513_reg_23186_reg[19]_i_1_n_0
    SLICE_X81Y97         CARRY4 (Prop_carry4_CI_CO[3])
                                                      0.114    14.254 r  MLZedboard_i/inference_0/inst/grp_inference_Pipeline_VITIS_LOOP_41_1_fu_3207/mul_32s_34ns_65_1_1_U1/mul_ln1513_reg_23186_reg[23]_i_1/CO[3]
                         net (fo=1, routed)           0.000    14.254    MLZedboard_i/inference_0/inst/grp_inference_Pipeline_VITIS_LOOP_41_1_fu_3207/mul_32s_34ns_65_1_1_U1/mul_ln1513_reg_23186_reg[23]_i_1_n_0
    SLICE_X81Y98         CARRY4 (Prop_carry4_CI_CO[3])
                                                      0.114    14.368 r  MLZedboard_i/inference_0/inst/grp_inference_Pipeline_VITIS_LOOP_41_1_fu_3207/mul_32s_34ns_65_1_1_U1/mul_ln1513_reg_23186_reg[27]_i_1/CO[3]
                         net (fo=1, routed)           0.000    14.368    MLZedboard_i/inference_0/inst/grp_inference_Pipeline_VITIS_LOOP_41_1_fu_3207/mul_32s_34ns_65_1_1_U1/mul_ln1513_reg_23186_reg[27]_i_1_n_0
    SLICE_X81Y99         CARRY4 (Prop_carry4_CI_CO[3])
                                                      0.114    14.482 r  MLZedboard_i/inference_0/inst/grp_inference_Pipeline_VITIS_LOOP_41_1_fu_3207/mul_32s_34ns_65_1_1_U1/mul_ln1513_reg_23186_reg[31]_i_1/CO[3]
                         net (fo=1, routed)           0.001    14.483    MLZedboard_i/inference_0/inst/grp_inference_Pipeline_VITIS_LOOP_41_1_fu_3207/mul_32s_34ns_65_1_1_U1/mul_ln1513_reg_23186_reg[31]_i_1_n_0
    SLICE_X81Y100        CARRY4 (Prop_carry4_CI_CO[3])
                                                      0.114    14.597 r  MLZedboard_i/inference_0/inst/grp_inference_Pipeline_VITIS_LOOP_41_1_fu_3207/mul_32s_34ns_65_1_1_U1/mul_ln1513_reg_23186_reg[35]_i_1/CO[3]
                         net (fo=1, routed)           0.000    14.597    MLZedboard_i/inference_0/inst/grp_inference_Pipeline_VITIS_LOOP_41_1_fu_3207/mul_32s_34ns_65_1_1_U1/mul_ln1513_reg_23186_reg[35]_i_1_n_0
    SLICE_X81Y101        CARRY4 (Prop_carry4_CI_CO[3])
                                                      0.114    14.711 r  MLZedboard_i/inference_0/inst/grp_inference_Pipeline_VITIS_LOOP_41_1_fu_3207/mul_32s_34ns_65_1_1_U1/mul_ln1513_reg_23186_reg[39]_i_1/CO[3]
                         net (fo=1, routed)           0.000    14.711    MLZedboard_i/inference_0/inst/grp_inference_Pipeline_VITIS_LOOP_41_1_fu_3207/mul_32s_34ns_65_1_1_U1/mul_ln1513_reg_23186_reg[39]_i_1_n_0
    SLICE_X81Y102        CARRY4 (Prop_carry4_CI_O[0])
                                                      0.223    14.934 r  MLZedboard_i/inference_0/inst/grp_inference_Pipeline_VITIS_LOOP_41_1_fu_3207/mul_32s_34ns_65_1_1_U1/mul_ln1513_reg_23186_reg[43]_i_1/O[0]
                         net (fo=1, routed)           0.000    14.934    MLZedboard_i/inference_0/inst/grp_inference_Pipeline_VITIS_LOOP_41_1_fu_3207/p_0_in[0]
    SLICE_X81Y102        FDRE                                         r  MLZedboard_i/inference_0/inst/grp_inference_Pipeline_VITIS_LOOP_41_1_fu_3207/mul_ln1513_reg_23186_reg[40]/D
  -------------------------------------------------------------------    -------------------

                         (clock clk_fpga_0 rise edge)
                                                     12.999    12.999 r  
    PS7_X0Y0             PS7                          0.000    12.999 r  MLZedboard_i/processing_system7_0/inst/PS7_i/FCLKCLK[0]
                         net (fo=1, routed)           1.088    14.087    MLZedboard_i/processing_system7_0/inst/FCLK_CLK_unbuffered[0]
    BUFGCTRL_X0Y16       BUFG (Prop_bufg_I_O)         0.091    14.178 r  MLZedboard_i/processing_system7_0/inst/buffer_fclk_clk_0.FCLK_CLK_0_BUFG/O
                         net (fo=4704, routed)        1.720    15.898    MLZedboard_i/inference_0/inst/grp_inference_Pipeline_VITIS_LOOP_41_1_fu_3207/ap_clk
    SLICE_X81Y102        FDRE                                         r  MLZedboard_i/inference_0/inst/grp_inference_Pipeline_VITIS_LOOP_41_1_fu_3207/mul_ln1513_reg_23186_reg[40]/C
                         clock pessimism              0.147    16.045    
                         clock uncertainty           -0.198    15.847    
    SLICE_X81Y102        FDRE (Setup_fdre_C_D)        0.062    15.909    MLZedboard_i/inference_0/inst/grp_inference_Pipeline_VITIS_LOOP_41_1_fu_3207/mul_ln1513_reg_23186_reg[40]
  -------------------------------------------------------------------
                         required time                         15.909    
                         arrival time                         -14.934    
  -------------------------------------------------------------------
                         slack                                  0.975    

Slack (MET) :             0.978ns  (required time - arrival time)
  Source:                 MLZedboard_i/inference_0/inst/regslice_both_input_r_V_data_V_U/B_V_data_1_payload_B_reg[7]/C
                            (rising edge-triggered cell FDRE clocked by clk_fpga_0  {rise@0.000ns fall@6.499ns period=12.999ns})
  Destination:            MLZedboard_i/inference_0/inst/grp_inference_Pipeline_VITIS_LOOP_41_1_fu_3207/mul_ln1513_reg_23186_reg[37]/D
                            (rising edge-triggered cell FDRE clocked by clk_fpga_0  {rise@0.000ns fall@6.499ns period=12.999ns})
  Path Group:             clk_fpga_0
  Path Type:              Setup (Max at Slow Process Corner)
  Requirement:            12.999ns  (clk_fpga_0 rise@12.999ns - clk_fpga_0 rise@0.000ns)
  Data Path Delay:        11.798ns  (logic 7.831ns (66.378%)  route 3.967ns (33.622%))
  Logic Levels:           10  (CARRY4=6 DSP48E1=2 LUT2=1 LUT3=1)
  Clock Path Skew:        -0.087ns (DCD - SCD + CPR)
    Destination Clock Delay (DCD):    2.899ns = ( 15.898 - 12.999 ) 
    Source Clock Delay      (SCD):    3.133ns
    Clock Pessimism Removal (CPR):    0.147ns
  Clock Uncertainty:      0.198ns  ((TSJ^2 + TIJ^2)^1/2 + DJ) / 2 + PE
    Total System Jitter     (TSJ):    0.071ns
    Total Input Jitter      (TIJ):    0.390ns
    Discrete Jitter          (DJ):    0.000ns
    Phase Error              (PE):    0.000ns

    Location             Delay type                Incr(ns)  Path(ns)    Netlist Resource(s)
  -------------------------------------------------------------------    -------------------
                         (clock clk_fpga_0 rise edge)
                                                      0.000     0.000 r  
    PS7_X0Y0             PS7                          0.000     0.000 r  MLZedboard_i/processing_system7_0/inst/PS7_i/FCLKCLK[0]
                         net (fo=1, routed)           1.193     1.193    MLZedboard_i/processing_system7_0/inst/FCLK_CLK_unbuffered[0]
    BUFGCTRL_X0Y16       BUFG (Prop_bufg_I_O)         0.101     1.294 r  MLZedboard_i/processing_system7_0/inst/buffer_fclk_clk_0.FCLK_CLK_0_BUFG/O
                         net (fo=4704, routed)        1.839     3.133    MLZedboard_i/inference_0/inst/regslice_both_input_r_V_data_V_U/ap_clk
    SLICE_X35Y113        FDRE                                         r  MLZedboard_i/inference_0/inst/regslice_both_input_r_V_data_V_U/B_V_data_1_payload_B_reg[7]/C
  -------------------------------------------------------------------    -------------------
    SLICE_X35Y113        FDRE (Prop_fdre_C_Q)         0.456     3.589 r  MLZedboard_i/inference_0/inst/regslice_both_input_r_V_data_V_U/B_V_data_1_payload_B_reg[7]/Q
                         net (fo=1, routed)           0.948     4.537    MLZedboard_i/inference_0/inst/regslice_both_input_r_V_data_V_U/B_V_data_1_payload_B[7]
    SLICE_X37Y113        LUT3 (Prop_lut3_I0_O)        0.154     4.691 r  MLZedboard_i/inference_0/inst/regslice_both_input_r_V_data_V_U/dout__1_i_10/O
                         net (fo=1, routed)           1.939     6.630    MLZedboard_i/inference_0/inst/grp_inference_Pipeline_VITIS_LOOP_41_1_fu_3207/mul_32s_34ns_65_1_1_U1/input_r_TDATA_int_regslice[7]
    DSP48_X3Y38          DSP48E1 (Prop_dsp48e1_A[7]_PCOUT[47])
                                                      4.239    10.869 r  MLZedboard_i/inference_0/inst/grp_inference_Pipeline_VITIS_LOOP_41_1_fu_3207/mul_32s_34ns_65_1_1_U1/dout__1/PCOUT[47]
                         net (fo=1, routed)           0.002    10.871    MLZedboard_i/inference_0/inst/grp_inference_Pipeline_VITIS_LOOP_41_1_fu_3207/mul_32s_34ns_65_1_1_U1/dout__1_n_106
    DSP48_X3Y39          DSP48E1 (Prop_dsp48e1_PCIN[47]_P[0])
                                                      1.518    12.389 r  MLZedboard_i/inference_0/inst/grp_inference_Pipeline_VITIS_LOOP_41_1_fu_3207/mul_32s_34ns_65_1_1_U1/dout__2/P[0]
                         net (fo=2, routed)           1.076    13.466    MLZedboard_i/inference_0/inst/grp_inference_Pipeline_VITIS_LOOP_41_1_fu_3207/mul_32s_34ns_65_1_1_U1/dout__2_n_105
    SLICE_X81Y96         LUT2 (Prop_lut2_I0_O)        0.124    13.590 r  MLZedboard_i/inference_0/inst/grp_inference_Pipeline_VITIS_LOOP_41_1_fu_3207/mul_32s_34ns_65_1_1_U1/mul_ln1513_reg_23186[19]_i_4/O
                         net (fo=1, routed)           0.000    13.590    MLZedboard_i/inference_0/inst/grp_inference_Pipeline_VITIS_LOOP_41_1_fu_3207/mul_32s_34ns_65_1_1_U1/mul_ln1513_reg_23186[19]_i_4_n_0
    SLICE_X81Y96         CARRY4 (Prop_carry4_S[1]_CO[3])
                                                      0.550    14.140 r  MLZedboard_i/inference_0/inst/grp_inference_Pipeline_VITIS_LOOP_41_1_fu_3207/mul_32s_34ns_65_1_1_U1/mul_ln1513_reg_23186_reg[19]_i_1/CO[3]
                         net (fo=1, routed)           0.000    14.140    MLZedboard_i/inference_0/inst/grp_inference_Pipeline_VITIS_LOOP_41_1_fu_3207/mul_32s_34ns_65_1_1_U1/mul_ln1513_reg_23186_reg[19]_i_1_n_0
    SLICE_X81Y97         CARRY4 (Prop_carry4_CI_CO[3])
                                                      0.114    14.254 r  MLZedboard_i/inference_0/inst/grp_inference_Pipeline_VITIS_LOOP_41_1_fu_3207/mul_32s_34ns_65_1_1_U1/mul_ln1513_reg_23186_reg[23]_i_1/CO[3]
                         net (fo=1, routed)           0.000    14.254    MLZedboard_i/inference_0/inst/grp_inference_Pipeline_VITIS_LOOP_41_1_fu_3207/mul_32s_34ns_65_1_1_U1/mul_ln1513_reg_23186_reg[23]_i_1_n_0
    SLICE_X81Y98         CARRY4 (Prop_carry4_CI_CO[3])
                                                      0.114    14.368 r  MLZedboard_i/inference_0/inst/grp_inference_Pipeline_VITIS_LOOP_41_1_fu_3207/mul_32s_34ns_65_1_1_U1/mul_ln1513_reg_23186_reg[27]_i_1/CO[3]
                         net (fo=1, routed)           0.000    14.368    MLZedboard_i/inference_0/inst/grp_inference_Pipeline_VITIS_LOOP_41_1_fu_3207/mul_32s_34ns_65_1_1_U1/mul_ln1513_reg_23186_reg[27]_i_1_n_0
    SLICE_X81Y99         CARRY4 (Prop_carry4_CI_CO[3])
                                                      0.114    14.482 r  MLZedboard_i/inference_0/inst/grp_inference_Pipeline_VITIS_LOOP_41_1_fu_3207/mul_32s_34ns_65_1_1_U1/mul_ln1513_reg_23186_reg[31]_i_1/CO[3]
                         net (fo=1, routed)           0.001    14.483    MLZedboard_i/inference_0/inst/grp_inference_Pipeline_VITIS_LOOP_41_1_fu_3207/mul_32s_34ns_65_1_1_U1/mul_ln1513_reg_23186_reg[31]_i_1_n_0
    SLICE_X81Y100        CARRY4 (Prop_carry4_CI_CO[3])
                                                      0.114    14.597 r  MLZedboard_i/inference_0/inst/grp_inference_Pipeline_VITIS_LOOP_41_1_fu_3207/mul_32s_34ns_65_1_1_U1/mul_ln1513_reg_23186_reg[35]_i_1/CO[3]
                         net (fo=1, routed)           0.000    14.597    MLZedboard_i/inference_0/inst/grp_inference_Pipeline_VITIS_LOOP_41_1_fu_3207/mul_32s_34ns_65_1_1_U1/mul_ln1513_reg_23186_reg[35]_i_1_n_0
    SLICE_X81Y101        CARRY4 (Prop_carry4_CI_O[1])
                                                      0.334    14.931 r  MLZedboard_i/inference_0/inst/grp_inference_Pipeline_VITIS_LOOP_41_1_fu_3207/mul_32s_34ns_65_1_1_U1/mul_ln1513_reg_23186_reg[39]_i_1/O[1]
                         net (fo=1, routed)           0.000    14.931    MLZedboard_i/inference_0/inst/grp_inference_Pipeline_VITIS_LOOP_41_1_fu_3207/mul_32s_34ns_65_1_1_U1_n_2
    SLICE_X81Y101        FDRE                                         r  MLZedboard_i/inference_0/inst/grp_inference_Pipeline_VITIS_LOOP_41_1_fu_3207/mul_ln1513_reg_23186_reg[37]/D
  -------------------------------------------------------------------    -------------------

                         (clock clk_fpga_0 rise edge)
                                                     12.999    12.999 r  
    PS7_X0Y0             PS7                          0.000    12.999 r  MLZedboard_i/processing_system7_0/inst/PS7_i/FCLKCLK[0]
                         net (fo=1, routed)           1.088    14.087    MLZedboard_i/processing_system7_0/inst/FCLK_CLK_unbuffered[0]
    BUFGCTRL_X0Y16       BUFG (Prop_bufg_I_O)         0.091    14.178 r  MLZedboard_i/processing_system7_0/inst/buffer_fclk_clk_0.FCLK_CLK_0_BUFG/O
                         net (fo=4704, routed)        1.720    15.898    MLZedboard_i/inference_0/inst/grp_inference_Pipeline_VITIS_LOOP_41_1_fu_3207/ap_clk
    SLICE_X81Y101        FDRE                                         r  MLZedboard_i/inference_0/inst/grp_inference_Pipeline_VITIS_LOOP_41_1_fu_3207/mul_ln1513_reg_23186_reg[37]/C
                         clock pessimism              0.147    16.045    
                         clock uncertainty           -0.198    15.847    
    SLICE_X81Y101        FDRE (Setup_fdre_C_D)        0.062    15.909    MLZedboard_i/inference_0/inst/grp_inference_Pipeline_VITIS_LOOP_41_1_fu_3207/mul_ln1513_reg_23186_reg[37]
  -------------------------------------------------------------------
                         required time                         15.909    
                         arrival time                         -14.931    
  -------------------------------------------------------------------
                         slack                                  0.978    

Slack (MET) :             0.999ns  (required time - arrival time)
  Source:                 MLZedboard_i/inference_0/inst/regslice_both_input_r_V_data_V_U/B_V_data_1_payload_B_reg[7]/C
                            (rising edge-triggered cell FDRE clocked by clk_fpga_0  {rise@0.000ns fall@6.499ns period=12.999ns})
  Destination:            MLZedboard_i/inference_0/inst/grp_inference_Pipeline_VITIS_LOOP_41_1_fu_3207/mul_ln1513_reg_23186_reg[39]/D
                            (rising edge-triggered cell FDRE clocked by clk_fpga_0  {rise@0.000ns fall@6.499ns period=12.999ns})
  Path Group:             clk_fpga_0
  Path Type:              Setup (Max at Slow Process Corner)
  Requirement:            12.999ns  (clk_fpga_0 rise@12.999ns - clk_fpga_0 rise@0.000ns)
  Data Path Delay:        11.777ns  (logic 7.810ns (66.318%)  route 3.967ns (33.682%))
  Logic Levels:           10  (CARRY4=6 DSP48E1=2 LUT2=1 LUT3=1)
  Clock Path Skew:        -0.087ns (DCD - SCD + CPR)
    Destination Clock Delay (DCD):    2.899ns = ( 15.898 - 12.999 ) 
    Source Clock Delay      (SCD):    3.133ns
    Clock Pessimism Removal (CPR):    0.147ns
  Clock Uncertainty:      0.198ns  ((TSJ^2 + TIJ^2)^1/2 + DJ) / 2 + PE
    Total System Jitter     (TSJ):    0.071ns
    Total Input Jitter      (TIJ):    0.390ns
    Discrete Jitter          (DJ):    0.000ns
    Phase Error              (PE):    0.000ns

    Location             Delay type                Incr(ns)  Path(ns)    Netlist Resource(s)
  -------------------------------------------------------------------    -------------------
                         (clock clk_fpga_0 rise edge)
                                                      0.000     0.000 r  
    PS7_X0Y0             PS7                          0.000     0.000 r  MLZedboard_i/processing_system7_0/inst/PS7_i/FCLKCLK[0]
                         net (fo=1, routed)           1.193     1.193    MLZedboard_i/processing_system7_0/inst/FCLK_CLK_unbuffered[0]
    BUFGCTRL_X0Y16       BUFG (Prop_bufg_I_O)         0.101     1.294 r  MLZedboard_i/processing_system7_0/inst/buffer_fclk_clk_0.FCLK_CLK_0_BUFG/O
                         net (fo=4704, routed)        1.839     3.133    MLZedboard_i/inference_0/inst/regslice_both_input_r_V_data_V_U/ap_clk
    SLICE_X35Y113        FDRE                                         r  MLZedboard_i/inference_0/inst/regslice_both_input_r_V_data_V_U/B_V_data_1_payload_B_reg[7]/C
  -------------------------------------------------------------------    -------------------
    SLICE_X35Y113        FDRE (Prop_fdre_C_Q)         0.456     3.589 r  MLZedboard_i/inference_0/inst/regslice_both_input_r_V_data_V_U/B_V_data_1_payload_B_reg[7]/Q
                         net (fo=1, routed)           0.948     4.537    MLZedboard_i/inference_0/inst/regslice_both_input_r_V_data_V_U/B_V_data_1_payload_B[7]
    SLICE_X37Y113        LUT3 (Prop_lut3_I0_O)        0.154     4.691 r  MLZedboard_i/inference_0/inst/regslice_both_input_r_V_data_V_U/dout__1_i_10/O
                         net (fo=1, routed)           1.939     6.630    MLZedboard_i/inference_0/inst/grp_inference_Pipeline_VITIS_LOOP_41_1_fu_3207/mul_32s_34ns_65_1_1_U1/input_r_TDATA_int_regslice[7]
    DSP48_X3Y38          DSP48E1 (Prop_dsp48e1_A[7]_PCOUT[47])
                                                      4.239    10.869 r  MLZedboard_i/inference_0/inst/grp_inference_Pipeline_VITIS_LOOP_41_1_fu_3207/mul_32s_34ns_65_1_1_U1/dout__1/PCOUT[47]
                         net (fo=1, routed)           0.002    10.871    MLZedboard_i/inference_0/inst/grp_inference_Pipeline_VITIS_LOOP_41_1_fu_3207/mul_32s_34ns_65_1_1_U1/dout__1_n_106
    DSP48_X3Y39          DSP48E1 (Prop_dsp48e1_PCIN[47]_P[0])
                                                      1.518    12.389 r  MLZedboard_i/inference_0/inst/grp_inference_Pipeline_VITIS_LOOP_41_1_fu_3207/mul_32s_34ns_65_1_1_U1/dout__2/P[0]
                         net (fo=2, routed)           1.076    13.466    MLZedboard_i/inference_0/inst/grp_inference_Pipeline_VITIS_LOOP_41_1_fu_3207/mul_32s_34ns_65_1_1_U1/dout__2_n_105
    SLICE_X81Y96         LUT2 (Prop_lut2_I0_O)        0.124    13.590 r  MLZedboard_i/inference_0/inst/grp_inference_Pipeline_VITIS_LOOP_41_1_fu_3207/mul_32s_34ns_65_1_1_U1/mul_ln1513_reg_23186[19]_i_4/O
                         net (fo=1, routed)           0.000    13.590    MLZedboard_i/inference_0/inst/grp_inference_Pipeline_VITIS_LOOP_41_1_fu_3207/mul_32s_34ns_65_1_1_U1/mul_ln1513_reg_23186[19]_i_4_n_0
    SLICE_X81Y96         CARRY4 (Prop_carry4_S[1]_CO[3])
                                                      0.550    14.140 r  MLZedboard_i/inference_0/inst/grp_inference_Pipeline_VITIS_LOOP_41_1_fu_3207/mul_32s_34ns_65_1_1_U1/mul_ln1513_reg_23186_reg[19]_i_1/CO[3]
                         net (fo=1, routed)           0.000    14.140    MLZedboard_i/inference_0/inst/grp_inference_Pipeline_VITIS_LOOP_41_1_fu_3207/mul_32s_34ns_65_1_1_U1/mul_ln1513_reg_23186_reg[19]_i_1_n_0
    SLICE_X81Y97         CARRY4 (Prop_carry4_CI_CO[3])
                                                      0.114    14.254 r  MLZedboard_i/inference_0/inst/grp_inference_Pipeline_VITIS_LOOP_41_1_fu_3207/mul_32s_34ns_65_1_1_U1/mul_ln1513_reg_23186_reg[23]_i_1/CO[3]
                         net (fo=1, routed)           0.000    14.254    MLZedboard_i/inference_0/inst/grp_inference_Pipeline_VITIS_LOOP_41_1_fu_3207/mul_32s_34ns_65_1_1_U1/mul_ln1513_reg_23186_reg[23]_i_1_n_0
    SLICE_X81Y98         CARRY4 (Prop_carry4_CI_CO[3])
                                                      0.114    14.368 r  MLZedboard_i/inference_0/inst/grp_inference_Pipeline_VITIS_LOOP_41_1_fu_3207/mul_32s_34ns_65_1_1_U1/mul_ln1513_reg_23186_reg[27]_i_1/CO[3]
                         net (fo=1, routed)           0.000    14.368    MLZedboard_i/inference_0/inst/grp_inference_Pipeline_VITIS_LOOP_41_1_fu_3207/mul_32s_34ns_65_1_1_U1/mul_ln1513_reg_23186_reg[27]_i_1_n_0
    SLICE_X81Y99         CARRY4 (Prop_carry4_CI_CO[3])
                                                      0.114    14.482 r  MLZedboard_i/inference_0/inst/grp_inference_Pipeline_VITIS_LOOP_41_1_fu_3207/mul_32s_34ns_65_1_1_U1/mul_ln1513_reg_23186_reg[31]_i_1/CO[3]
                         net (fo=1, routed)           0.001    14.483    MLZedboard_i/inference_0/inst/grp_inference_Pipeline_VITIS_LOOP_41_1_fu_3207/mul_32s_34ns_65_1_1_U1/mul_ln1513_reg_23186_reg[31]_i_1_n_0
    SLICE_X81Y100        CARRY4 (Prop_carry4_CI_CO[3])
                                                      0.114    14.597 r  MLZedboard_i/inference_0/inst/grp_inference_Pipeline_VITIS_LOOP_41_1_fu_3207/mul_32s_34ns_65_1_1_U1/mul_ln1513_reg_23186_reg[35]_i_1/CO[3]
                         net (fo=1, routed)           0.000    14.597    MLZedboard_i/inference_0/inst/grp_inference_Pipeline_VITIS_LOOP_41_1_fu_3207/mul_32s_34ns_65_1_1_U1/mul_ln1513_reg_23186_reg[35]_i_1_n_0
    SLICE_X81Y101        CARRY4 (Prop_carry4_CI_O[3])
                                                      0.313    14.910 r  MLZedboard_i/inference_0/inst/grp_inference_Pipeline_VITIS_LOOP_41_1_fu_3207/mul_32s_34ns_65_1_1_U1/mul_ln1513_reg_23186_reg[39]_i_1/O[3]
                         net (fo=1, routed)           0.000    14.910    MLZedboard_i/inference_0/inst/grp_inference_Pipeline_VITIS_LOOP_41_1_fu_3207/mul_32s_34ns_65_1_1_U1_n_0
    SLICE_X81Y101        FDRE                                         r  MLZedboard_i/inference_0/inst/grp_inference_Pipeline_VITIS_LOOP_41_1_fu_3207/mul_ln1513_reg_23186_reg[39]/D
  -------------------------------------------------------------------    -------------------

                         (clock clk_fpga_0 rise edge)
                                                     12.999    12.999 r  
    PS7_X0Y0             PS7                          0.000    12.999 r  MLZedboard_i/processing_system7_0/inst/PS7_i/FCLKCLK[0]
                         net (fo=1, routed)           1.088    14.087    MLZedboard_i/processing_system7_0/inst/FCLK_CLK_unbuffered[0]
    BUFGCTRL_X0Y16       BUFG (Prop_bufg_I_O)         0.091    14.178 r  MLZedboard_i/processing_system7_0/inst/buffer_fclk_clk_0.FCLK_CLK_0_BUFG/O
                         net (fo=4704, routed)        1.720    15.898    MLZedboard_i/inference_0/inst/grp_inference_Pipeline_VITIS_LOOP_41_1_fu_3207/ap_clk
    SLICE_X81Y101        FDRE                                         r  MLZedboard_i/inference_0/inst/grp_inference_Pipeline_VITIS_LOOP_41_1_fu_3207/mul_ln1513_reg_23186_reg[39]/C
                         clock pessimism              0.147    16.045    
                         clock uncertainty           -0.198    15.847    
    SLICE_X81Y101        FDRE (Setup_fdre_C_D)        0.062    15.909    MLZedboard_i/inference_0/inst/grp_inference_Pipeline_VITIS_LOOP_41_1_fu_3207/mul_ln1513_reg_23186_reg[39]
  -------------------------------------------------------------------
                         required time                         15.909    
                         arrival time                         -14.910    
  -------------------------------------------------------------------
                         slack                                  0.999    

Slack (MET) :             1.015ns  (required time - arrival time)
  Source:                 MLZedboard_i/inference_0/inst/regslice_both_input_r_V_data_V_U/B_V_data_1_payload_B_reg[7]/C
                            (rising edge-triggered cell FDRE clocked by clk_fpga_0  {rise@0.000ns fall@6.499ns period=12.999ns})
  Destination:            MLZedboard_i/inference_0/inst/grp_inference_Pipeline_VITIS_LOOP_41_1_fu_3207/mul_ln1513_reg_23186_reg[29]/D
                            (rising edge-triggered cell FDRE clocked by clk_fpga_0  {rise@0.000ns fall@6.499ns period=12.999ns})
  Path Group:             clk_fpga_0
  Path Type:              Setup (Max at Slow Process Corner)
  Requirement:            12.999ns  (clk_fpga_0 rise@12.999ns - clk_fpga_0 rise@0.000ns)
  Data Path Delay:        11.569ns  (logic 7.603ns (65.720%)  route 3.966ns (34.280%))
  Logic Levels:           8  (CARRY4=4 DSP48E1=2 LUT2=1 LUT3=1)
  Clock Path Skew:        -0.279ns (DCD - SCD + CPR)
    Destination Clock Delay (DCD):    2.725ns = ( 15.724 - 12.999 ) 
    Source Clock Delay      (SCD):    3.133ns
    Clock Pessimism Removal (CPR):    0.129ns
  Clock Uncertainty:      0.198ns  ((TSJ^2 + TIJ^2)^1/2 + DJ) / 2 + PE
    Total System Jitter     (TSJ):    0.071ns
    Total Input Jitter      (TIJ):    0.390ns
    Discrete Jitter          (DJ):    0.000ns
    Phase Error              (PE):    0.000ns

    Location             Delay type                Incr(ns)  Path(ns)    Netlist Resource(s)
  -------------------------------------------------------------------    -------------------
                         (clock clk_fpga_0 rise edge)
                                                      0.000     0.000 r  
    PS7_X0Y0             PS7                          0.000     0.000 r  MLZedboard_i/processing_system7_0/inst/PS7_i/FCLKCLK[0]
                         net (fo=1, routed)           1.193     1.193    MLZedboard_i/processing_system7_0/inst/FCLK_CLK_unbuffered[0]
    BUFGCTRL_X0Y16       BUFG (Prop_bufg_I_O)         0.101     1.294 r  MLZedboard_i/processing_system7_0/inst/buffer_fclk_clk_0.FCLK_CLK_0_BUFG/O
                         net (fo=4704, routed)        1.839     3.133    MLZedboard_i/inference_0/inst/regslice_both_input_r_V_data_V_U/ap_clk
    SLICE_X35Y113        FDRE                                         r  MLZedboard_i/inference_0/inst/regslice_both_input_r_V_data_V_U/B_V_data_1_payload_B_reg[7]/C
  -------------------------------------------------------------------    -------------------
    SLICE_X35Y113        FDRE (Prop_fdre_C_Q)         0.456     3.589 r  MLZedboard_i/inference_0/inst/regslice_both_input_r_V_data_V_U/B_V_data_1_payload_B_reg[7]/Q
                         net (fo=1, routed)           0.948     4.537    MLZedboard_i/inference_0/inst/regslice_both_input_r_V_data_V_U/B_V_data_1_payload_B[7]
    SLICE_X37Y113        LUT3 (Prop_lut3_I0_O)        0.154     4.691 r  MLZedboard_i/inference_0/inst/regslice_both_input_r_V_data_V_U/dout__1_i_10/O
                         net (fo=1, routed)           1.939     6.630    MLZedboard_i/inference_0/inst/grp_inference_Pipeline_VITIS_LOOP_41_1_fu_3207/mul_32s_34ns_65_1_1_U1/input_r_TDATA_int_regslice[7]
    DSP48_X3Y38          DSP48E1 (Prop_dsp48e1_A[7]_PCOUT[47])
                                                      4.239    10.869 r  MLZedboard_i/inference_0/inst/grp_inference_Pipeline_VITIS_LOOP_41_1_fu_3207/mul_32s_34ns_65_1_1_U1/dout__1/PCOUT[47]
                         net (fo=1, routed)           0.002    10.871    MLZedboard_i/inference_0/inst/grp_inference_Pipeline_VITIS_LOOP_41_1_fu_3207/mul_32s_34ns_65_1_1_U1/dout__1_n_106
    DSP48_X3Y39          DSP48E1 (Prop_dsp48e1_PCIN[47]_P[0])
                                                      1.518    12.389 r  MLZedboard_i/inference_0/inst/grp_inference_Pipeline_VITIS_LOOP_41_1_fu_3207/mul_32s_34ns_65_1_1_U1/dout__2/P[0]
                         net (fo=2, routed)           1.076    13.466    MLZedboard_i/inference_0/inst/grp_inference_Pipeline_VITIS_LOOP_41_1_fu_3207/mul_32s_34ns_65_1_1_U1/dout__2_n_105
    SLICE_X81Y96         LUT2 (Prop_lut2_I0_O)        0.124    13.590 r  MLZedboard_i/inference_0/inst/grp_inference_Pipeline_VITIS_LOOP_41_1_fu_3207/mul_32s_34ns_65_1_1_U1/mul_ln1513_reg_23186[19]_i_4/O
                         net (fo=1, routed)           0.000    13.590    MLZedboard_i/inference_0/inst/grp_inference_Pipeline_VITIS_LOOP_41_1_fu_3207/mul_32s_34ns_65_1_1_U1/mul_ln1513_reg_23186[19]_i_4_n_0
    SLICE_X81Y96         CARRY4 (Prop_carry4_S[1]_CO[3])
                                                      0.550    14.140 r  MLZedboard_i/inference_0/inst/grp_inference_Pipeline_VITIS_LOOP_41_1_fu_3207/mul_32s_34ns_65_1_1_U1/mul_ln1513_reg_23186_reg[19]_i_1/CO[3]
                         net (fo=1, routed)           0.000    14.140    MLZedboard_i/inference_0/inst/grp_inference_Pipeline_VITIS_LOOP_41_1_fu_3207/mul_32s_34ns_65_1_1_U1/mul_ln1513_reg_23186_reg[19]_i_1_n_0
    SLICE_X81Y97         CARRY4 (Prop_carry4_CI_CO[3])
                                                      0.114    14.254 r  MLZedboard_i/inference_0/inst/grp_inference_Pipeline_VITIS_LOOP_41_1_fu_3207/mul_32s_34ns_65_1_1_U1/mul_ln1513_reg_23186_reg[23]_i_1/CO[3]
                         net (fo=1, routed)           0.000    14.254    MLZedboard_i/inference_0/inst/grp_inference_Pipeline_VITIS_LOOP_41_1_fu_3207/mul_32s_34ns_65_1_1_U1/mul_ln1513_reg_23186_reg[23]_i_1_n_0
    SLICE_X81Y98         CARRY4 (Prop_carry4_CI_CO[3])
                                                      0.114    14.368 r  MLZedboard_i/inference_0/inst/grp_inference_Pipeline_VITIS_LOOP_41_1_fu_3207/mul_32s_34ns_65_1_1_U1/mul_ln1513_reg_23186_reg[27]_i_1/CO[3]
                         net (fo=1, routed)           0.000    14.368    MLZedboard_i/inference_0/inst/grp_inference_Pipeline_VITIS_LOOP_41_1_fu_3207/mul_32s_34ns_65_1_1_U1/mul_ln1513_reg_23186_reg[27]_i_1_n_0
    SLICE_X81Y99         CARRY4 (Prop_carry4_CI_O[1])
                                                      0.334    14.702 r  MLZedboard_i/inference_0/inst/grp_inference_Pipeline_VITIS_LOOP_41_1_fu_3207/mul_32s_34ns_65_1_1_U1/mul_ln1513_reg_23186_reg[31]_i_1/O[1]
                         net (fo=1, routed)           0.000    14.702    MLZedboard_i/inference_0/inst/grp_inference_Pipeline_VITIS_LOOP_41_1_fu_3207/mul_32s_34ns_65_1_1_U1_n_10
    SLICE_X81Y99         FDRE                                         r  MLZedboard_i/inference_0/inst/grp_inference_Pipeline_VITIS_LOOP_41_1_fu_3207/mul_ln1513_reg_23186_reg[29]/D
  -------------------------------------------------------------------    -------------------

                         (clock clk_fpga_0 rise edge)
                                                     12.999    12.999 r  
    PS7_X0Y0             PS7                          0.000    12.999 r  MLZedboard_i/processing_system7_0/inst/PS7_i/FCLKCLK[0]
                         net (fo=1, routed)           1.088    14.087    MLZedboard_i/processing_system7_0/inst/FCLK_CLK_unbuffered[0]
    BUFGCTRL_X0Y16       BUFG (Prop_bufg_I_O)         0.091    14.178 r  MLZedboard_i/processing_system7_0/inst/buffer_fclk_clk_0.FCLK_CLK_0_BUFG/O
                         net (fo=4704, routed)        1.546    15.724    MLZedboard_i/inference_0/inst/grp_inference_Pipeline_VITIS_LOOP_41_1_fu_3207/ap_clk
    SLICE_X81Y99         FDRE                                         r  MLZedboard_i/inference_0/inst/grp_inference_Pipeline_VITIS_LOOP_41_1_fu_3207/mul_ln1513_reg_23186_reg[29]/C
                         clock pessimism              0.129    15.853    
                         clock uncertainty           -0.198    15.655    
    SLICE_X81Y99         FDRE (Setup_fdre_C_D)        0.062    15.717    MLZedboard_i/inference_0/inst/grp_inference_Pipeline_VITIS_LOOP_41_1_fu_3207/mul_ln1513_reg_23186_reg[29]
  -------------------------------------------------------------------
                         required time                         15.717    
                         arrival time                         -14.702    
  -------------------------------------------------------------------
                         slack                                  1.015    

Slack (MET) :             1.036ns  (required time - arrival time)
  Source:                 MLZedboard_i/inference_0/inst/regslice_both_input_r_V_data_V_U/B_V_data_1_payload_B_reg[7]/C
                            (rising edge-triggered cell FDRE clocked by clk_fpga_0  {rise@0.000ns fall@6.499ns period=12.999ns})
  Destination:            MLZedboard_i/inference_0/inst/grp_inference_Pipeline_VITIS_LOOP_41_1_fu_3207/mul_ln1513_reg_23186_reg[31]/D
                            (rising edge-triggered cell FDRE clocked by clk_fpga_0  {rise@0.000ns fall@6.499ns period=12.999ns})
  Path Group:             clk_fpga_0
  Path Type:              Setup (Max at Slow Process Corner)
  Requirement:            12.999ns  (clk_fpga_0 rise@12.999ns - clk_fpga_0 rise@0.000ns)
  Data Path Delay:        11.548ns  (logic 7.582ns (65.657%)  route 3.966ns (34.343%))
  Logic Levels:           8  (CARRY4=4 DSP48E1=2 LUT2=1 LUT3=1)
  Clock Path Skew:        -0.279ns (DCD - SCD + CPR)
    Destination Clock Delay (DCD):    2.725ns = ( 15.724 - 12.999 ) 
    Source Clock Delay      (SCD):    3.133ns
    Clock Pessimism Removal (CPR):    0.129ns
  Clock Uncertainty:      0.198ns  ((TSJ^2 + TIJ^2)^1/2 + DJ) / 2 + PE
    Total System Jitter     (TSJ):    0.071ns
    Total Input Jitter      (TIJ):    0.390ns
    Discrete Jitter          (DJ):    0.000ns
    Phase Error              (PE):    0.000ns

    Location             Delay type                Incr(ns)  Path(ns)    Netlist Resource(s)
  -------------------------------------------------------------------    -------------------
                         (clock clk_fpga_0 rise edge)
                                                      0.000     0.000 r  
    PS7_X0Y0             PS7                          0.000     0.000 r  MLZedboard_i/processing_system7_0/inst/PS7_i/FCLKCLK[0]
                         net (fo=1, routed)           1.193     1.193    MLZedboard_i/processing_system7_0/inst/FCLK_CLK_unbuffered[0]
    BUFGCTRL_X0Y16       BUFG (Prop_bufg_I_O)         0.101     1.294 r  MLZedboard_i/processing_system7_0/inst/buffer_fclk_clk_0.FCLK_CLK_0_BUFG/O
                         net (fo=4704, routed)        1.839     3.133    MLZedboard_i/inference_0/inst/regslice_both_input_r_V_data_V_U/ap_clk
    SLICE_X35Y113        FDRE                                         r  MLZedboard_i/inference_0/inst/regslice_both_input_r_V_data_V_U/B_V_data_1_payload_B_reg[7]/C
  -------------------------------------------------------------------    -------------------
    SLICE_X35Y113        FDRE (Prop_fdre_C_Q)         0.456     3.589 r  MLZedboard_i/inference_0/inst/regslice_both_input_r_V_data_V_U/B_V_data_1_payload_B_reg[7]/Q
                         net (fo=1, routed)           0.948     4.537    MLZedboard_i/inference_0/inst/regslice_both_input_r_V_data_V_U/B_V_data_1_payload_B[7]
    SLICE_X37Y113        LUT3 (Prop_lut3_I0_O)        0.154     4.691 r  MLZedboard_i/inference_0/inst/regslice_both_input_r_V_data_V_U/dout__1_i_10/O
                         net (fo=1, routed)           1.939     6.630    MLZedboard_i/inference_0/inst/grp_inference_Pipeline_VITIS_LOOP_41_1_fu_3207/mul_32s_34ns_65_1_1_U1/input_r_TDATA_int_regslice[7]
    DSP48_X3Y38          DSP48E1 (Prop_dsp48e1_A[7]_PCOUT[47])
                                                      4.239    10.869 r  MLZedboard_i/inference_0/inst/grp_inference_Pipeline_VITIS_LOOP_41_1_fu_3207/mul_32s_34ns_65_1_1_U1/dout__1/PCOUT[47]
                         net (fo=1, routed)           0.002    10.871    MLZedboard_i/inference_0/inst/grp_inference_Pipeline_VITIS_LOOP_41_1_fu_3207/mul_32s_34ns_65_1_1_U1/dout__1_n_106
    DSP48_X3Y39          DSP48E1 (Prop_dsp48e1_PCIN[47]_P[0])
                                                      1.518    12.389 r  MLZedboard_i/inference_0/inst/grp_inference_Pipeline_VITIS_LOOP_41_1_fu_3207/mul_32s_34ns_65_1_1_U1/dout__2/P[0]
                         net (fo=2, routed)           1.076    13.466    MLZedboard_i/inference_0/inst/grp_inference_Pipeline_VITIS_LOOP_41_1_fu_3207/mul_32s_34ns_65_1_1_U1/dout__2_n_105
    SLICE_X81Y96         LUT2 (Prop_lut2_I0_O)        0.124    13.590 r  MLZedboard_i/inference_0/inst/grp_inference_Pipeline_VITIS_LOOP_41_1_fu_3207/mul_32s_34ns_65_1_1_U1/mul_ln1513_reg_23186[19]_i_4/O
                         net (fo=1, routed)           0.000    13.590    MLZedboard_i/inference_0/inst/grp_inference_Pipeline_VITIS_LOOP_41_1_fu_3207/mul_32s_34ns_65_1_1_U1/mul_ln1513_reg_23186[19]_i_4_n_0
    SLICE_X81Y96         CARRY4 (Prop_carry4_S[1]_CO[3])
                                                      0.550    14.140 r  MLZedboard_i/inference_0/inst/grp_inference_Pipeline_VITIS_LOOP_41_1_fu_3207/mul_32s_34ns_65_1_1_U1/mul_ln1513_reg_23186_reg[19]_i_1/CO[3]
                         net (fo=1, routed)           0.000    14.140    MLZedboard_i/inference_0/inst/grp_inference_Pipeline_VITIS_LOOP_41_1_fu_3207/mul_32s_34ns_65_1_1_U1/mul_ln1513_reg_23186_reg[19]_i_1_n_0
    SLICE_X81Y97         CARRY4 (Prop_carry4_CI_CO[3])
                                                      0.114    14.254 r  MLZedboard_i/inference_0/inst/grp_inference_Pipeline_VITIS_LOOP_41_1_fu_3207/mul_32s_34ns_65_1_1_U1/mul_ln1513_reg_23186_reg[23]_i_1/CO[3]
                         net (fo=1, routed)           0.000    14.254    MLZedboard_i/inference_0/inst/grp_inference_Pipeline_VITIS_LOOP_41_1_fu_3207/mul_32s_34ns_65_1_1_U1/mul_ln1513_reg_23186_reg[23]_i_1_n_0
    SLICE_X81Y98         CARRY4 (Prop_carry4_CI_CO[3])
                                                      0.114    14.368 r  MLZedboard_i/inference_0/inst/grp_inference_Pipeline_VITIS_LOOP_41_1_fu_3207/mul_32s_34ns_65_1_1_U1/mul_ln1513_reg_23186_reg[27]_i_1/CO[3]
                         net (fo=1, routed)           0.000    14.368    MLZedboard_i/inference_0/inst/grp_inference_Pipeline_VITIS_LOOP_41_1_fu_3207/mul_32s_34ns_65_1_1_U1/mul_ln1513_reg_23186_reg[27]_i_1_n_0
    SLICE_X81Y99         CARRY4 (Prop_carry4_CI_O[3])
                                                      0.313    14.681 r  MLZedboard_i/inference_0/inst/grp_inference_Pipeline_VITIS_LOOP_41_1_fu_3207/mul_32s_34ns_65_1_1_U1/mul_ln1513_reg_23186_reg[31]_i_1/O[3]
                         net (fo=1, routed)           0.000    14.681    MLZedboard_i/inference_0/inst/grp_inference_Pipeline_VITIS_LOOP_41_1_fu_3207/mul_32s_34ns_65_1_1_U1_n_8
    SLICE_X81Y99         FDRE                                         r  MLZedboard_i/inference_0/inst/grp_inference_Pipeline_VITIS_LOOP_41_1_fu_3207/mul_ln1513_reg_23186_reg[31]/D
  -------------------------------------------------------------------    -------------------

                         (clock clk_fpga_0 rise edge)
                                                     12.999    12.999 r  
    PS7_X0Y0             PS7                          0.000    12.999 r  MLZedboard_i/processing_system7_0/inst/PS7_i/FCLKCLK[0]
                         net (fo=1, routed)           1.088    14.087    MLZedboard_i/processing_system7_0/inst/FCLK_CLK_unbuffered[0]
    BUFGCTRL_X0Y16       BUFG (Prop_bufg_I_O)         0.091    14.178 r  MLZedboard_i/processing_system7_0/inst/buffer_fclk_clk_0.FCLK_CLK_0_BUFG/O
                         net (fo=4704, routed)        1.546    15.724    MLZedboard_i/inference_0/inst/grp_inference_Pipeline_VITIS_LOOP_41_1_fu_3207/ap_clk
    SLICE_X81Y99         FDRE                                         r  MLZedboard_i/inference_0/inst/grp_inference_Pipeline_VITIS_LOOP_41_1_fu_3207/mul_ln1513_reg_23186_reg[31]/C
                         clock pessimism              0.129    15.853    
                         clock uncertainty           -0.198    15.655    
    SLICE_X81Y99         FDRE (Setup_fdre_C_D)        0.062    15.717    MLZedboard_i/inference_0/inst/grp_inference_Pipeline_VITIS_LOOP_41_1_fu_3207/mul_ln1513_reg_23186_reg[31]
  -------------------------------------------------------------------
                         required time                         15.717    
                         arrival time                         -14.681    
  -------------------------------------------------------------------
                         slack                                  1.036    





Min Delay Paths
--------------------------------------------------------------------------------------
Slack (MET) :             0.039ns  (arrival time - required time)
  Source:                 MLZedboard_i/comblock_0/U0/AXIL_inst/axi_rdata_reg[10]/C
                            (rising edge-triggered cell FDRE clocked by clk_fpga_0  {rise@0.000ns fall@6.499ns period=12.999ns})
  Destination:            MLZedboard_i/ps7_0_axi_periph/s00_couplers/auto_pc/inst/gen_axilite.gen_b2s_conv.axilite_b2s/RD.r_channel_0/rd_data_fifo_0/memory_reg[31][10]_srl32/D
                            (rising edge-triggered cell SRLC32E clocked by clk_fpga_0  {rise@0.000ns fall@6.499ns period=12.999ns})
  Path Group:             clk_fpga_0
  Path Type:              Hold (Min at Fast Process Corner)
  Requirement:            0.000ns  (clk_fpga_0 rise@0.000ns - clk_fpga_0 rise@0.000ns)
  Data Path Delay:        0.338ns  (logic 0.141ns (41.675%)  route 0.197ns (58.325%))
  Logic Levels:           0  
  Clock Path Skew:        0.182ns (DCD - SCD - CPR)
    Destination Clock Delay (DCD):    1.209ns
    Source Clock Delay      (SCD):    0.992ns
    Clock Pessimism Removal (CPR):    0.035ns

    Location             Delay type                Incr(ns)  Path(ns)    Netlist Resource(s)
  -------------------------------------------------------------------    -------------------
                         (clock clk_fpga_0 rise edge)
                                                      0.000     0.000 r  
    PS7_X0Y0             PS7                          0.000     0.000 r  MLZedboard_i/processing_system7_0/inst/PS7_i/FCLKCLK[0]
                         net (fo=1, routed)           0.310     0.310    MLZedboard_i/processing_system7_0/inst/FCLK_CLK_unbuffered[0]
    BUFGCTRL_X0Y16       BUFG (Prop_bufg_I_O)         0.026     0.336 r  MLZedboard_i/processing_system7_0/inst/buffer_fclk_clk_0.FCLK_CLK_0_BUFG/O
                         net (fo=4704, routed)        0.656     0.992    MLZedboard_i/comblock_0/U0/AXIL_inst/axil_aclk
    SLICE_X27Y100        FDRE                                         r  MLZedboard_i/comblock_0/U0/AXIL_inst/axi_rdata_reg[10]/C
  -------------------------------------------------------------------    -------------------
    SLICE_X27Y100        FDRE (Prop_fdre_C_Q)         0.141     1.133 r  MLZedboard_i/comblock_0/U0/AXIL_inst/axi_rdata_reg[10]/Q
                         net (fo=1, routed)           0.197     1.330    MLZedboard_i/ps7_0_axi_periph/s00_couplers/auto_pc/inst/gen_axilite.gen_b2s_conv.axilite_b2s/RD.r_channel_0/rd_data_fifo_0/m_axi_rdata[10]
    SLICE_X26Y93         SRLC32E                                      r  MLZedboard_i/ps7_0_axi_periph/s00_couplers/auto_pc/inst/gen_axilite.gen_b2s_conv.axilite_b2s/RD.r_channel_0/rd_data_fifo_0/memory_reg[31][10]_srl32/D
  -------------------------------------------------------------------    -------------------

                         (clock clk_fpga_0 rise edge)
                                                      0.000     0.000 r  
    PS7_X0Y0             PS7                          0.000     0.000 r  MLZedboard_i/processing_system7_0/inst/PS7_i/FCLKCLK[0]
                         net (fo=1, routed)           0.337     0.337    MLZedboard_i/processing_system7_0/inst/FCLK_CLK_unbuffered[0]
    BUFGCTRL_X0Y16       BUFG (Prop_bufg_I_O)         0.029     0.366 r  MLZedboard_i/processing_system7_0/inst/buffer_fclk_clk_0.FCLK_CLK_0_BUFG/O
                         net (fo=4704, routed)        0.843     1.209    MLZedboard_i/ps7_0_axi_periph/s00_couplers/auto_pc/inst/gen_axilite.gen_b2s_conv.axilite_b2s/RD.r_channel_0/rd_data_fifo_0/aclk
    SLICE_X26Y93         SRLC32E                                      r  MLZedboard_i/ps7_0_axi_periph/s00_couplers/auto_pc/inst/gen_axilite.gen_b2s_conv.axilite_b2s/RD.r_channel_0/rd_data_fifo_0/memory_reg[31][10]_srl32/CLK
                         clock pessimism             -0.035     1.174    
    SLICE_X26Y93         SRLC32E (Hold_srlc32e_CLK_D)
                                                      0.117     1.291    MLZedboard_i/ps7_0_axi_periph/s00_couplers/auto_pc/inst/gen_axilite.gen_b2s_conv.axilite_b2s/RD.r_channel_0/rd_data_fifo_0/memory_reg[31][10]_srl32
  -------------------------------------------------------------------
                         required time                         -1.291    
                         arrival time                           1.330    
  -------------------------------------------------------------------
                         slack                                  0.039    

Slack (MET) :             0.083ns  (arrival time - required time)
  Source:                 MLZedboard_i/comblock_0/U0/AXIL_inst/axi_rdata_reg[30]/C
                            (rising edge-triggered cell FDRE clocked by clk_fpga_0  {rise@0.000ns fall@6.499ns period=12.999ns})
  Destination:            MLZedboard_i/ps7_0_axi_periph/s00_couplers/auto_pc/inst/gen_axilite.gen_b2s_conv.axilite_b2s/RD.r_channel_0/rd_data_fifo_0/memory_reg[31][30]_srl32/D
                            (rising edge-triggered cell SRLC32E clocked by clk_fpga_0  {rise@0.000ns fall@6.499ns period=12.999ns})
  Path Group:             clk_fpga_0
  Path Type:              Hold (Min at Fast Process Corner)
  Requirement:            0.000ns  (clk_fpga_0 rise@0.000ns - clk_fpga_0 rise@0.000ns)
  Data Path Delay:        0.393ns  (logic 0.128ns (32.582%)  route 0.265ns (67.418%))
  Logic Levels:           0  
  Clock Path Skew:        0.181ns (DCD - SCD - CPR)
    Destination Clock Delay (DCD):    1.210ns
    Source Clock Delay      (SCD):    0.994ns
    Clock Pessimism Removal (CPR):    0.035ns

    Location             Delay type                Incr(ns)  Path(ns)    Netlist Resource(s)
  -------------------------------------------------------------------    -------------------
                         (clock clk_fpga_0 rise edge)
                                                      0.000     0.000 r  
    PS7_X0Y0             PS7                          0.000     0.000 r  MLZedboard_i/processing_system7_0/inst/PS7_i/FCLKCLK[0]
                         net (fo=1, routed)           0.310     0.310    MLZedboard_i/processing_system7_0/inst/FCLK_CLK_unbuffered[0]
    BUFGCTRL_X0Y16       BUFG (Prop_bufg_I_O)         0.026     0.336 r  MLZedboard_i/processing_system7_0/inst/buffer_fclk_clk_0.FCLK_CLK_0_BUFG/O
                         net (fo=4704, routed)        0.658     0.994    MLZedboard_i/comblock_0/U0/AXIL_inst/axil_aclk
    SLICE_X28Y104        FDRE                                         r  MLZedboard_i/comblock_0/U0/AXIL_inst/axi_rdata_reg[30]/C
  -------------------------------------------------------------------    -------------------
    SLICE_X28Y104        FDRE (Prop_fdre_C_Q)         0.128     1.122 r  MLZedboard_i/comblock_0/U0/AXIL_inst/axi_rdata_reg[30]/Q
                         net (fo=1, routed)           0.265     1.387    MLZedboard_i/ps7_0_axi_periph/s00_couplers/auto_pc/inst/gen_axilite.gen_b2s_conv.axilite_b2s/RD.r_channel_0/rd_data_fifo_0/m_axi_rdata[30]
    SLICE_X26Y99         SRLC32E                                      r  MLZedboard_i/ps7_0_axi_periph/s00_couplers/auto_pc/inst/gen_axilite.gen_b2s_conv.axilite_b2s/RD.r_channel_0/rd_data_fifo_0/memory_reg[31][30]_srl32/D
  -------------------------------------------------------------------    -------------------

                         (clock clk_fpga_0 rise edge)
                                                      0.000     0.000 r  
    PS7_X0Y0             PS7                          0.000     0.000 r  MLZedboard_i/processing_system7_0/inst/PS7_i/FCLKCLK[0]
                         net (fo=1, routed)           0.337     0.337    MLZedboard_i/processing_system7_0/inst/FCLK_CLK_unbuffered[0]
    BUFGCTRL_X0Y16       BUFG (Prop_bufg_I_O)         0.029     0.366 r  MLZedboard_i/processing_system7_0/inst/buffer_fclk_clk_0.FCLK_CLK_0_BUFG/O
                         net (fo=4704, routed)        0.844     1.210    MLZedboard_i/ps7_0_axi_periph/s00_couplers/auto_pc/inst/gen_axilite.gen_b2s_conv.axilite_b2s/RD.r_channel_0/rd_data_fifo_0/aclk
    SLICE_X26Y99         SRLC32E                                      r  MLZedboard_i/ps7_0_axi_periph/s00_couplers/auto_pc/inst/gen_axilite.gen_b2s_conv.axilite_b2s/RD.r_channel_0/rd_data_fifo_0/memory_reg[31][30]_srl32/CLK
                         clock pessimism             -0.035     1.175    
    SLICE_X26Y99         SRLC32E (Hold_srlc32e_CLK_D)
                                                      0.129     1.304    MLZedboard_i/ps7_0_axi_periph/s00_couplers/auto_pc/inst/gen_axilite.gen_b2s_conv.axilite_b2s/RD.r_channel_0/rd_data_fifo_0/memory_reg[31][30]_srl32
  -------------------------------------------------------------------
                         required time                         -1.304    
                         arrival time                           1.387    
  -------------------------------------------------------------------
                         slack                                  0.083    

Slack (MET) :             0.086ns  (arrival time - required time)
  Source:                 MLZedboard_i/comblock_0/U0/AXIL_inst/axi_rdata_reg[13]/C
                            (rising edge-triggered cell FDRE clocked by clk_fpga_0  {rise@0.000ns fall@6.499ns period=12.999ns})
  Destination:            MLZedboard_i/ps7_0_axi_periph/s00_couplers/auto_pc/inst/gen_axilite.gen_b2s_conv.axilite_b2s/RD.r_channel_0/rd_data_fifo_0/memory_reg[31][13]_srl32/D
                            (rising edge-triggered cell SRLC32E clocked by clk_fpga_0  {rise@0.000ns fall@6.499ns period=12.999ns})
  Path Group:             clk_fpga_0
  Path Type:              Hold (Min at Fast Process Corner)
  Requirement:            0.000ns  (clk_fpga_0 rise@0.000ns - clk_fpga_0 rise@0.000ns)
  Data Path Delay:        0.248ns  (logic 0.128ns (51.616%)  route 0.120ns (48.384%))
  Logic Levels:           0  
  Clock Path Skew:        0.033ns (DCD - SCD - CPR)
    Destination Clock Delay (DCD):    1.209ns
    Source Clock Delay      (SCD):    0.912ns
    Clock Pessimism Removal (CPR):    0.264ns

    Location             Delay type                Incr(ns)  Path(ns)    Netlist Resource(s)
  -------------------------------------------------------------------    -------------------
                         (clock clk_fpga_0 rise edge)
                                                      0.000     0.000 r  
    PS7_X0Y0             PS7                          0.000     0.000 r  MLZedboard_i/processing_system7_0/inst/PS7_i/FCLKCLK[0]
                         net (fo=1, routed)           0.310     0.310    MLZedboard_i/processing_system7_0/inst/FCLK_CLK_unbuffered[0]
    BUFGCTRL_X0Y16       BUFG (Prop_bufg_I_O)         0.026     0.336 r  MLZedboard_i/processing_system7_0/inst/buffer_fclk_clk_0.FCLK_CLK_0_BUFG/O
                         net (fo=4704, routed)        0.576     0.912    MLZedboard_i/comblock_0/U0/AXIL_inst/axil_aclk
    SLICE_X28Y93         FDRE                                         r  MLZedboard_i/comblock_0/U0/AXIL_inst/axi_rdata_reg[13]/C
  -------------------------------------------------------------------    -------------------
    SLICE_X28Y93         FDRE (Prop_fdre_C_Q)         0.128     1.040 r  MLZedboard_i/comblock_0/U0/AXIL_inst/axi_rdata_reg[13]/Q
                         net (fo=1, routed)           0.120     1.160    MLZedboard_i/ps7_0_axi_periph/s00_couplers/auto_pc/inst/gen_axilite.gen_b2s_conv.axilite_b2s/RD.r_channel_0/rd_data_fifo_0/m_axi_rdata[13]
    SLICE_X26Y93         SRLC32E                                      r  MLZedboard_i/ps7_0_axi_periph/s00_couplers/auto_pc/inst/gen_axilite.gen_b2s_conv.axilite_b2s/RD.r_channel_0/rd_data_fifo_0/memory_reg[31][13]_srl32/D
  -------------------------------------------------------------------    -------------------

                         (clock clk_fpga_0 rise edge)
                                                      0.000     0.000 r  
    PS7_X0Y0             PS7                          0.000     0.000 r  MLZedboard_i/processing_system7_0/inst/PS7_i/FCLKCLK[0]
                         net (fo=1, routed)           0.337     0.337    MLZedboard_i/processing_system7_0/inst/FCLK_CLK_unbuffered[0]
    BUFGCTRL_X0Y16       BUFG (Prop_bufg_I_O)         0.029     0.366 r  MLZedboard_i/processing_system7_0/inst/buffer_fclk_clk_0.FCLK_CLK_0_BUFG/O
                         net (fo=4704, routed)        0.843     1.209    MLZedboard_i/ps7_0_axi_periph/s00_couplers/auto_pc/inst/gen_axilite.gen_b2s_conv.axilite_b2s/RD.r_channel_0/rd_data_fifo_0/aclk
    SLICE_X26Y93         SRLC32E                                      r  MLZedboard_i/ps7_0_axi_periph/s00_couplers/auto_pc/inst/gen_axilite.gen_b2s_conv.axilite_b2s/RD.r_channel_0/rd_data_fifo_0/memory_reg[31][13]_srl32/CLK
                         clock pessimism             -0.264     0.945    
    SLICE_X26Y93         SRLC32E (Hold_srlc32e_CLK_D)
                                                      0.129     1.074    MLZedboard_i/ps7_0_axi_periph/s00_couplers/auto_pc/inst/gen_axilite.gen_b2s_conv.axilite_b2s/RD.r_channel_0/rd_data_fifo_0/memory_reg[31][13]_srl32
  -------------------------------------------------------------------
                         required time                         -1.074    
                         arrival time                           1.160    
  -------------------------------------------------------------------
                         slack                                  0.086    

Slack (MET) :             0.086ns  (arrival time - required time)
  Source:                 MLZedboard_i/comblock_0/U0/AXIL_inst/axi_rdata_reg[29]/C
                            (rising edge-triggered cell FDRE clocked by clk_fpga_0  {rise@0.000ns fall@6.499ns period=12.999ns})
  Destination:            MLZedboard_i/ps7_0_axi_periph/s00_couplers/auto_pc/inst/gen_axilite.gen_b2s_conv.axilite_b2s/RD.r_channel_0/rd_data_fifo_0/memory_reg[31][29]_srl32/D
                            (rising edge-triggered cell SRLC32E clocked by clk_fpga_0  {rise@0.000ns fall@6.499ns period=12.999ns})
  Path Group:             clk_fpga_0
  Path Type:              Hold (Min at Fast Process Corner)
  Requirement:            0.000ns  (clk_fpga_0 rise@0.000ns - clk_fpga_0 rise@0.000ns)
  Data Path Delay:        0.376ns  (logic 0.141ns (37.503%)  route 0.235ns (62.497%))
  Logic Levels:           0  
  Clock Path Skew:        0.181ns (DCD - SCD - CPR)
    Destination Clock Delay (DCD):    1.210ns
    Source Clock Delay      (SCD):    0.994ns
    Clock Pessimism Removal (CPR):    0.035ns

    Location             Delay type                Incr(ns)  Path(ns)    Netlist Resource(s)
  -------------------------------------------------------------------    -------------------
                         (clock clk_fpga_0 rise edge)
                                                      0.000     0.000 r  
    PS7_X0Y0             PS7                          0.000     0.000 r  MLZedboard_i/processing_system7_0/inst/PS7_i/FCLKCLK[0]
                         net (fo=1, routed)           0.310     0.310    MLZedboard_i/processing_system7_0/inst/FCLK_CLK_unbuffered[0]
    BUFGCTRL_X0Y16       BUFG (Prop_bufg_I_O)         0.026     0.336 r  MLZedboard_i/processing_system7_0/inst/buffer_fclk_clk_0.FCLK_CLK_0_BUFG/O
                         net (fo=4704, routed)        0.658     0.994    MLZedboard_i/comblock_0/U0/AXIL_inst/axil_aclk
    SLICE_X28Y104        FDRE                                         r  MLZedboard_i/comblock_0/U0/AXIL_inst/axi_rdata_reg[29]/C
  -------------------------------------------------------------------    -------------------
    SLICE_X28Y104        FDRE (Prop_fdre_C_Q)         0.141     1.135 r  MLZedboard_i/comblock_0/U0/AXIL_inst/axi_rdata_reg[29]/Q
                         net (fo=1, routed)           0.235     1.370    MLZedboard_i/ps7_0_axi_periph/s00_couplers/auto_pc/inst/gen_axilite.gen_b2s_conv.axilite_b2s/RD.r_channel_0/rd_data_fifo_0/m_axi_rdata[29]
    SLICE_X26Y99         SRLC32E                                      r  MLZedboard_i/ps7_0_axi_periph/s00_couplers/auto_pc/inst/gen_axilite.gen_b2s_conv.axilite_b2s/RD.r_channel_0/rd_data_fifo_0/memory_reg[31][29]_srl32/D
  -------------------------------------------------------------------    -------------------

                         (clock clk_fpga_0 rise edge)
                                                      0.000     0.000 r  
    PS7_X0Y0             PS7                          0.000     0.000 r  MLZedboard_i/processing_system7_0/inst/PS7_i/FCLKCLK[0]
                         net (fo=1, routed)           0.337     0.337    MLZedboard_i/processing_system7_0/inst/FCLK_CLK_unbuffered[0]
    BUFGCTRL_X0Y16       BUFG (Prop_bufg_I_O)         0.029     0.366 r  MLZedboard_i/processing_system7_0/inst/buffer_fclk_clk_0.FCLK_CLK_0_BUFG/O
                         net (fo=4704, routed)        0.844     1.210    MLZedboard_i/ps7_0_axi_periph/s00_couplers/auto_pc/inst/gen_axilite.gen_b2s_conv.axilite_b2s/RD.r_channel_0/rd_data_fifo_0/aclk
    SLICE_X26Y99         SRLC32E                                      r  MLZedboard_i/ps7_0_axi_periph/s00_couplers/auto_pc/inst/gen_axilite.gen_b2s_conv.axilite_b2s/RD.r_channel_0/rd_data_fifo_0/memory_reg[31][29]_srl32/CLK
                         clock pessimism             -0.035     1.175    
    SLICE_X26Y99         SRLC32E (Hold_srlc32e_CLK_D)
                                                      0.109     1.284    MLZedboard_i/ps7_0_axi_periph/s00_couplers/auto_pc/inst/gen_axilite.gen_b2s_conv.axilite_b2s/RD.r_channel_0/rd_data_fifo_0/memory_reg[31][29]_srl32
  -------------------------------------------------------------------
                         required time                         -1.284    
                         arrival time                           1.370    
  -------------------------------------------------------------------
                         slack                                  0.086    

Slack (MET) :             0.089ns  (arrival time - required time)
  Source:                 MLZedboard_i/comblock_0/U0/AXIL_inst/axi_rdata_reg[7]/C
                            (rising edge-triggered cell FDRE clocked by clk_fpga_0  {rise@0.000ns fall@6.499ns period=12.999ns})
  Destination:            MLZedboard_i/ps7_0_axi_periph/s00_couplers/auto_pc/inst/gen_axilite.gen_b2s_conv.axilite_b2s/RD.r_channel_0/rd_data_fifo_0/memory_reg[31][7]_srl32/D
                            (rising edge-triggered cell SRLC32E clocked by clk_fpga_0  {rise@0.000ns fall@6.499ns period=12.999ns})
  Path Group:             clk_fpga_0
  Path Type:              Hold (Min at Fast Process Corner)
  Requirement:            0.000ns  (clk_fpga_0 rise@0.000ns - clk_fpga_0 rise@0.000ns)
  Data Path Delay:        0.234ns  (logic 0.128ns (54.791%)  route 0.106ns (45.209%))
  Logic Levels:           0  
  Clock Path Skew:        0.016ns (DCD - SCD - CPR)
    Destination Clock Delay (DCD):    1.208ns
    Source Clock Delay      (SCD):    0.910ns
    Clock Pessimism Removal (CPR):    0.282ns

    Location             Delay type                Incr(ns)  Path(ns)    Netlist Resource(s)
  -------------------------------------------------------------------    -------------------
                         (clock clk_fpga_0 rise edge)
                                                      0.000     0.000 r  
    PS7_X0Y0             PS7                          0.000     0.000 r  MLZedboard_i/processing_system7_0/inst/PS7_i/FCLKCLK[0]
                         net (fo=1, routed)           0.310     0.310    MLZedboard_i/processing_system7_0/inst/FCLK_CLK_unbuffered[0]
    BUFGCTRL_X0Y16       BUFG (Prop_bufg_I_O)         0.026     0.336 r  MLZedboard_i/processing_system7_0/inst/buffer_fclk_clk_0.FCLK_CLK_0_BUFG/O
                         net (fo=4704, routed)        0.574     0.910    MLZedboard_i/comblock_0/U0/AXIL_inst/axil_aclk
    SLICE_X28Y89         FDRE                                         r  MLZedboard_i/comblock_0/U0/AXIL_inst/axi_rdata_reg[7]/C
  -------------------------------------------------------------------    -------------------
    SLICE_X28Y89         FDRE (Prop_fdre_C_Q)         0.128     1.038 r  MLZedboard_i/comblock_0/U0/AXIL_inst/axi_rdata_reg[7]/Q
                         net (fo=1, routed)           0.106     1.143    MLZedboard_i/ps7_0_axi_periph/s00_couplers/auto_pc/inst/gen_axilite.gen_b2s_conv.axilite_b2s/RD.r_channel_0/rd_data_fifo_0/m_axi_rdata[7]
    SLICE_X30Y89         SRLC32E                                      r  MLZedboard_i/ps7_0_axi_periph/s00_couplers/auto_pc/inst/gen_axilite.gen_b2s_conv.axilite_b2s/RD.r_channel_0/rd_data_fifo_0/memory_reg[31][7]_srl32/D
  -------------------------------------------------------------------    -------------------

                         (clock clk_fpga_0 rise edge)
                                                      0.000     0.000 r  
    PS7_X0Y0             PS7                          0.000     0.000 r  MLZedboard_i/processing_system7_0/inst/PS7_i/FCLKCLK[0]
                         net (fo=1, routed)           0.337     0.337    MLZedboard_i/processing_system7_0/inst/FCLK_CLK_unbuffered[0]
    BUFGCTRL_X0Y16       BUFG (Prop_bufg_I_O)         0.029     0.366 r  MLZedboard_i/processing_system7_0/inst/buffer_fclk_clk_0.FCLK_CLK_0_BUFG/O
                         net (fo=4704, routed)        0.842     1.208    MLZedboard_i/ps7_0_axi_periph/s00_couplers/auto_pc/inst/gen_axilite.gen_b2s_conv.axilite_b2s/RD.r_channel_0/rd_data_fifo_0/aclk
    SLICE_X30Y89         SRLC32E                                      r  MLZedboard_i/ps7_0_axi_periph/s00_couplers/auto_pc/inst/gen_axilite.gen_b2s_conv.axilite_b2s/RD.r_channel_0/rd_data_fifo_0/memory_reg[31][7]_srl32/CLK
                         clock pessimism             -0.282     0.926    
    SLICE_X30Y89         SRLC32E (Hold_srlc32e_CLK_D)
                                                      0.129     1.055    MLZedboard_i/ps7_0_axi_periph/s00_couplers/auto_pc/inst/gen_axilite.gen_b2s_conv.axilite_b2s/RD.r_channel_0/rd_data_fifo_0/memory_reg[31][7]_srl32
  -------------------------------------------------------------------
                         required time                         -1.055    
                         arrival time                           1.143    
  -------------------------------------------------------------------
                         slack                                  0.089    

Slack (MET) :             0.103ns  (arrival time - required time)
  Source:                 MLZedboard_i/comblock_0/U0/AXIL_inst/axi_rdata_reg[31]/C
                            (rising edge-triggered cell FDRE clocked by clk_fpga_0  {rise@0.000ns fall@6.499ns period=12.999ns})
  Destination:            MLZedboard_i/ps7_0_axi_periph/s00_couplers/auto_pc/inst/gen_axilite.gen_b2s_conv.axilite_b2s/RD.r_channel_0/rd_data_fifo_0/memory_reg[31][31]_srl32/D
                            (rising edge-triggered cell SRLC32E clocked by clk_fpga_0  {rise@0.000ns fall@6.499ns period=12.999ns})
  Path Group:             clk_fpga_0
  Path Type:              Hold (Min at Fast Process Corner)
  Requirement:            0.000ns  (clk_fpga_0 rise@0.000ns - clk_fpga_0 rise@0.000ns)
  Data Path Delay:        0.467ns  (logic 0.141ns (30.179%)  route 0.326ns (69.821%))
  Logic Levels:           0  
  Clock Path Skew:        0.181ns (DCD - SCD - CPR)
    Destination Clock Delay (DCD):    1.209ns
    Source Clock Delay      (SCD):    0.993ns
    Clock Pessimism Removal (CPR):    0.035ns

    Location             Delay type                Incr(ns)  Path(ns)    Netlist Resource(s)
  -------------------------------------------------------------------    -------------------
                         (clock clk_fpga_0 rise edge)
                                                      0.000     0.000 r  
    PS7_X0Y0             PS7                          0.000     0.000 r  MLZedboard_i/processing_system7_0/inst/PS7_i/FCLKCLK[0]
                         net (fo=1, routed)           0.310     0.310    MLZedboard_i/processing_system7_0/inst/FCLK_CLK_unbuffered[0]
    BUFGCTRL_X0Y16       BUFG (Prop_bufg_I_O)         0.026     0.336 r  MLZedboard_i/processing_system7_0/inst/buffer_fclk_clk_0.FCLK_CLK_0_BUFG/O
                         net (fo=4704, routed)        0.657     0.993    MLZedboard_i/comblock_0/U0/AXIL_inst/axil_aclk
    SLICE_X28Y107        FDRE                                         r  MLZedboard_i/comblock_0/U0/AXIL_inst/axi_rdata_reg[31]/C
  -------------------------------------------------------------------    -------------------
    SLICE_X28Y107        FDRE (Prop_fdre_C_Q)         0.141     1.134 r  MLZedboard_i/comblock_0/U0/AXIL_inst/axi_rdata_reg[31]/Q
                         net (fo=1, routed)           0.326     1.460    MLZedboard_i/ps7_0_axi_periph/s00_couplers/auto_pc/inst/gen_axilite.gen_b2s_conv.axilite_b2s/RD.r_channel_0/rd_data_fifo_0/m_axi_rdata[31]
    SLICE_X26Y96         SRLC32E                                      r  MLZedboard_i/ps7_0_axi_periph/s00_couplers/auto_pc/inst/gen_axilite.gen_b2s_conv.axilite_b2s/RD.r_channel_0/rd_data_fifo_0/memory_reg[31][31]_srl32/D
  -------------------------------------------------------------------    -------------------

                         (clock clk_fpga_0 rise edge)
                                                      0.000     0.000 r  
    PS7_X0Y0             PS7                          0.000     0.000 r  MLZedboard_i/processing_system7_0/inst/PS7_i/FCLKCLK[0]
                         net (fo=1, routed)           0.337     0.337    MLZedboard_i/processing_system7_0/inst/FCLK_CLK_unbuffered[0]
    BUFGCTRL_X0Y16       BUFG (Prop_bufg_I_O)         0.029     0.366 r  MLZedboard_i/processing_system7_0/inst/buffer_fclk_clk_0.FCLK_CLK_0_BUFG/O
                         net (fo=4704, routed)        0.843     1.209    MLZedboard_i/ps7_0_axi_periph/s00_couplers/auto_pc/inst/gen_axilite.gen_b2s_conv.axilite_b2s/RD.r_channel_0/rd_data_fifo_0/aclk
    SLICE_X26Y96         SRLC32E                                      r  MLZedboard_i/ps7_0_axi_periph/s00_couplers/auto_pc/inst/gen_axilite.gen_b2s_conv.axilite_b2s/RD.r_channel_0/rd_data_fifo_0/memory_reg[31][31]_srl32/CLK
                         clock pessimism             -0.035     1.174    
    SLICE_X26Y96         SRLC32E (Hold_srlc32e_CLK_D)
                                                      0.183     1.357    MLZedboard_i/ps7_0_axi_periph/s00_couplers/auto_pc/inst/gen_axilite.gen_b2s_conv.axilite_b2s/RD.r_channel_0/rd_data_fifo_0/memory_reg[31][31]_srl32
  -------------------------------------------------------------------
                         required time                         -1.357    
                         arrival time                           1.460    
  -------------------------------------------------------------------
                         slack                                  0.103    

Slack (MET) :             0.104ns  (arrival time - required time)
  Source:                 MLZedboard_i/ps7_0_axi_periph/s00_couplers/auto_pc/inst/gen_axilite.gen_b2s_conv.axilite_b2s/RD.r_channel_0/r_arid_r_reg[6]/C
                            (rising edge-triggered cell FDRE clocked by clk_fpga_0  {rise@0.000ns fall@6.499ns period=12.999ns})
  Destination:            MLZedboard_i/ps7_0_axi_periph/s00_couplers/auto_pc/inst/gen_axilite.gen_b2s_conv.axilite_b2s/RD.r_channel_0/transaction_fifo_0/memory_reg[31][7]_srl32/D
                            (rising edge-triggered cell SRLC32E clocked by clk_fpga_0  {rise@0.000ns fall@6.499ns period=12.999ns})
  Path Group:             clk_fpga_0
  Path Type:              Hold (Min at Fast Process Corner)
  Requirement:            0.000ns  (clk_fpga_0 rise@0.000ns - clk_fpga_0 rise@0.000ns)
  Data Path Delay:        0.316ns  (logic 0.141ns (44.637%)  route 0.175ns (55.363%))
  Logic Levels:           0  
  Clock Path Skew:        0.029ns (DCD - SCD - CPR)
    Destination Clock Delay (DCD):    1.199ns
    Source Clock Delay      (SCD):    0.906ns
    Clock Pessimism Removal (CPR):    0.264ns

    Location             Delay type                Incr(ns)  Path(ns)    Netlist Resource(s)
  -------------------------------------------------------------------    -------------------
                         (clock clk_fpga_0 rise edge)
                                                      0.000     0.000 r  
    PS7_X0Y0             PS7                          0.000     0.000 r  MLZedboard_i/processing_system7_0/inst/PS7_i/FCLKCLK[0]
                         net (fo=1, routed)           0.310     0.310    MLZedboard_i/processing_system7_0/inst/FCLK_CLK_unbuffered[0]
    BUFGCTRL_X0Y16       BUFG (Prop_bufg_I_O)         0.026     0.336 r  MLZedboard_i/processing_system7_0/inst/buffer_fclk_clk_0.FCLK_CLK_0_BUFG/O
                         net (fo=4704, routed)        0.570     0.906    MLZedboard_i/ps7_0_axi_periph/s00_couplers/auto_pc/inst/gen_axilite.gen_b2s_conv.axilite_b2s/RD.r_channel_0/aclk
    SLICE_X28Y82         FDRE                                         r  MLZedboard_i/ps7_0_axi_periph/s00_couplers/auto_pc/inst/gen_axilite.gen_b2s_conv.axilite_b2s/RD.r_channel_0/r_arid_r_reg[6]/C
  -------------------------------------------------------------------    -------------------
    SLICE_X28Y82         FDRE (Prop_fdre_C_Q)         0.141     1.047 r  MLZedboard_i/ps7_0_axi_periph/s00_couplers/auto_pc/inst/gen_axilite.gen_b2s_conv.axilite_b2s/RD.r_channel_0/r_arid_r_reg[6]/Q
                         net (fo=1, routed)           0.175     1.221    MLZedboard_i/ps7_0_axi_periph/s00_couplers/auto_pc/inst/gen_axilite.gen_b2s_conv.axilite_b2s/RD.r_channel_0/transaction_fifo_0/in[7]
    SLICE_X26Y80         SRLC32E                                      r  MLZedboard_i/ps7_0_axi_periph/s00_couplers/auto_pc/inst/gen_axilite.gen_b2s_conv.axilite_b2s/RD.r_channel_0/transaction_fifo_0/memory_reg[31][7]_srl32/D
  -------------------------------------------------------------------    -------------------

                         (clock clk_fpga_0 rise edge)
                                                      0.000     0.000 r  
    PS7_X0Y0             PS7                          0.000     0.000 r  MLZedboard_i/processing_system7_0/inst/PS7_i/FCLKCLK[0]
                         net (fo=1, routed)           0.337     0.337    MLZedboard_i/processing_system7_0/inst/FCLK_CLK_unbuffered[0]
    BUFGCTRL_X0Y16       BUFG (Prop_bufg_I_O)         0.029     0.366 r  MLZedboard_i/processing_system7_0/inst/buffer_fclk_clk_0.FCLK_CLK_0_BUFG/O
                         net (fo=4704, routed)        0.833     1.199    MLZedboard_i/ps7_0_axi_periph/s00_couplers/auto_pc/inst/gen_axilite.gen_b2s_conv.axilite_b2s/RD.r_channel_0/transaction_fifo_0/aclk
    SLICE_X26Y80         SRLC32E                                      r  MLZedboard_i/ps7_0_axi_periph/s00_couplers/auto_pc/inst/gen_axilite.gen_b2s_conv.axilite_b2s/RD.r_channel_0/transaction_fifo_0/memory_reg[31][7]_srl32/CLK
                         clock pessimism             -0.264     0.935    
    SLICE_X26Y80         SRLC32E (Hold_srlc32e_CLK_D)
                                                      0.183     1.118    MLZedboard_i/ps7_0_axi_periph/s00_couplers/auto_pc/inst/gen_axilite.gen_b2s_conv.axilite_b2s/RD.r_channel_0/transaction_fifo_0/memory_reg[31][7]_srl32
  -------------------------------------------------------------------
                         required time                         -1.118    
                         arrival time                           1.221    
  -------------------------------------------------------------------
                         slack                                  0.104    

Slack (MET) :             0.106ns  (arrival time - required time)
  Source:                 MLZedboard_i/comblock_0/U0/AXIL_inst/axi_rdata_reg[27]/C
                            (rising edge-triggered cell FDRE clocked by clk_fpga_0  {rise@0.000ns fall@6.499ns period=12.999ns})
  Destination:            MLZedboard_i/ps7_0_axi_periph/s00_couplers/auto_pc/inst/gen_axilite.gen_b2s_conv.axilite_b2s/RD.r_channel_0/rd_data_fifo_0/memory_reg[31][27]_srl32/D
                            (rising edge-triggered cell SRLC32E clocked by clk_fpga_0  {rise@0.000ns fall@6.499ns period=12.999ns})
  Path Group:             clk_fpga_0
  Path Type:              Hold (Min at Fast Process Corner)
  Requirement:            0.000ns  (clk_fpga_0 rise@0.000ns - clk_fpga_0 rise@0.000ns)
  Data Path Delay:        0.404ns  (logic 0.141ns (34.872%)  route 0.263ns (65.128%))
  Logic Levels:           0  
  Clock Path Skew:        0.183ns (DCD - SCD - CPR)
    Destination Clock Delay (DCD):    1.209ns
    Source Clock Delay      (SCD):    0.991ns
    Clock Pessimism Removal (CPR):    0.035ns

    Location             Delay type                Incr(ns)  Path(ns)    Netlist Resource(s)
  -------------------------------------------------------------------    -------------------
                         (clock clk_fpga_0 rise edge)
                                                      0.000     0.000 r  
    PS7_X0Y0             PS7                          0.000     0.000 r  MLZedboard_i/processing_system7_0/inst/PS7_i/FCLKCLK[0]
                         net (fo=1, routed)           0.310     0.310    MLZedboard_i/processing_system7_0/inst/FCLK_CLK_unbuffered[0]
    BUFGCTRL_X0Y16       BUFG (Prop_bufg_I_O)         0.026     0.336 r  MLZedboard_i/processing_system7_0/inst/buffer_fclk_clk_0.FCLK_CLK_0_BUFG/O
                         net (fo=4704, routed)        0.655     0.991    MLZedboard_i/comblock_0/U0/AXIL_inst/axil_aclk
    SLICE_X27Y106        FDRE                                         r  MLZedboard_i/comblock_0/U0/AXIL_inst/axi_rdata_reg[27]/C
  -------------------------------------------------------------------    -------------------
    SLICE_X27Y106        FDRE (Prop_fdre_C_Q)         0.141     1.132 r  MLZedboard_i/comblock_0/U0/AXIL_inst/axi_rdata_reg[27]/Q
                         net (fo=1, routed)           0.263     1.395    MLZedboard_i/ps7_0_axi_periph/s00_couplers/auto_pc/inst/gen_axilite.gen_b2s_conv.axilite_b2s/RD.r_channel_0/rd_data_fifo_0/m_axi_rdata[27]
    SLICE_X26Y96         SRLC32E                                      r  MLZedboard_i/ps7_0_axi_periph/s00_couplers/auto_pc/inst/gen_axilite.gen_b2s_conv.axilite_b2s/RD.r_channel_0/rd_data_fifo_0/memory_reg[31][27]_srl32/D
  -------------------------------------------------------------------    -------------------

                         (clock clk_fpga_0 rise edge)
                                                      0.000     0.000 r  
    PS7_X0Y0             PS7                          0.000     0.000 r  MLZedboard_i/processing_system7_0/inst/PS7_i/FCLKCLK[0]
                         net (fo=1, routed)           0.337     0.337    MLZedboard_i/processing_system7_0/inst/FCLK_CLK_unbuffered[0]
    BUFGCTRL_X0Y16       BUFG (Prop_bufg_I_O)         0.029     0.366 r  MLZedboard_i/processing_system7_0/inst/buffer_fclk_clk_0.FCLK_CLK_0_BUFG/O
                         net (fo=4704, routed)        0.843     1.209    MLZedboard_i/ps7_0_axi_periph/s00_couplers/auto_pc/inst/gen_axilite.gen_b2s_conv.axilite_b2s/RD.r_channel_0/rd_data_fifo_0/aclk
    SLICE_X26Y96         SRLC32E                                      r  MLZedboard_i/ps7_0_axi_periph/s00_couplers/auto_pc/inst/gen_axilite.gen_b2s_conv.axilite_b2s/RD.r_channel_0/rd_data_fifo_0/memory_reg[31][27]_srl32/CLK
                         clock pessimism             -0.035     1.174    
    SLICE_X26Y96         SRLC32E (Hold_srlc32e_CLK_D)
                                                      0.115     1.289    MLZedboard_i/ps7_0_axi_periph/s00_couplers/auto_pc/inst/gen_axilite.gen_b2s_conv.axilite_b2s/RD.r_channel_0/rd_data_fifo_0/memory_reg[31][27]_srl32
  -------------------------------------------------------------------
                         required time                         -1.289    
                         arrival time                           1.395    
  -------------------------------------------------------------------
                         slack                                  0.106    

Slack (MET) :             0.112ns  (arrival time - required time)
  Source:                 MLZedboard_i/ps7_0_axi_periph/s00_couplers/auto_pc/inst/gen_axilite.gen_b2s_conv.axilite_b2s/RD.r_channel_0/r_arid_r_reg[11]/C
                            (rising edge-triggered cell FDRE clocked by clk_fpga_0  {rise@0.000ns fall@6.499ns period=12.999ns})
  Destination:            MLZedboard_i/ps7_0_axi_periph/s00_couplers/auto_pc/inst/gen_axilite.gen_b2s_conv.axilite_b2s/RD.r_channel_0/transaction_fifo_0/memory_reg[31][12]_srl32/D
                            (rising edge-triggered cell SRLC32E clocked by clk_fpga_0  {rise@0.000ns fall@6.499ns period=12.999ns})
  Path Group:             clk_fpga_0
  Path Type:              Hold (Min at Fast Process Corner)
  Requirement:            0.000ns  (clk_fpga_0 rise@0.000ns - clk_fpga_0 rise@0.000ns)
  Data Path Delay:        0.258ns  (logic 0.141ns (54.595%)  route 0.117ns (45.405%))
  Logic Levels:           0  
  Clock Path Skew:        0.031ns (DCD - SCD - CPR)
    Destination Clock Delay (DCD):    1.201ns
    Source Clock Delay      (SCD):    0.906ns
    Clock Pessimism Removal (CPR):    0.264ns

    Location             Delay type                Incr(ns)  Path(ns)    Netlist Resource(s)
  -------------------------------------------------------------------    -------------------
                         (clock clk_fpga_0 rise edge)
                                                      0.000     0.000 r  
    PS7_X0Y0             PS7                          0.000     0.000 r  MLZedboard_i/processing_system7_0/inst/PS7_i/FCLKCLK[0]
                         net (fo=1, routed)           0.310     0.310    MLZedboard_i/processing_system7_0/inst/FCLK_CLK_unbuffered[0]
    BUFGCTRL_X0Y16       BUFG (Prop_bufg_I_O)         0.026     0.336 r  MLZedboard_i/processing_system7_0/inst/buffer_fclk_clk_0.FCLK_CLK_0_BUFG/O
                         net (fo=4704, routed)        0.570     0.906    MLZedboard_i/ps7_0_axi_periph/s00_couplers/auto_pc/inst/gen_axilite.gen_b2s_conv.axilite_b2s/RD.r_channel_0/aclk
    SLICE_X28Y82         FDRE                                         r  MLZedboard_i/ps7_0_axi_periph/s00_couplers/auto_pc/inst/gen_axilite.gen_b2s_conv.axilite_b2s/RD.r_channel_0/r_arid_r_reg[11]/C
  -------------------------------------------------------------------    -------------------
    SLICE_X28Y82         FDRE (Prop_fdre_C_Q)         0.141     1.047 r  MLZedboard_i/ps7_0_axi_periph/s00_couplers/auto_pc/inst/gen_axilite.gen_b2s_conv.axilite_b2s/RD.r_channel_0/r_arid_r_reg[11]/Q
                         net (fo=1, routed)           0.117     1.164    MLZedboard_i/ps7_0_axi_periph/s00_couplers/auto_pc/inst/gen_axilite.gen_b2s_conv.axilite_b2s/RD.r_channel_0/transaction_fifo_0/in[12]
    SLICE_X26Y82         SRLC32E                                      r  MLZedboard_i/ps7_0_axi_periph/s00_couplers/auto_pc/inst/gen_axilite.gen_b2s_conv.axilite_b2s/RD.r_channel_0/transaction_fifo_0/memory_reg[31][12]_srl32/D
  -------------------------------------------------------------------    -------------------

                         (clock clk_fpga_0 rise edge)
                                                      0.000     0.000 r  
    PS7_X0Y0             PS7                          0.000     0.000 r  MLZedboard_i/processing_system7_0/inst/PS7_i/FCLKCLK[0]
                         net (fo=1, routed)           0.337     0.337    MLZedboard_i/processing_system7_0/inst/FCLK_CLK_unbuffered[0]
    BUFGCTRL_X0Y16       BUFG (Prop_bufg_I_O)         0.029     0.366 r  MLZedboard_i/processing_system7_0/inst/buffer_fclk_clk_0.FCLK_CLK_0_BUFG/O
                         net (fo=4704, routed)        0.835     1.201    MLZedboard_i/ps7_0_axi_periph/s00_couplers/auto_pc/inst/gen_axilite.gen_b2s_conv.axilite_b2s/RD.r_channel_0/transaction_fifo_0/aclk
    SLICE_X26Y82         SRLC32E                                      r  MLZedboard_i/ps7_0_axi_periph/s00_couplers/auto_pc/inst/gen_axilite.gen_b2s_conv.axilite_b2s/RD.r_channel_0/transaction_fifo_0/memory_reg[31][12]_srl32/CLK
                         clock pessimism             -0.264     0.937    
    SLICE_X26Y82         SRLC32E (Hold_srlc32e_CLK_D)
                                                      0.115     1.052    MLZedboard_i/ps7_0_axi_periph/s00_couplers/auto_pc/inst/gen_axilite.gen_b2s_conv.axilite_b2s/RD.r_channel_0/transaction_fifo_0/memory_reg[31][12]_srl32
  -------------------------------------------------------------------
                         required time                         -1.052    
                         arrival time                           1.164    
  -------------------------------------------------------------------
                         slack                                  0.112    

Slack (MET) :             0.116ns  (arrival time - required time)
  Source:                 MLZedboard_i/ps7_0_axi_periph/s00_couplers/auto_pc/inst/gen_axilite.gen_b2s_conv.axilite_b2s/RD.r_channel_0/r_arid_r_reg[5]/C
                            (rising edge-triggered cell FDRE clocked by clk_fpga_0  {rise@0.000ns fall@6.499ns period=12.999ns})
  Destination:            MLZedboard_i/ps7_0_axi_periph/s00_couplers/auto_pc/inst/gen_axilite.gen_b2s_conv.axilite_b2s/RD.r_channel_0/transaction_fifo_0/memory_reg[31][6]_srl32/D
                            (rising edge-triggered cell SRLC32E clocked by clk_fpga_0  {rise@0.000ns fall@6.499ns period=12.999ns})
  Path Group:             clk_fpga_0
  Path Type:              Hold (Min at Fast Process Corner)
  Requirement:            0.000ns  (clk_fpga_0 rise@0.000ns - clk_fpga_0 rise@0.000ns)
  Data Path Delay:        0.256ns  (logic 0.141ns (54.984%)  route 0.115ns (45.016%))
  Logic Levels:           0  
  Clock Path Skew:        0.031ns (DCD - SCD - CPR)
    Destination Clock Delay (DCD):    1.199ns
    Source Clock Delay      (SCD):    0.904ns
    Clock Pessimism Removal (CPR):    0.264ns

    Location             Delay type                Incr(ns)  Path(ns)    Netlist Resource(s)
  -------------------------------------------------------------------    -------------------
                         (clock clk_fpga_0 rise edge)
                                                      0.000     0.000 r  
    PS7_X0Y0             PS7                          0.000     0.000 r  MLZedboard_i/processing_system7_0/inst/PS7_i/FCLKCLK[0]
                         net (fo=1, routed)           0.310     0.310    MLZedboard_i/processing_system7_0/inst/FCLK_CLK_unbuffered[0]
    BUFGCTRL_X0Y16       BUFG (Prop_bufg_I_O)         0.026     0.336 r  MLZedboard_i/processing_system7_0/inst/buffer_fclk_clk_0.FCLK_CLK_0_BUFG/O
                         net (fo=4704, routed)        0.568     0.904    MLZedboard_i/ps7_0_axi_periph/s00_couplers/auto_pc/inst/gen_axilite.gen_b2s_conv.axilite_b2s/RD.r_channel_0/aclk
    SLICE_X29Y80         FDRE                                         r  MLZedboard_i/ps7_0_axi_periph/s00_couplers/auto_pc/inst/gen_axilite.gen_b2s_conv.axilite_b2s/RD.r_channel_0/r_arid_r_reg[5]/C
  -------------------------------------------------------------------    -------------------
    SLICE_X29Y80         FDRE (Prop_fdre_C_Q)         0.141     1.045 r  MLZedboard_i/ps7_0_axi_periph/s00_couplers/auto_pc/inst/gen_axilite.gen_b2s_conv.axilite_b2s/RD.r_channel_0/r_arid_r_reg[5]/Q
                         net (fo=1, routed)           0.115     1.160    MLZedboard_i/ps7_0_axi_periph/s00_couplers/auto_pc/inst/gen_axilite.gen_b2s_conv.axilite_b2s/RD.r_channel_0/transaction_fifo_0/in[6]
    SLICE_X26Y80         SRLC32E                                      r  MLZedboard_i/ps7_0_axi_periph/s00_couplers/auto_pc/inst/gen_axilite.gen_b2s_conv.axilite_b2s/RD.r_channel_0/transaction_fifo_0/memory_reg[31][6]_srl32/D
  -------------------------------------------------------------------    -------------------

                         (clock clk_fpga_0 rise edge)
                                                      0.000     0.000 r  
    PS7_X0Y0             PS7                          0.000     0.000 r  MLZedboard_i/processing_system7_0/inst/PS7_i/FCLKCLK[0]
                         net (fo=1, routed)           0.337     0.337    MLZedboard_i/processing_system7_0/inst/FCLK_CLK_unbuffered[0]
    BUFGCTRL_X0Y16       BUFG (Prop_bufg_I_O)         0.029     0.366 r  MLZedboard_i/processing_system7_0/inst/buffer_fclk_clk_0.FCLK_CLK_0_BUFG/O
                         net (fo=4704, routed)        0.833     1.199    MLZedboard_i/ps7_0_axi_periph/s00_couplers/auto_pc/inst/gen_axilite.gen_b2s_conv.axilite_b2s/RD.r_channel_0/transaction_fifo_0/aclk
    SLICE_X26Y80         SRLC32E                                      r  MLZedboard_i/ps7_0_axi_periph/s00_couplers/auto_pc/inst/gen_axilite.gen_b2s_conv.axilite_b2s/RD.r_channel_0/transaction_fifo_0/memory_reg[31][6]_srl32/CLK
                         clock pessimism             -0.264     0.935    
    SLICE_X26Y80         SRLC32E (Hold_srlc32e_CLK_D)
                                                      0.109     1.044    MLZedboard_i/ps7_0_axi_periph/s00_couplers/auto_pc/inst/gen_axilite.gen_b2s_conv.axilite_b2s/RD.r_channel_0/transaction_fifo_0/memory_reg[31][6]_srl32
  -------------------------------------------------------------------
                         required time                         -1.044    
                         arrival time                           1.160    
  -------------------------------------------------------------------
                         slack                                  0.116    





Pulse Width Checks
--------------------------------------------------------------------------------------
Clock Name:         clk_fpga_0
Waveform(ns):       { 0.000 6.499 }
Period(ns):         12.999
Sources:            { MLZedboard_i/processing_system7_0/inst/PS7_i/FCLKCLK[0] }

Check Type        Corner  Lib Pin             Reference Pin  Required(ns)  Actual(ns)  Slack(ns)  Location        Pin
Min Period        n/a     RAMB36E1/CLKARDCLK  n/a            2.944         12.999      10.055     RAMB36_X2Y21    MLZedboard_i/comblock_0/U0/comblock_i/fifo_out_g.fifo_out_i/i_memory/ram_reg/CLKARDCLK
Min Period        n/a     RAMB36E1/CLKBWRCLK  n/a            2.576         12.999      10.423     RAMB36_X2Y21    MLZedboard_i/comblock_0/U0/comblock_i/fifo_out_g.fifo_out_i/i_memory/ram_reg/CLKBWRCLK
Min Period        n/a     RAMB18E1/CLKARDCLK  n/a            2.576         12.999      10.423     RAMB18_X2Y22    MLZedboard_i/inference_0/inst/grp_sigmoid_ap_fixed_16_6_5_3_0_ap_fixed_16_6_5_3_0_sigmoid_config13_s_fu_4823/sigmoid_table_U/q0_reg/CLKARDCLK
Min Period        n/a     BUFG/I              n/a            2.155         12.999      10.844     BUFGCTRL_X0Y16  MLZedboard_i/processing_system7_0/inst/buffer_fclk_clk_0.FCLK_CLK_0_BUFG/I
Min Period        n/a     FDSE/C              n/a            1.000         12.999      11.999     SLICE_X29Y103   MLZedboard_i/comblock_0/U0/AXIL_inst/aw_en_reg/C
Min Period        n/a     FDSE/C              n/a            1.000         12.999      11.999     SLICE_X30Y68    MLZedboard_i/comblock_0/U0/AXIL_inst/axi_araddr_reg[2]/C
Min Period        n/a     FDSE/C              n/a            1.000         12.999      11.999     SLICE_X30Y68    MLZedboard_i/comblock_0/U0/AXIL_inst/axi_araddr_reg[3]/C
Min Period        n/a     FDSE/C              n/a            1.000         12.999      11.999     SLICE_X30Y68    MLZedboard_i/comblock_0/U0/AXIL_inst/axi_araddr_reg[4]/C
Min Period        n/a     FDSE/C              n/a            1.000         12.999      11.999     SLICE_X30Y68    MLZedboard_i/comblock_0/U0/AXIL_inst/axi_araddr_reg[5]/C
Min Period        n/a     FDSE/C              n/a            1.000         12.999      11.999     SLICE_X29Y68    MLZedboard_i/comblock_0/U0/AXIL_inst/axi_araddr_reg[6]/C
Low Pulse Width   Slow    SRLC32E/CLK         n/a            0.980         6.499       5.519      SLICE_X30Y89    MLZedboard_i/ps7_0_axi_periph/s00_couplers/auto_pc/inst/gen_axilite.gen_b2s_conv.axilite_b2s/RD.r_channel_0/rd_data_fifo_0/memory_reg[31][0]_srl32/CLK
Low Pulse Width   Fast    SRLC32E/CLK         n/a            0.980         6.500       5.519      SLICE_X30Y89    MLZedboard_i/ps7_0_axi_periph/s00_couplers/auto_pc/inst/gen_axilite.gen_b2s_conv.axilite_b2s/RD.r_channel_0/rd_data_fifo_0/memory_reg[31][0]_srl32/CLK
Low Pulse Width   Slow    SRLC32E/CLK         n/a            0.980         6.499       5.519      SLICE_X26Y93    MLZedboard_i/ps7_0_axi_periph/s00_couplers/auto_pc/inst/gen_axilite.gen_b2s_conv.axilite_b2s/RD.r_channel_0/rd_data_fifo_0/memory_reg[31][10]_srl32/CLK
Low Pulse Width   Fast    SRLC32E/CLK         n/a            0.980         6.500       5.519      SLICE_X26Y93    MLZedboard_i/ps7_0_axi_periph/s00_couplers/auto_pc/inst/gen_axilite.gen_b2s_conv.axilite_b2s/RD.r_channel_0/rd_data_fifo_0/memory_reg[31][10]_srl32/CLK
Low Pulse Width   Slow    SRLC32E/CLK         n/a            0.980         6.499       5.519      SLICE_X26Y93    MLZedboard_i/ps7_0_axi_periph/s00_couplers/auto_pc/inst/gen_axilite.gen_b2s_conv.axilite_b2s/RD.r_channel_0/rd_data_fifo_0/memory_reg[31][11]_srl32/CLK
Low Pulse Width   Fast    SRLC32E/CLK         n/a            0.980         6.500       5.519      SLICE_X26Y93    MLZedboard_i/ps7_0_axi_periph/s00_couplers/auto_pc/inst/gen_axilite.gen_b2s_conv.axilite_b2s/RD.r_channel_0/rd_data_fifo_0/memory_reg[31][11]_srl32/CLK
Low Pulse Width   Slow    SRLC32E/CLK         n/a            0.980         6.499       5.519      SLICE_X26Y93    MLZedboard_i/ps7_0_axi_periph/s00_couplers/auto_pc/inst/gen_axilite.gen_b2s_conv.axilite_b2s/RD.r_channel_0/rd_data_fifo_0/memory_reg[31][12]_srl32/CLK
Low Pulse Width   Fast    SRLC32E/CLK         n/a            0.980         6.500       5.519      SLICE_X26Y93    MLZedboard_i/ps7_0_axi_periph/s00_couplers/auto_pc/inst/gen_axilite.gen_b2s_conv.axilite_b2s/RD.r_channel_0/rd_data_fifo_0/memory_reg[31][12]_srl32/CLK
Low Pulse Width   Slow    SRLC32E/CLK         n/a            0.980         6.499       5.519      SLICE_X26Y93    MLZedboard_i/ps7_0_axi_periph/s00_couplers/auto_pc/inst/gen_axilite.gen_b2s_conv.axilite_b2s/RD.r_channel_0/rd_data_fifo_0/memory_reg[31][13]_srl32/CLK
Low Pulse Width   Fast    SRLC32E/CLK         n/a            0.980         6.500       5.519      SLICE_X26Y93    MLZedboard_i/ps7_0_axi_periph/s00_couplers/auto_pc/inst/gen_axilite.gen_b2s_conv.axilite_b2s/RD.r_channel_0/rd_data_fifo_0/memory_reg[31][13]_srl32/CLK
High Pulse Width  Slow    SRLC32E/CLK         n/a            0.980         6.499       5.519      SLICE_X30Y89    MLZedboard_i/ps7_0_axi_periph/s00_couplers/auto_pc/inst/gen_axilite.gen_b2s_conv.axilite_b2s/RD.r_channel_0/rd_data_fifo_0/memory_reg[31][0]_srl32/CLK
High Pulse Width  Fast    SRLC32E/CLK         n/a            0.980         6.499       5.519      SLICE_X30Y89    MLZedboard_i/ps7_0_axi_periph/s00_couplers/auto_pc/inst/gen_axilite.gen_b2s_conv.axilite_b2s/RD.r_channel_0/rd_data_fifo_0/memory_reg[31][0]_srl32/CLK
High Pulse Width  Slow    SRLC32E/CLK         n/a            0.980         6.499       5.519      SLICE_X26Y93    MLZedboard_i/ps7_0_axi_periph/s00_couplers/auto_pc/inst/gen_axilite.gen_b2s_conv.axilite_b2s/RD.r_channel_0/rd_data_fifo_0/memory_reg[31][10]_srl32/CLK
High Pulse Width  Fast    SRLC32E/CLK         n/a            0.980         6.499       5.519      SLICE_X26Y93    MLZedboard_i/ps7_0_axi_periph/s00_couplers/auto_pc/inst/gen_axilite.gen_b2s_conv.axilite_b2s/RD.r_channel_0/rd_data_fifo_0/memory_reg[31][10]_srl32/CLK
High Pulse Width  Slow    SRLC32E/CLK         n/a            0.980         6.499       5.519      SLICE_X26Y93    MLZedboard_i/ps7_0_axi_periph/s00_couplers/auto_pc/inst/gen_axilite.gen_b2s_conv.axilite_b2s/RD.r_channel_0/rd_data_fifo_0/memory_reg[31][11]_srl32/CLK
High Pulse Width  Fast    SRLC32E/CLK         n/a            0.980         6.499       5.519      SLICE_X26Y93    MLZedboard_i/ps7_0_axi_periph/s00_couplers/auto_pc/inst/gen_axilite.gen_b2s_conv.axilite_b2s/RD.r_channel_0/rd_data_fifo_0/memory_reg[31][11]_srl32/CLK
High Pulse Width  Slow    SRLC32E/CLK         n/a            0.980         6.499       5.519      SLICE_X26Y93    MLZedboard_i/ps7_0_axi_periph/s00_couplers/auto_pc/inst/gen_axilite.gen_b2s_conv.axilite_b2s/RD.r_channel_0/rd_data_fifo_0/memory_reg[31][12]_srl32/CLK
High Pulse Width  Fast    SRLC32E/CLK         n/a            0.980         6.499       5.519      SLICE_X26Y93    MLZedboard_i/ps7_0_axi_periph/s00_couplers/auto_pc/inst/gen_axilite.gen_b2s_conv.axilite_b2s/RD.r_channel_0/rd_data_fifo_0/memory_reg[31][12]_srl32/CLK
High Pulse Width  Slow    SRLC32E/CLK         n/a            0.980         6.499       5.519      SLICE_X26Y93    MLZedboard_i/ps7_0_axi_periph/s00_couplers/auto_pc/inst/gen_axilite.gen_b2s_conv.axilite_b2s/RD.r_channel_0/rd_data_fifo_0/memory_reg[31][13]_srl32/CLK
High Pulse Width  Fast    SRLC32E/CLK         n/a            0.980         6.499       5.519      SLICE_X26Y93    MLZedboard_i/ps7_0_axi_periph/s00_couplers/auto_pc/inst/gen_axilite.gen_b2s_conv.axilite_b2s/RD.r_channel_0/rd_data_fifo_0/memory_reg[31][13]_srl32/CLK



--------------------------------------------------------------------------------------
Path Group:  (none)
From Clock:  
  To Clock:  clk_fpga_0

Max Delay             1 Endpoint
Min Delay             1 Endpoint
--------------------------------------------------------------------------------------


Max Delay Paths
--------------------------------------------------------------------------------------
Slack:                    inf
  Source:                 MLZedboard_i/processing_system7_0/inst/PS7_i/FCLKRESETN[0]
                            (internal pin)
  Destination:            MLZedboard_i/rst_ps7_0_100M/U0/EXT_LPF/ACTIVE_LOW_EXT.ACT_LO_EXT/GENERATE_LEVEL_P_S_CDC.SINGLE_BIT.CROSS_PLEVEL_IN2SCNDRY_IN_cdc_to/D
                            (rising edge-triggered cell FDRE clocked by clk_fpga_0  {rise@0.000ns fall@6.499ns period=12.999ns})
  Path Group:             (none)
  Path Type:              Setup (Max at Slow Process Corner)
  Data Path Delay:        2.902ns  (logic 0.124ns (4.273%)  route 2.778ns (95.727%))
  Logic Levels:           1  (LUT1=1)
  Clock Uncertainty:      0.197ns  ((TSJ^2 + TIJ^2)^1/2 + DJ) / 2 + PE
    Total System Jitter     (TSJ):    0.050ns
    Total Input Jitter      (TIJ):    0.390ns
    Discrete Jitter          (DJ):    0.000ns
    Phase Error              (PE):    0.000ns
  Timing Exception:       False Path

    Location             Delay type                Incr(ns)  Path(ns)    Netlist Resource(s)
  -------------------------------------------------------------------    -------------------
    PS7_X0Y0             PS7                          0.000     0.000 f  MLZedboard_i/processing_system7_0/inst/PS7_i/FCLKRESETN[0]
                         net (fo=1, routed)           2.251     2.251    MLZedboard_i/rst_ps7_0_100M/U0/EXT_LPF/ACTIVE_LOW_EXT.ACT_LO_EXT/ext_reset_in
    SLICE_X40Y113        LUT1 (Prop_lut1_I0_O)        0.124     2.375 r  MLZedboard_i/rst_ps7_0_100M/U0/EXT_LPF/ACTIVE_LOW_EXT.ACT_LO_EXT/GENERATE_LEVEL_P_S_CDC.SINGLE_BIT.CROSS_PLEVEL_IN2SCNDRY_IN_cdc_to_i_1/O
                         net (fo=1, routed)           0.527     2.902    MLZedboard_i/rst_ps7_0_100M/U0/EXT_LPF/ACTIVE_LOW_EXT.ACT_LO_EXT/exr_d1
    SLICE_X42Y114        FDRE                                         r  MLZedboard_i/rst_ps7_0_100M/U0/EXT_LPF/ACTIVE_LOW_EXT.ACT_LO_EXT/GENERATE_LEVEL_P_S_CDC.SINGLE_BIT.CROSS_PLEVEL_IN2SCNDRY_IN_cdc_to/D
  -------------------------------------------------------------------    -------------------

                         (clock clk_fpga_0 rise edge)
                                                      0.000     0.000 r  
    PS7_X0Y0             PS7                          0.000     0.000 r  MLZedboard_i/processing_system7_0/inst/PS7_i/FCLKCLK[0]
                         net (fo=1, routed)           1.088     1.088    MLZedboard_i/processing_system7_0/inst/FCLK_CLK_unbuffered[0]
    BUFGCTRL_X0Y16       BUFG (Prop_bufg_I_O)         0.091     1.179 r  MLZedboard_i/processing_system7_0/inst/buffer_fclk_clk_0.FCLK_CLK_0_BUFG/O
                         net (fo=4704, routed)        1.648     2.827    MLZedboard_i/rst_ps7_0_100M/U0/EXT_LPF/ACTIVE_LOW_EXT.ACT_LO_EXT/slowest_sync_clk
    SLICE_X42Y114        FDRE                                         r  MLZedboard_i/rst_ps7_0_100M/U0/EXT_LPF/ACTIVE_LOW_EXT.ACT_LO_EXT/GENERATE_LEVEL_P_S_CDC.SINGLE_BIT.CROSS_PLEVEL_IN2SCNDRY_IN_cdc_to/C





Min Delay Paths
--------------------------------------------------------------------------------------
Slack:                    inf
  Source:                 MLZedboard_i/processing_system7_0/inst/PS7_i/FCLKRESETN[0]
                            (internal pin)
  Destination:            MLZedboard_i/rst_ps7_0_100M/U0/EXT_LPF/ACTIVE_LOW_EXT.ACT_LO_EXT/GENERATE_LEVEL_P_S_CDC.SINGLE_BIT.CROSS_PLEVEL_IN2SCNDRY_IN_cdc_to/D
                            (rising edge-triggered cell FDRE clocked by clk_fpga_0  {rise@0.000ns fall@6.499ns period=12.999ns})
  Path Group:             (none)
  Path Type:              Hold (Min at Fast Process Corner)
  Data Path Delay:        1.159ns  (logic 0.045ns (3.883%)  route 1.114ns (96.117%))
  Logic Levels:           1  (LUT1=1)
  Clock Uncertainty:      0.197ns  ((TSJ^2 + TIJ^2)^1/2 + DJ) / 2 + PE
    Total System Jitter     (TSJ):    0.050ns
    Total Input Jitter      (TIJ):    0.390ns
    Discrete Jitter          (DJ):    0.000ns
    Phase Error              (PE):    0.000ns
  Timing Exception:       False Path

    Location             Delay type                Incr(ns)  Path(ns)    Netlist Resource(s)
  -------------------------------------------------------------------    -------------------
    PS7_X0Y0             PS7                          0.000     0.000 f  MLZedboard_i/processing_system7_0/inst/PS7_i/FCLKRESETN[0]
                         net (fo=1, routed)           0.939     0.939    MLZedboard_i/rst_ps7_0_100M/U0/EXT_LPF/ACTIVE_LOW_EXT.ACT_LO_EXT/ext_reset_in
    SLICE_X40Y113        LUT1 (Prop_lut1_I0_O)        0.045     0.984 r  MLZedboard_i/rst_ps7_0_100M/U0/EXT_LPF/ACTIVE_LOW_EXT.ACT_LO_EXT/GENERATE_LEVEL_P_S_CDC.SINGLE_BIT.CROSS_PLEVEL_IN2SCNDRY_IN_cdc_to_i_1/O
                         net (fo=1, routed)           0.175     1.159    MLZedboard_i/rst_ps7_0_100M/U0/EXT_LPF/ACTIVE_LOW_EXT.ACT_LO_EXT/exr_d1
    SLICE_X42Y114        FDRE                                         r  MLZedboard_i/rst_ps7_0_100M/U0/EXT_LPF/ACTIVE_LOW_EXT.ACT_LO_EXT/GENERATE_LEVEL_P_S_CDC.SINGLE_BIT.CROSS_PLEVEL_IN2SCNDRY_IN_cdc_to/D
  -------------------------------------------------------------------    -------------------

                         (clock clk_fpga_0 rise edge)
                                                      0.000     0.000 r  
    PS7_X0Y0             PS7                          0.000     0.000 r  MLZedboard_i/processing_system7_0/inst/PS7_i/FCLKCLK[0]
                         net (fo=1, routed)           0.337     0.337    MLZedboard_i/processing_system7_0/inst/FCLK_CLK_unbuffered[0]
    BUFGCTRL_X0Y16       BUFG (Prop_bufg_I_O)         0.029     0.366 r  MLZedboard_i/processing_system7_0/inst/buffer_fclk_clk_0.FCLK_CLK_0_BUFG/O
                         net (fo=4704, routed)        0.905     1.271    MLZedboard_i/rst_ps7_0_100M/U0/EXT_LPF/ACTIVE_LOW_EXT.ACT_LO_EXT/slowest_sync_clk
    SLICE_X42Y114        FDRE                                         r  MLZedboard_i/rst_ps7_0_100M/U0/EXT_LPF/ACTIVE_LOW_EXT.ACT_LO_EXT/GENERATE_LEVEL_P_S_CDC.SINGLE_BIT.CROSS_PLEVEL_IN2SCNDRY_IN_cdc_to/C





--------------------------------------------------------------------------------------
Path Group:  (none)
From Clock:  
  To Clock:  clk_fpga_0

Max Delay            29 Endpoints
Min Delay            29 Endpoints
--------------------------------------------------------------------------------------


Max Delay Paths
--------------------------------------------------------------------------------------
Slack:                    inf
  Source:                 MLZedboard_i/inference_0/inst/grp_inference_Pipeline_VITIS_LOOP_41_1_fu_3207/mul_32s_34ns_65_1_1_U1/dout__1/ACOUT[16]
                            (internal pin)
  Destination:            MLZedboard_i/inference_0/inst/grp_inference_Pipeline_VITIS_LOOP_41_1_fu_3207/tmp_21_reg_23197_reg[5]/D
                            (rising edge-triggered cell FDRE clocked by clk_fpga_0  {rise@0.000ns fall@6.499ns period=12.999ns})
  Path Group:             (none)
  Path Type:              Setup (Max at Slow Process Corner)
  Data Path Delay:        6.410ns  (logic 5.331ns (83.164%)  route 1.079ns (16.836%))
  Logic Levels:           10  (CARRY4=8 DSP48E1=1 LUT2=1)
  Clock Uncertainty:      0.197ns  ((TSJ^2 + TIJ^2)^1/2 + DJ) / 2 + PE
    Total System Jitter     (TSJ):    0.050ns
    Total Input Jitter      (TIJ):    0.390ns
    Discrete Jitter          (DJ):    0.000ns
    Phase Error              (PE):    0.000ns

    Location             Delay type                Incr(ns)  Path(ns)    Netlist Resource(s)
  -------------------------------------------------------------------    -------------------
    DSP48_X3Y38          DSP48E1                      0.000     0.000 r  MLZedboard_i/inference_0/inst/grp_inference_Pipeline_VITIS_LOOP_41_1_fu_3207/mul_32s_34ns_65_1_1_U1/dout__1/ACOUT[16]
                         net (fo=1, routed)           0.002     0.002    MLZedboard_i/inference_0/inst/grp_inference_Pipeline_VITIS_LOOP_41_1_fu_3207/mul_32s_34ns_65_1_1_U1/dout__1_n_37
    DSP48_X3Y39          DSP48E1 (Prop_dsp48e1_ACIN[16]_P[0])
                                                      3.639     3.641 r  MLZedboard_i/inference_0/inst/grp_inference_Pipeline_VITIS_LOOP_41_1_fu_3207/mul_32s_34ns_65_1_1_U1/dout__2/P[0]
                         net (fo=2, routed)           1.076     4.717    MLZedboard_i/inference_0/inst/grp_inference_Pipeline_VITIS_LOOP_41_1_fu_3207/mul_32s_34ns_65_1_1_U1/dout__2_n_105
    SLICE_X81Y96         LUT2 (Prop_lut2_I0_O)        0.124     4.841 r  MLZedboard_i/inference_0/inst/grp_inference_Pipeline_VITIS_LOOP_41_1_fu_3207/mul_32s_34ns_65_1_1_U1/mul_ln1513_reg_23186[19]_i_4/O
                         net (fo=1, routed)           0.000     4.841    MLZedboard_i/inference_0/inst/grp_inference_Pipeline_VITIS_LOOP_41_1_fu_3207/mul_32s_34ns_65_1_1_U1/mul_ln1513_reg_23186[19]_i_4_n_0
    SLICE_X81Y96         CARRY4 (Prop_carry4_S[1]_CO[3])
                                                      0.550     5.391 r  MLZedboard_i/inference_0/inst/grp_inference_Pipeline_VITIS_LOOP_41_1_fu_3207/mul_32s_34ns_65_1_1_U1/mul_ln1513_reg_23186_reg[19]_i_1/CO[3]
                         net (fo=1, routed)           0.000     5.391    MLZedboard_i/inference_0/inst/grp_inference_Pipeline_VITIS_LOOP_41_1_fu_3207/mul_32s_34ns_65_1_1_U1/mul_ln1513_reg_23186_reg[19]_i_1_n_0
    SLICE_X81Y97         CARRY4 (Prop_carry4_CI_CO[3])
                                                      0.114     5.505 r  MLZedboard_i/inference_0/inst/grp_inference_Pipeline_VITIS_LOOP_41_1_fu_3207/mul_32s_34ns_65_1_1_U1/mul_ln1513_reg_23186_reg[23]_i_1/CO[3]
                         net (fo=1, routed)           0.000     5.505    MLZedboard_i/inference_0/inst/grp_inference_Pipeline_VITIS_LOOP_41_1_fu_3207/mul_32s_34ns_65_1_1_U1/mul_ln1513_reg_23186_reg[23]_i_1_n_0
    SLICE_X81Y98         CARRY4 (Prop_carry4_CI_CO[3])
                                                      0.114     5.619 r  MLZedboard_i/inference_0/inst/grp_inference_Pipeline_VITIS_LOOP_41_1_fu_3207/mul_32s_34ns_65_1_1_U1/mul_ln1513_reg_23186_reg[27]_i_1/CO[3]
                         net (fo=1, routed)           0.000     5.619    MLZedboard_i/inference_0/inst/grp_inference_Pipeline_VITIS_LOOP_41_1_fu_3207/mul_32s_34ns_65_1_1_U1/mul_ln1513_reg_23186_reg[27]_i_1_n_0
    SLICE_X81Y99         CARRY4 (Prop_carry4_CI_CO[3])
                                                      0.114     5.733 r  MLZedboard_i/inference_0/inst/grp_inference_Pipeline_VITIS_LOOP_41_1_fu_3207/mul_32s_34ns_65_1_1_U1/mul_ln1513_reg_23186_reg[31]_i_1/CO[3]
                         net (fo=1, routed)           0.001     5.734    MLZedboard_i/inference_0/inst/grp_inference_Pipeline_VITIS_LOOP_41_1_fu_3207/mul_32s_34ns_65_1_1_U1/mul_ln1513_reg_23186_reg[31]_i_1_n_0
    SLICE_X81Y100        CARRY4 (Prop_carry4_CI_CO[3])
                                                      0.114     5.848 r  MLZedboard_i/inference_0/inst/grp_inference_Pipeline_VITIS_LOOP_41_1_fu_3207/mul_32s_34ns_65_1_1_U1/mul_ln1513_reg_23186_reg[35]_i_1/CO[3]
                         net (fo=1, routed)           0.000     5.848    MLZedboard_i/inference_0/inst/grp_inference_Pipeline_VITIS_LOOP_41_1_fu_3207/mul_32s_34ns_65_1_1_U1/mul_ln1513_reg_23186_reg[35]_i_1_n_0
    SLICE_X81Y101        CARRY4 (Prop_carry4_CI_CO[3])
                                                      0.114     5.962 r  MLZedboard_i/inference_0/inst/grp_inference_Pipeline_VITIS_LOOP_41_1_fu_3207/mul_32s_34ns_65_1_1_U1/mul_ln1513_reg_23186_reg[39]_i_1/CO[3]
                         net (fo=1, routed)           0.000     5.962    MLZedboard_i/inference_0/inst/grp_inference_Pipeline_VITIS_LOOP_41_1_fu_3207/mul_32s_34ns_65_1_1_U1/mul_ln1513_reg_23186_reg[39]_i_1_n_0
    SLICE_X81Y102        CARRY4 (Prop_carry4_CI_CO[3])
                                                      0.114     6.076 r  MLZedboard_i/inference_0/inst/grp_inference_Pipeline_VITIS_LOOP_41_1_fu_3207/mul_32s_34ns_65_1_1_U1/mul_ln1513_reg_23186_reg[43]_i_1/CO[3]
                         net (fo=1, routed)           0.000     6.076    MLZedboard_i/inference_0/inst/grp_inference_Pipeline_VITIS_LOOP_41_1_fu_3207/mul_32s_34ns_65_1_1_U1/mul_ln1513_reg_23186_reg[43]_i_1_n_0
    SLICE_X81Y103        CARRY4 (Prop_carry4_CI_O[1])
                                                      0.334     6.410 r  MLZedboard_i/inference_0/inst/grp_inference_Pipeline_VITIS_LOOP_41_1_fu_3207/mul_32s_34ns_65_1_1_U1/mul_ln1513_reg_23186_reg[44]_i_1/O[1]
                         net (fo=1, routed)           0.000     6.410    MLZedboard_i/inference_0/inst/grp_inference_Pipeline_VITIS_LOOP_41_1_fu_3207/p_0_in[5]
    SLICE_X81Y103        FDRE                                         r  MLZedboard_i/inference_0/inst/grp_inference_Pipeline_VITIS_LOOP_41_1_fu_3207/tmp_21_reg_23197_reg[5]/D
  -------------------------------------------------------------------    -------------------

                         (clock clk_fpga_0 rise edge)
                                                      0.000     0.000 r  
    PS7_X0Y0             PS7                          0.000     0.000 r  MLZedboard_i/processing_system7_0/inst/PS7_i/FCLKCLK[0]
                         net (fo=1, routed)           1.088     1.088    MLZedboard_i/processing_system7_0/inst/FCLK_CLK_unbuffered[0]
    BUFGCTRL_X0Y16       BUFG (Prop_bufg_I_O)         0.091     1.179 r  MLZedboard_i/processing_system7_0/inst/buffer_fclk_clk_0.FCLK_CLK_0_BUFG/O
                         net (fo=4704, routed)        1.719     2.898    MLZedboard_i/inference_0/inst/grp_inference_Pipeline_VITIS_LOOP_41_1_fu_3207/ap_clk
    SLICE_X81Y103        FDRE                                         r  MLZedboard_i/inference_0/inst/grp_inference_Pipeline_VITIS_LOOP_41_1_fu_3207/tmp_21_reg_23197_reg[5]/C

Slack:                    inf
  Source:                 MLZedboard_i/inference_0/inst/grp_inference_Pipeline_VITIS_LOOP_41_1_fu_3207/mul_32s_34ns_65_1_1_U1/dout__1/ACOUT[16]
                            (internal pin)
  Destination:            MLZedboard_i/inference_0/inst/grp_inference_Pipeline_VITIS_LOOP_41_1_fu_3207/mul_ln1513_reg_23186_reg[44]/D
                            (rising edge-triggered cell FDRE clocked by clk_fpga_0  {rise@0.000ns fall@6.499ns period=12.999ns})
  Path Group:             (none)
  Path Type:              Setup (Max at Slow Process Corner)
  Data Path Delay:        6.299ns  (logic 5.220ns (82.868%)  route 1.079ns (17.132%))
  Logic Levels:           10  (CARRY4=8 DSP48E1=1 LUT2=1)
  Clock Uncertainty:      0.197ns  ((TSJ^2 + TIJ^2)^1/2 + DJ) / 2 + PE
    Total System Jitter     (TSJ):    0.050ns
    Total Input Jitter      (TIJ):    0.390ns
    Discrete Jitter          (DJ):    0.000ns
    Phase Error              (PE):    0.000ns

    Location             Delay type                Incr(ns)  Path(ns)    Netlist Resource(s)
  -------------------------------------------------------------------    -------------------
    DSP48_X3Y38          DSP48E1                      0.000     0.000 r  MLZedboard_i/inference_0/inst/grp_inference_Pipeline_VITIS_LOOP_41_1_fu_3207/mul_32s_34ns_65_1_1_U1/dout__1/ACOUT[16]
                         net (fo=1, routed)           0.002     0.002    MLZedboard_i/inference_0/inst/grp_inference_Pipeline_VITIS_LOOP_41_1_fu_3207/mul_32s_34ns_65_1_1_U1/dout__1_n_37
    DSP48_X3Y39          DSP48E1 (Prop_dsp48e1_ACIN[16]_P[0])
                                                      3.639     3.641 r  MLZedboard_i/inference_0/inst/grp_inference_Pipeline_VITIS_LOOP_41_1_fu_3207/mul_32s_34ns_65_1_1_U1/dout__2/P[0]
                         net (fo=2, routed)           1.076     4.717    MLZedboard_i/inference_0/inst/grp_inference_Pipeline_VITIS_LOOP_41_1_fu_3207/mul_32s_34ns_65_1_1_U1/dout__2_n_105
    SLICE_X81Y96         LUT2 (Prop_lut2_I0_O)        0.124     4.841 r  MLZedboard_i/inference_0/inst/grp_inference_Pipeline_VITIS_LOOP_41_1_fu_3207/mul_32s_34ns_65_1_1_U1/mul_ln1513_reg_23186[19]_i_4/O
                         net (fo=1, routed)           0.000     4.841    MLZedboard_i/inference_0/inst/grp_inference_Pipeline_VITIS_LOOP_41_1_fu_3207/mul_32s_34ns_65_1_1_U1/mul_ln1513_reg_23186[19]_i_4_n_0
    SLICE_X81Y96         CARRY4 (Prop_carry4_S[1]_CO[3])
                                                      0.550     5.391 r  MLZedboard_i/inference_0/inst/grp_inference_Pipeline_VITIS_LOOP_41_1_fu_3207/mul_32s_34ns_65_1_1_U1/mul_ln1513_reg_23186_reg[19]_i_1/CO[3]
                         net (fo=1, routed)           0.000     5.391    MLZedboard_i/inference_0/inst/grp_inference_Pipeline_VITIS_LOOP_41_1_fu_3207/mul_32s_34ns_65_1_1_U1/mul_ln1513_reg_23186_reg[19]_i_1_n_0
    SLICE_X81Y97         CARRY4 (Prop_carry4_CI_CO[3])
                                                      0.114     5.505 r  MLZedboard_i/inference_0/inst/grp_inference_Pipeline_VITIS_LOOP_41_1_fu_3207/mul_32s_34ns_65_1_1_U1/mul_ln1513_reg_23186_reg[23]_i_1/CO[3]
                         net (fo=1, routed)           0.000     5.505    MLZedboard_i/inference_0/inst/grp_inference_Pipeline_VITIS_LOOP_41_1_fu_3207/mul_32s_34ns_65_1_1_U1/mul_ln1513_reg_23186_reg[23]_i_1_n_0
    SLICE_X81Y98         CARRY4 (Prop_carry4_CI_CO[3])
                                                      0.114     5.619 r  MLZedboard_i/inference_0/inst/grp_inference_Pipeline_VITIS_LOOP_41_1_fu_3207/mul_32s_34ns_65_1_1_U1/mul_ln1513_reg_23186_reg[27]_i_1/CO[3]
                         net (fo=1, routed)           0.000     5.619    MLZedboard_i/inference_0/inst/grp_inference_Pipeline_VITIS_LOOP_41_1_fu_3207/mul_32s_34ns_65_1_1_U1/mul_ln1513_reg_23186_reg[27]_i_1_n_0
    SLICE_X81Y99         CARRY4 (Prop_carry4_CI_CO[3])
                                                      0.114     5.733 r  MLZedboard_i/inference_0/inst/grp_inference_Pipeline_VITIS_LOOP_41_1_fu_3207/mul_32s_34ns_65_1_1_U1/mul_ln1513_reg_23186_reg[31]_i_1/CO[3]
                         net (fo=1, routed)           0.001     5.734    MLZedboard_i/inference_0/inst/grp_inference_Pipeline_VITIS_LOOP_41_1_fu_3207/mul_32s_34ns_65_1_1_U1/mul_ln1513_reg_23186_reg[31]_i_1_n_0
    SLICE_X81Y100        CARRY4 (Prop_carry4_CI_CO[3])
                                                      0.114     5.848 r  MLZedboard_i/inference_0/inst/grp_inference_Pipeline_VITIS_LOOP_41_1_fu_3207/mul_32s_34ns_65_1_1_U1/mul_ln1513_reg_23186_reg[35]_i_1/CO[3]
                         net (fo=1, routed)           0.000     5.848    MLZedboard_i/inference_0/inst/grp_inference_Pipeline_VITIS_LOOP_41_1_fu_3207/mul_32s_34ns_65_1_1_U1/mul_ln1513_reg_23186_reg[35]_i_1_n_0
    SLICE_X81Y101        CARRY4 (Prop_carry4_CI_CO[3])
                                                      0.114     5.962 r  MLZedboard_i/inference_0/inst/grp_inference_Pipeline_VITIS_LOOP_41_1_fu_3207/mul_32s_34ns_65_1_1_U1/mul_ln1513_reg_23186_reg[39]_i_1/CO[3]
                         net (fo=1, routed)           0.000     5.962    MLZedboard_i/inference_0/inst/grp_inference_Pipeline_VITIS_LOOP_41_1_fu_3207/mul_32s_34ns_65_1_1_U1/mul_ln1513_reg_23186_reg[39]_i_1_n_0
    SLICE_X81Y102        CARRY4 (Prop_carry4_CI_CO[3])
                                                      0.114     6.076 r  MLZedboard_i/inference_0/inst/grp_inference_Pipeline_VITIS_LOOP_41_1_fu_3207/mul_32s_34ns_65_1_1_U1/mul_ln1513_reg_23186_reg[43]_i_1/CO[3]
                         net (fo=1, routed)           0.000     6.076    MLZedboard_i/inference_0/inst/grp_inference_Pipeline_VITIS_LOOP_41_1_fu_3207/mul_32s_34ns_65_1_1_U1/mul_ln1513_reg_23186_reg[43]_i_1_n_0
    SLICE_X81Y103        CARRY4 (Prop_carry4_CI_O[0])
                                                      0.223     6.299 r  MLZedboard_i/inference_0/inst/grp_inference_Pipeline_VITIS_LOOP_41_1_fu_3207/mul_32s_34ns_65_1_1_U1/mul_ln1513_reg_23186_reg[44]_i_1/O[0]
                         net (fo=1, routed)           0.000     6.299    MLZedboard_i/inference_0/inst/grp_inference_Pipeline_VITIS_LOOP_41_1_fu_3207/p_0_in[4]
    SLICE_X81Y103        FDRE                                         r  MLZedboard_i/inference_0/inst/grp_inference_Pipeline_VITIS_LOOP_41_1_fu_3207/mul_ln1513_reg_23186_reg[44]/D
  -------------------------------------------------------------------    -------------------

                         (clock clk_fpga_0 rise edge)
                                                      0.000     0.000 r  
    PS7_X0Y0             PS7                          0.000     0.000 r  MLZedboard_i/processing_system7_0/inst/PS7_i/FCLKCLK[0]
                         net (fo=1, routed)           1.088     1.088    MLZedboard_i/processing_system7_0/inst/FCLK_CLK_unbuffered[0]
    BUFGCTRL_X0Y16       BUFG (Prop_bufg_I_O)         0.091     1.179 r  MLZedboard_i/processing_system7_0/inst/buffer_fclk_clk_0.FCLK_CLK_0_BUFG/O
                         net (fo=4704, routed)        1.719     2.898    MLZedboard_i/inference_0/inst/grp_inference_Pipeline_VITIS_LOOP_41_1_fu_3207/ap_clk
    SLICE_X81Y103        FDRE                                         r  MLZedboard_i/inference_0/inst/grp_inference_Pipeline_VITIS_LOOP_41_1_fu_3207/mul_ln1513_reg_23186_reg[44]/C

Slack:                    inf
  Source:                 MLZedboard_i/inference_0/inst/grp_inference_Pipeline_VITIS_LOOP_41_1_fu_3207/mul_32s_34ns_65_1_1_U1/dout__1/ACOUT[16]
                            (internal pin)
  Destination:            MLZedboard_i/inference_0/inst/grp_inference_Pipeline_VITIS_LOOP_41_1_fu_3207/mul_ln1513_reg_23186_reg[41]/D
                            (rising edge-triggered cell FDRE clocked by clk_fpga_0  {rise@0.000ns fall@6.499ns period=12.999ns})
  Path Group:             (none)
  Path Type:              Setup (Max at Slow Process Corner)
  Data Path Delay:        6.296ns  (logic 5.217ns (82.860%)  route 1.079ns (17.140%))
  Logic Levels:           9  (CARRY4=7 DSP48E1=1 LUT2=1)
  Clock Uncertainty:      0.197ns  ((TSJ^2 + TIJ^2)^1/2 + DJ) / 2 + PE
    Total System Jitter     (TSJ):    0.050ns
    Total Input Jitter      (TIJ):    0.390ns
    Discrete Jitter          (DJ):    0.000ns
    Phase Error              (PE):    0.000ns

    Location             Delay type                Incr(ns)  Path(ns)    Netlist Resource(s)
  -------------------------------------------------------------------    -------------------
    DSP48_X3Y38          DSP48E1                      0.000     0.000 r  MLZedboard_i/inference_0/inst/grp_inference_Pipeline_VITIS_LOOP_41_1_fu_3207/mul_32s_34ns_65_1_1_U1/dout__1/ACOUT[16]
                         net (fo=1, routed)           0.002     0.002    MLZedboard_i/inference_0/inst/grp_inference_Pipeline_VITIS_LOOP_41_1_fu_3207/mul_32s_34ns_65_1_1_U1/dout__1_n_37
    DSP48_X3Y39          DSP48E1 (Prop_dsp48e1_ACIN[16]_P[0])
                                                      3.639     3.641 r  MLZedboard_i/inference_0/inst/grp_inference_Pipeline_VITIS_LOOP_41_1_fu_3207/mul_32s_34ns_65_1_1_U1/dout__2/P[0]
                         net (fo=2, routed)           1.076     4.717    MLZedboard_i/inference_0/inst/grp_inference_Pipeline_VITIS_LOOP_41_1_fu_3207/mul_32s_34ns_65_1_1_U1/dout__2_n_105
    SLICE_X81Y96         LUT2 (Prop_lut2_I0_O)        0.124     4.841 r  MLZedboard_i/inference_0/inst/grp_inference_Pipeline_VITIS_LOOP_41_1_fu_3207/mul_32s_34ns_65_1_1_U1/mul_ln1513_reg_23186[19]_i_4/O
                         net (fo=1, routed)           0.000     4.841    MLZedboard_i/inference_0/inst/grp_inference_Pipeline_VITIS_LOOP_41_1_fu_3207/mul_32s_34ns_65_1_1_U1/mul_ln1513_reg_23186[19]_i_4_n_0
    SLICE_X81Y96         CARRY4 (Prop_carry4_S[1]_CO[3])
                                                      0.550     5.391 r  MLZedboard_i/inference_0/inst/grp_inference_Pipeline_VITIS_LOOP_41_1_fu_3207/mul_32s_34ns_65_1_1_U1/mul_ln1513_reg_23186_reg[19]_i_1/CO[3]
                         net (fo=1, routed)           0.000     5.391    MLZedboard_i/inference_0/inst/grp_inference_Pipeline_VITIS_LOOP_41_1_fu_3207/mul_32s_34ns_65_1_1_U1/mul_ln1513_reg_23186_reg[19]_i_1_n_0
    SLICE_X81Y97         CARRY4 (Prop_carry4_CI_CO[3])
                                                      0.114     5.505 r  MLZedboard_i/inference_0/inst/grp_inference_Pipeline_VITIS_LOOP_41_1_fu_3207/mul_32s_34ns_65_1_1_U1/mul_ln1513_reg_23186_reg[23]_i_1/CO[3]
                         net (fo=1, routed)           0.000     5.505    MLZedboard_i/inference_0/inst/grp_inference_Pipeline_VITIS_LOOP_41_1_fu_3207/mul_32s_34ns_65_1_1_U1/mul_ln1513_reg_23186_reg[23]_i_1_n_0
    SLICE_X81Y98         CARRY4 (Prop_carry4_CI_CO[3])
                                                      0.114     5.619 r  MLZedboard_i/inference_0/inst/grp_inference_Pipeline_VITIS_LOOP_41_1_fu_3207/mul_32s_34ns_65_1_1_U1/mul_ln1513_reg_23186_reg[27]_i_1/CO[3]
                         net (fo=1, routed)           0.000     5.619    MLZedboard_i/inference_0/inst/grp_inference_Pipeline_VITIS_LOOP_41_1_fu_3207/mul_32s_34ns_65_1_1_U1/mul_ln1513_reg_23186_reg[27]_i_1_n_0
    SLICE_X81Y99         CARRY4 (Prop_carry4_CI_CO[3])
                                                      0.114     5.733 r  MLZedboard_i/inference_0/inst/grp_inference_Pipeline_VITIS_LOOP_41_1_fu_3207/mul_32s_34ns_65_1_1_U1/mul_ln1513_reg_23186_reg[31]_i_1/CO[3]
                         net (fo=1, routed)           0.001     5.734    MLZedboard_i/inference_0/inst/grp_inference_Pipeline_VITIS_LOOP_41_1_fu_3207/mul_32s_34ns_65_1_1_U1/mul_ln1513_reg_23186_reg[31]_i_1_n_0
    SLICE_X81Y100        CARRY4 (Prop_carry4_CI_CO[3])
                                                      0.114     5.848 r  MLZedboard_i/inference_0/inst/grp_inference_Pipeline_VITIS_LOOP_41_1_fu_3207/mul_32s_34ns_65_1_1_U1/mul_ln1513_reg_23186_reg[35]_i_1/CO[3]
                         net (fo=1, routed)           0.000     5.848    MLZedboard_i/inference_0/inst/grp_inference_Pipeline_VITIS_LOOP_41_1_fu_3207/mul_32s_34ns_65_1_1_U1/mul_ln1513_reg_23186_reg[35]_i_1_n_0
    SLICE_X81Y101        CARRY4 (Prop_carry4_CI_CO[3])
                                                      0.114     5.962 r  MLZedboard_i/inference_0/inst/grp_inference_Pipeline_VITIS_LOOP_41_1_fu_3207/mul_32s_34ns_65_1_1_U1/mul_ln1513_reg_23186_reg[39]_i_1/CO[3]
                         net (fo=1, routed)           0.000     5.962    MLZedboard_i/inference_0/inst/grp_inference_Pipeline_VITIS_LOOP_41_1_fu_3207/mul_32s_34ns_65_1_1_U1/mul_ln1513_reg_23186_reg[39]_i_1_n_0
    SLICE_X81Y102        CARRY4 (Prop_carry4_CI_O[1])
                                                      0.334     6.296 r  MLZedboard_i/inference_0/inst/grp_inference_Pipeline_VITIS_LOOP_41_1_fu_3207/mul_32s_34ns_65_1_1_U1/mul_ln1513_reg_23186_reg[43]_i_1/O[1]
                         net (fo=1, routed)           0.000     6.296    MLZedboard_i/inference_0/inst/grp_inference_Pipeline_VITIS_LOOP_41_1_fu_3207/p_0_in[1]
    SLICE_X81Y102        FDRE                                         r  MLZedboard_i/inference_0/inst/grp_inference_Pipeline_VITIS_LOOP_41_1_fu_3207/mul_ln1513_reg_23186_reg[41]/D
  -------------------------------------------------------------------    -------------------

                         (clock clk_fpga_0 rise edge)
                                                      0.000     0.000 r  
    PS7_X0Y0             PS7                          0.000     0.000 r  MLZedboard_i/processing_system7_0/inst/PS7_i/FCLKCLK[0]
                         net (fo=1, routed)           1.088     1.088    MLZedboard_i/processing_system7_0/inst/FCLK_CLK_unbuffered[0]
    BUFGCTRL_X0Y16       BUFG (Prop_bufg_I_O)         0.091     1.179 r  MLZedboard_i/processing_system7_0/inst/buffer_fclk_clk_0.FCLK_CLK_0_BUFG/O
                         net (fo=4704, routed)        1.720     2.899    MLZedboard_i/inference_0/inst/grp_inference_Pipeline_VITIS_LOOP_41_1_fu_3207/ap_clk
    SLICE_X81Y102        FDRE                                         r  MLZedboard_i/inference_0/inst/grp_inference_Pipeline_VITIS_LOOP_41_1_fu_3207/mul_ln1513_reg_23186_reg[41]/C

Slack:                    inf
  Source:                 MLZedboard_i/inference_0/inst/grp_inference_Pipeline_VITIS_LOOP_41_1_fu_3207/mul_32s_34ns_65_1_1_U1/dout__1/ACOUT[16]
                            (internal pin)
  Destination:            MLZedboard_i/inference_0/inst/grp_inference_Pipeline_VITIS_LOOP_41_1_fu_3207/mul_ln1513_reg_23186_reg[43]/D
                            (rising edge-triggered cell FDRE clocked by clk_fpga_0  {rise@0.000ns fall@6.499ns period=12.999ns})
  Path Group:             (none)
  Path Type:              Setup (Max at Slow Process Corner)
  Data Path Delay:        6.275ns  (logic 5.196ns (82.802%)  route 1.079ns (17.198%))
  Logic Levels:           9  (CARRY4=7 DSP48E1=1 LUT2=1)
  Clock Uncertainty:      0.197ns  ((TSJ^2 + TIJ^2)^1/2 + DJ) / 2 + PE
    Total System Jitter     (TSJ):    0.050ns
    Total Input Jitter      (TIJ):    0.390ns
    Discrete Jitter          (DJ):    0.000ns
    Phase Error              (PE):    0.000ns

    Location             Delay type                Incr(ns)  Path(ns)    Netlist Resource(s)
  -------------------------------------------------------------------    -------------------
    DSP48_X3Y38          DSP48E1                      0.000     0.000 r  MLZedboard_i/inference_0/inst/grp_inference_Pipeline_VITIS_LOOP_41_1_fu_3207/mul_32s_34ns_65_1_1_U1/dout__1/ACOUT[16]
                         net (fo=1, routed)           0.002     0.002    MLZedboard_i/inference_0/inst/grp_inference_Pipeline_VITIS_LOOP_41_1_fu_3207/mul_32s_34ns_65_1_1_U1/dout__1_n_37
    DSP48_X3Y39          DSP48E1 (Prop_dsp48e1_ACIN[16]_P[0])
                                                      3.639     3.641 r  MLZedboard_i/inference_0/inst/grp_inference_Pipeline_VITIS_LOOP_41_1_fu_3207/mul_32s_34ns_65_1_1_U1/dout__2/P[0]
                         net (fo=2, routed)           1.076     4.717    MLZedboard_i/inference_0/inst/grp_inference_Pipeline_VITIS_LOOP_41_1_fu_3207/mul_32s_34ns_65_1_1_U1/dout__2_n_105
    SLICE_X81Y96         LUT2 (Prop_lut2_I0_O)        0.124     4.841 r  MLZedboard_i/inference_0/inst/grp_inference_Pipeline_VITIS_LOOP_41_1_fu_3207/mul_32s_34ns_65_1_1_U1/mul_ln1513_reg_23186[19]_i_4/O
                         net (fo=1, routed)           0.000     4.841    MLZedboard_i/inference_0/inst/grp_inference_Pipeline_VITIS_LOOP_41_1_fu_3207/mul_32s_34ns_65_1_1_U1/mul_ln1513_reg_23186[19]_i_4_n_0
    SLICE_X81Y96         CARRY4 (Prop_carry4_S[1]_CO[3])
                                                      0.550     5.391 r  MLZedboard_i/inference_0/inst/grp_inference_Pipeline_VITIS_LOOP_41_1_fu_3207/mul_32s_34ns_65_1_1_U1/mul_ln1513_reg_23186_reg[19]_i_1/CO[3]
                         net (fo=1, routed)           0.000     5.391    MLZedboard_i/inference_0/inst/grp_inference_Pipeline_VITIS_LOOP_41_1_fu_3207/mul_32s_34ns_65_1_1_U1/mul_ln1513_reg_23186_reg[19]_i_1_n_0
    SLICE_X81Y97         CARRY4 (Prop_carry4_CI_CO[3])
                                                      0.114     5.505 r  MLZedboard_i/inference_0/inst/grp_inference_Pipeline_VITIS_LOOP_41_1_fu_3207/mul_32s_34ns_65_1_1_U1/mul_ln1513_reg_23186_reg[23]_i_1/CO[3]
                         net (fo=1, routed)           0.000     5.505    MLZedboard_i/inference_0/inst/grp_inference_Pipeline_VITIS_LOOP_41_1_fu_3207/mul_32s_34ns_65_1_1_U1/mul_ln1513_reg_23186_reg[23]_i_1_n_0
    SLICE_X81Y98         CARRY4 (Prop_carry4_CI_CO[3])
                                                      0.114     5.619 r  MLZedboard_i/inference_0/inst/grp_inference_Pipeline_VITIS_LOOP_41_1_fu_3207/mul_32s_34ns_65_1_1_U1/mul_ln1513_reg_23186_reg[27]_i_1/CO[3]
                         net (fo=1, routed)           0.000     5.619    MLZedboard_i/inference_0/inst/grp_inference_Pipeline_VITIS_LOOP_41_1_fu_3207/mul_32s_34ns_65_1_1_U1/mul_ln1513_reg_23186_reg[27]_i_1_n_0
    SLICE_X81Y99         CARRY4 (Prop_carry4_CI_CO[3])
                                                      0.114     5.733 r  MLZedboard_i/inference_0/inst/grp_inference_Pipeline_VITIS_LOOP_41_1_fu_3207/mul_32s_34ns_65_1_1_U1/mul_ln1513_reg_23186_reg[31]_i_1/CO[3]
                         net (fo=1, routed)           0.001     5.734    MLZedboard_i/inference_0/inst/grp_inference_Pipeline_VITIS_LOOP_41_1_fu_3207/mul_32s_34ns_65_1_1_U1/mul_ln1513_reg_23186_reg[31]_i_1_n_0
    SLICE_X81Y100        CARRY4 (Prop_carry4_CI_CO[3])
                                                      0.114     5.848 r  MLZedboard_i/inference_0/inst/grp_inference_Pipeline_VITIS_LOOP_41_1_fu_3207/mul_32s_34ns_65_1_1_U1/mul_ln1513_reg_23186_reg[35]_i_1/CO[3]
                         net (fo=1, routed)           0.000     5.848    MLZedboard_i/inference_0/inst/grp_inference_Pipeline_VITIS_LOOP_41_1_fu_3207/mul_32s_34ns_65_1_1_U1/mul_ln1513_reg_23186_reg[35]_i_1_n_0
    SLICE_X81Y101        CARRY4 (Prop_carry4_CI_CO[3])
                                                      0.114     5.962 r  MLZedboard_i/inference_0/inst/grp_inference_Pipeline_VITIS_LOOP_41_1_fu_3207/mul_32s_34ns_65_1_1_U1/mul_ln1513_reg_23186_reg[39]_i_1/CO[3]
                         net (fo=1, routed)           0.000     5.962    MLZedboard_i/inference_0/inst/grp_inference_Pipeline_VITIS_LOOP_41_1_fu_3207/mul_32s_34ns_65_1_1_U1/mul_ln1513_reg_23186_reg[39]_i_1_n_0
    SLICE_X81Y102        CARRY4 (Prop_carry4_CI_O[3])
                                                      0.313     6.275 r  MLZedboard_i/inference_0/inst/grp_inference_Pipeline_VITIS_LOOP_41_1_fu_3207/mul_32s_34ns_65_1_1_U1/mul_ln1513_reg_23186_reg[43]_i_1/O[3]
                         net (fo=1, routed)           0.000     6.275    MLZedboard_i/inference_0/inst/grp_inference_Pipeline_VITIS_LOOP_41_1_fu_3207/p_0_in[3]
    SLICE_X81Y102        FDRE                                         r  MLZedboard_i/inference_0/inst/grp_inference_Pipeline_VITIS_LOOP_41_1_fu_3207/mul_ln1513_reg_23186_reg[43]/D
  -------------------------------------------------------------------    -------------------

                         (clock clk_fpga_0 rise edge)
                                                      0.000     0.000 r  
    PS7_X0Y0             PS7                          0.000     0.000 r  MLZedboard_i/processing_system7_0/inst/PS7_i/FCLKCLK[0]
                         net (fo=1, routed)           1.088     1.088    MLZedboard_i/processing_system7_0/inst/FCLK_CLK_unbuffered[0]
    BUFGCTRL_X0Y16       BUFG (Prop_bufg_I_O)         0.091     1.179 r  MLZedboard_i/processing_system7_0/inst/buffer_fclk_clk_0.FCLK_CLK_0_BUFG/O
                         net (fo=4704, routed)        1.720     2.899    MLZedboard_i/inference_0/inst/grp_inference_Pipeline_VITIS_LOOP_41_1_fu_3207/ap_clk
    SLICE_X81Y102        FDRE                                         r  MLZedboard_i/inference_0/inst/grp_inference_Pipeline_VITIS_LOOP_41_1_fu_3207/mul_ln1513_reg_23186_reg[43]/C

Slack:                    inf
  Source:                 MLZedboard_i/inference_0/inst/grp_inference_Pipeline_VITIS_LOOP_41_1_fu_3207/mul_32s_34ns_65_1_1_U1/dout__1/ACOUT[16]
                            (internal pin)
  Destination:            MLZedboard_i/inference_0/inst/grp_inference_Pipeline_VITIS_LOOP_41_1_fu_3207/mul_ln1513_reg_23186_reg[42]/D
                            (rising edge-triggered cell FDRE clocked by clk_fpga_0  {rise@0.000ns fall@6.499ns period=12.999ns})
  Path Group:             (none)
  Path Type:              Setup (Max at Slow Process Corner)
  Data Path Delay:        6.201ns  (logic 5.122ns (82.597%)  route 1.079ns (17.403%))
  Logic Levels:           9  (CARRY4=7 DSP48E1=1 LUT2=1)
  Clock Uncertainty:      0.197ns  ((TSJ^2 + TIJ^2)^1/2 + DJ) / 2 + PE
    Total System Jitter     (TSJ):    0.050ns
    Total Input Jitter      (TIJ):    0.390ns
    Discrete Jitter          (DJ):    0.000ns
    Phase Error              (PE):    0.000ns

    Location             Delay type                Incr(ns)  Path(ns)    Netlist Resource(s)
  -------------------------------------------------------------------    -------------------
    DSP48_X3Y38          DSP48E1                      0.000     0.000 r  MLZedboard_i/inference_0/inst/grp_inference_Pipeline_VITIS_LOOP_41_1_fu_3207/mul_32s_34ns_65_1_1_U1/dout__1/ACOUT[16]
                         net (fo=1, routed)           0.002     0.002    MLZedboard_i/inference_0/inst/grp_inference_Pipeline_VITIS_LOOP_41_1_fu_3207/mul_32s_34ns_65_1_1_U1/dout__1_n_37
    DSP48_X3Y39          DSP48E1 (Prop_dsp48e1_ACIN[16]_P[0])
                                                      3.639     3.641 r  MLZedboard_i/inference_0/inst/grp_inference_Pipeline_VITIS_LOOP_41_1_fu_3207/mul_32s_34ns_65_1_1_U1/dout__2/P[0]
                         net (fo=2, routed)           1.076     4.717    MLZedboard_i/inference_0/inst/grp_inference_Pipeline_VITIS_LOOP_41_1_fu_3207/mul_32s_34ns_65_1_1_U1/dout__2_n_105
    SLICE_X81Y96         LUT2 (Prop_lut2_I0_O)        0.124     4.841 r  MLZedboard_i/inference_0/inst/grp_inference_Pipeline_VITIS_LOOP_41_1_fu_3207/mul_32s_34ns_65_1_1_U1/mul_ln1513_reg_23186[19]_i_4/O
                         net (fo=1, routed)           0.000     4.841    MLZedboard_i/inference_0/inst/grp_inference_Pipeline_VITIS_LOOP_41_1_fu_3207/mul_32s_34ns_65_1_1_U1/mul_ln1513_reg_23186[19]_i_4_n_0
    SLICE_X81Y96         CARRY4 (Prop_carry4_S[1]_CO[3])
                                                      0.550     5.391 r  MLZedboard_i/inference_0/inst/grp_inference_Pipeline_VITIS_LOOP_41_1_fu_3207/mul_32s_34ns_65_1_1_U1/mul_ln1513_reg_23186_reg[19]_i_1/CO[3]
                         net (fo=1, routed)           0.000     5.391    MLZedboard_i/inference_0/inst/grp_inference_Pipeline_VITIS_LOOP_41_1_fu_3207/mul_32s_34ns_65_1_1_U1/mul_ln1513_reg_23186_reg[19]_i_1_n_0
    SLICE_X81Y97         CARRY4 (Prop_carry4_CI_CO[3])
                                                      0.114     5.505 r  MLZedboard_i/inference_0/inst/grp_inference_Pipeline_VITIS_LOOP_41_1_fu_3207/mul_32s_34ns_65_1_1_U1/mul_ln1513_reg_23186_reg[23]_i_1/CO[3]
                         net (fo=1, routed)           0.000     5.505    MLZedboard_i/inference_0/inst/grp_inference_Pipeline_VITIS_LOOP_41_1_fu_3207/mul_32s_34ns_65_1_1_U1/mul_ln1513_reg_23186_reg[23]_i_1_n_0
    SLICE_X81Y98         CARRY4 (Prop_carry4_CI_CO[3])
                                                      0.114     5.619 r  MLZedboard_i/inference_0/inst/grp_inference_Pipeline_VITIS_LOOP_41_1_fu_3207/mul_32s_34ns_65_1_1_U1/mul_ln1513_reg_23186_reg[27]_i_1/CO[3]
                         net (fo=1, routed)           0.000     5.619    MLZedboard_i/inference_0/inst/grp_inference_Pipeline_VITIS_LOOP_41_1_fu_3207/mul_32s_34ns_65_1_1_U1/mul_ln1513_reg_23186_reg[27]_i_1_n_0
    SLICE_X81Y99         CARRY4 (Prop_carry4_CI_CO[3])
                                                      0.114     5.733 r  MLZedboard_i/inference_0/inst/grp_inference_Pipeline_VITIS_LOOP_41_1_fu_3207/mul_32s_34ns_65_1_1_U1/mul_ln1513_reg_23186_reg[31]_i_1/CO[3]
                         net (fo=1, routed)           0.001     5.734    MLZedboard_i/inference_0/inst/grp_inference_Pipeline_VITIS_LOOP_41_1_fu_3207/mul_32s_34ns_65_1_1_U1/mul_ln1513_reg_23186_reg[31]_i_1_n_0
    SLICE_X81Y100        CARRY4 (Prop_carry4_CI_CO[3])
                                                      0.114     5.848 r  MLZedboard_i/inference_0/inst/grp_inference_Pipeline_VITIS_LOOP_41_1_fu_3207/mul_32s_34ns_65_1_1_U1/mul_ln1513_reg_23186_reg[35]_i_1/CO[3]
                         net (fo=1, routed)           0.000     5.848    MLZedboard_i/inference_0/inst/grp_inference_Pipeline_VITIS_LOOP_41_1_fu_3207/mul_32s_34ns_65_1_1_U1/mul_ln1513_reg_23186_reg[35]_i_1_n_0
    SLICE_X81Y101        CARRY4 (Prop_carry4_CI_CO[3])
                                                      0.114     5.962 r  MLZedboard_i/inference_0/inst/grp_inference_Pipeline_VITIS_LOOP_41_1_fu_3207/mul_32s_34ns_65_1_1_U1/mul_ln1513_reg_23186_reg[39]_i_1/CO[3]
                         net (fo=1, routed)           0.000     5.962    MLZedboard_i/inference_0/inst/grp_inference_Pipeline_VITIS_LOOP_41_1_fu_3207/mul_32s_34ns_65_1_1_U1/mul_ln1513_reg_23186_reg[39]_i_1_n_0
    SLICE_X81Y102        CARRY4 (Prop_carry4_CI_O[2])
                                                      0.239     6.201 r  MLZedboard_i/inference_0/inst/grp_inference_Pipeline_VITIS_LOOP_41_1_fu_3207/mul_32s_34ns_65_1_1_U1/mul_ln1513_reg_23186_reg[43]_i_1/O[2]
                         net (fo=1, routed)           0.000     6.201    MLZedboard_i/inference_0/inst/grp_inference_Pipeline_VITIS_LOOP_41_1_fu_3207/p_0_in[2]
    SLICE_X81Y102        FDRE                                         r  MLZedboard_i/inference_0/inst/grp_inference_Pipeline_VITIS_LOOP_41_1_fu_3207/mul_ln1513_reg_23186_reg[42]/D
  -------------------------------------------------------------------    -------------------

                         (clock clk_fpga_0 rise edge)
                                                      0.000     0.000 r  
    PS7_X0Y0             PS7                          0.000     0.000 r  MLZedboard_i/processing_system7_0/inst/PS7_i/FCLKCLK[0]
                         net (fo=1, routed)           1.088     1.088    MLZedboard_i/processing_system7_0/inst/FCLK_CLK_unbuffered[0]
    BUFGCTRL_X0Y16       BUFG (Prop_bufg_I_O)         0.091     1.179 r  MLZedboard_i/processing_system7_0/inst/buffer_fclk_clk_0.FCLK_CLK_0_BUFG/O
                         net (fo=4704, routed)        1.720     2.899    MLZedboard_i/inference_0/inst/grp_inference_Pipeline_VITIS_LOOP_41_1_fu_3207/ap_clk
    SLICE_X81Y102        FDRE                                         r  MLZedboard_i/inference_0/inst/grp_inference_Pipeline_VITIS_LOOP_41_1_fu_3207/mul_ln1513_reg_23186_reg[42]/C

Slack:                    inf
  Source:                 MLZedboard_i/inference_0/inst/grp_inference_Pipeline_VITIS_LOOP_41_1_fu_3207/mul_32s_34ns_65_1_1_U1/dout__1/ACOUT[16]
                            (internal pin)
  Destination:            MLZedboard_i/inference_0/inst/grp_inference_Pipeline_VITIS_LOOP_41_1_fu_3207/mul_ln1513_reg_23186_reg[40]/D
                            (rising edge-triggered cell FDRE clocked by clk_fpga_0  {rise@0.000ns fall@6.499ns period=12.999ns})
  Path Group:             (none)
  Path Type:              Setup (Max at Slow Process Corner)
  Data Path Delay:        6.185ns  (logic 5.106ns (82.552%)  route 1.079ns (17.448%))
  Logic Levels:           9  (CARRY4=7 DSP48E1=1 LUT2=1)
  Clock Uncertainty:      0.197ns  ((TSJ^2 + TIJ^2)^1/2 + DJ) / 2 + PE
    Total System Jitter     (TSJ):    0.050ns
    Total Input Jitter      (TIJ):    0.390ns
    Discrete Jitter          (DJ):    0.000ns
    Phase Error              (PE):    0.000ns

    Location             Delay type                Incr(ns)  Path(ns)    Netlist Resource(s)
  -------------------------------------------------------------------    -------------------
    DSP48_X3Y38          DSP48E1                      0.000     0.000 r  MLZedboard_i/inference_0/inst/grp_inference_Pipeline_VITIS_LOOP_41_1_fu_3207/mul_32s_34ns_65_1_1_U1/dout__1/ACOUT[16]
                         net (fo=1, routed)           0.002     0.002    MLZedboard_i/inference_0/inst/grp_inference_Pipeline_VITIS_LOOP_41_1_fu_3207/mul_32s_34ns_65_1_1_U1/dout__1_n_37
    DSP48_X3Y39          DSP48E1 (Prop_dsp48e1_ACIN[16]_P[0])
                                                      3.639     3.641 r  MLZedboard_i/inference_0/inst/grp_inference_Pipeline_VITIS_LOOP_41_1_fu_3207/mul_32s_34ns_65_1_1_U1/dout__2/P[0]
                         net (fo=2, routed)           1.076     4.717    MLZedboard_i/inference_0/inst/grp_inference_Pipeline_VITIS_LOOP_41_1_fu_3207/mul_32s_34ns_65_1_1_U1/dout__2_n_105
    SLICE_X81Y96         LUT2 (Prop_lut2_I0_O)        0.124     4.841 r  MLZedboard_i/inference_0/inst/grp_inference_Pipeline_VITIS_LOOP_41_1_fu_3207/mul_32s_34ns_65_1_1_U1/mul_ln1513_reg_23186[19]_i_4/O
                         net (fo=1, routed)           0.000     4.841    MLZedboard_i/inference_0/inst/grp_inference_Pipeline_VITIS_LOOP_41_1_fu_3207/mul_32s_34ns_65_1_1_U1/mul_ln1513_reg_23186[19]_i_4_n_0
    SLICE_X81Y96         CARRY4 (Prop_carry4_S[1]_CO[3])
                                                      0.550     5.391 r  MLZedboard_i/inference_0/inst/grp_inference_Pipeline_VITIS_LOOP_41_1_fu_3207/mul_32s_34ns_65_1_1_U1/mul_ln1513_reg_23186_reg[19]_i_1/CO[3]
                         net (fo=1, routed)           0.000     5.391    MLZedboard_i/inference_0/inst/grp_inference_Pipeline_VITIS_LOOP_41_1_fu_3207/mul_32s_34ns_65_1_1_U1/mul_ln1513_reg_23186_reg[19]_i_1_n_0
    SLICE_X81Y97         CARRY4 (Prop_carry4_CI_CO[3])
                                                      0.114     5.505 r  MLZedboard_i/inference_0/inst/grp_inference_Pipeline_VITIS_LOOP_41_1_fu_3207/mul_32s_34ns_65_1_1_U1/mul_ln1513_reg_23186_reg[23]_i_1/CO[3]
                         net (fo=1, routed)           0.000     5.505    MLZedboard_i/inference_0/inst/grp_inference_Pipeline_VITIS_LOOP_41_1_fu_3207/mul_32s_34ns_65_1_1_U1/mul_ln1513_reg_23186_reg[23]_i_1_n_0
    SLICE_X81Y98         CARRY4 (Prop_carry4_CI_CO[3])
                                                      0.114     5.619 r  MLZedboard_i/inference_0/inst/grp_inference_Pipeline_VITIS_LOOP_41_1_fu_3207/mul_32s_34ns_65_1_1_U1/mul_ln1513_reg_23186_reg[27]_i_1/CO[3]
                         net (fo=1, routed)           0.000     5.619    MLZedboard_i/inference_0/inst/grp_inference_Pipeline_VITIS_LOOP_41_1_fu_3207/mul_32s_34ns_65_1_1_U1/mul_ln1513_reg_23186_reg[27]_i_1_n_0
    SLICE_X81Y99         CARRY4 (Prop_carry4_CI_CO[3])
                                                      0.114     5.733 r  MLZedboard_i/inference_0/inst/grp_inference_Pipeline_VITIS_LOOP_41_1_fu_3207/mul_32s_34ns_65_1_1_U1/mul_ln1513_reg_23186_reg[31]_i_1/CO[3]
                         net (fo=1, routed)           0.001     5.734    MLZedboard_i/inference_0/inst/grp_inference_Pipeline_VITIS_LOOP_41_1_fu_3207/mul_32s_34ns_65_1_1_U1/mul_ln1513_reg_23186_reg[31]_i_1_n_0
    SLICE_X81Y100        CARRY4 (Prop_carry4_CI_CO[3])
                                                      0.114     5.848 r  MLZedboard_i/inference_0/inst/grp_inference_Pipeline_VITIS_LOOP_41_1_fu_3207/mul_32s_34ns_65_1_1_U1/mul_ln1513_reg_23186_reg[35]_i_1/CO[3]
                         net (fo=1, routed)           0.000     5.848    MLZedboard_i/inference_0/inst/grp_inference_Pipeline_VITIS_LOOP_41_1_fu_3207/mul_32s_34ns_65_1_1_U1/mul_ln1513_reg_23186_reg[35]_i_1_n_0
    SLICE_X81Y101        CARRY4 (Prop_carry4_CI_CO[3])
                                                      0.114     5.962 r  MLZedboard_i/inference_0/inst/grp_inference_Pipeline_VITIS_LOOP_41_1_fu_3207/mul_32s_34ns_65_1_1_U1/mul_ln1513_reg_23186_reg[39]_i_1/CO[3]
                         net (fo=1, routed)           0.000     5.962    MLZedboard_i/inference_0/inst/grp_inference_Pipeline_VITIS_LOOP_41_1_fu_3207/mul_32s_34ns_65_1_1_U1/mul_ln1513_reg_23186_reg[39]_i_1_n_0
    SLICE_X81Y102        CARRY4 (Prop_carry4_CI_O[0])
                                                      0.223     6.185 r  MLZedboard_i/inference_0/inst/grp_inference_Pipeline_VITIS_LOOP_41_1_fu_3207/mul_32s_34ns_65_1_1_U1/mul_ln1513_reg_23186_reg[43]_i_1/O[0]
                         net (fo=1, routed)           0.000     6.185    MLZedboard_i/inference_0/inst/grp_inference_Pipeline_VITIS_LOOP_41_1_fu_3207/p_0_in[0]
    SLICE_X81Y102        FDRE                                         r  MLZedboard_i/inference_0/inst/grp_inference_Pipeline_VITIS_LOOP_41_1_fu_3207/mul_ln1513_reg_23186_reg[40]/D
  -------------------------------------------------------------------    -------------------

                         (clock clk_fpga_0 rise edge)
                                                      0.000     0.000 r  
    PS7_X0Y0             PS7                          0.000     0.000 r  MLZedboard_i/processing_system7_0/inst/PS7_i/FCLKCLK[0]
                         net (fo=1, routed)           1.088     1.088    MLZedboard_i/processing_system7_0/inst/FCLK_CLK_unbuffered[0]
    BUFGCTRL_X0Y16       BUFG (Prop_bufg_I_O)         0.091     1.179 r  MLZedboard_i/processing_system7_0/inst/buffer_fclk_clk_0.FCLK_CLK_0_BUFG/O
                         net (fo=4704, routed)        1.720     2.899    MLZedboard_i/inference_0/inst/grp_inference_Pipeline_VITIS_LOOP_41_1_fu_3207/ap_clk
    SLICE_X81Y102        FDRE                                         r  MLZedboard_i/inference_0/inst/grp_inference_Pipeline_VITIS_LOOP_41_1_fu_3207/mul_ln1513_reg_23186_reg[40]/C

Slack:                    inf
  Source:                 MLZedboard_i/inference_0/inst/grp_inference_Pipeline_VITIS_LOOP_41_1_fu_3207/mul_32s_34ns_65_1_1_U1/dout__1/ACOUT[16]
                            (internal pin)
  Destination:            MLZedboard_i/inference_0/inst/grp_inference_Pipeline_VITIS_LOOP_41_1_fu_3207/mul_ln1513_reg_23186_reg[37]/D
                            (rising edge-triggered cell FDRE clocked by clk_fpga_0  {rise@0.000ns fall@6.499ns period=12.999ns})
  Path Group:             (none)
  Path Type:              Setup (Max at Slow Process Corner)
  Data Path Delay:        6.182ns  (logic 5.103ns (82.544%)  route 1.079ns (17.456%))
  Logic Levels:           8  (CARRY4=6 DSP48E1=1 LUT2=1)
  Clock Uncertainty:      0.197ns  ((TSJ^2 + TIJ^2)^1/2 + DJ) / 2 + PE
    Total System Jitter     (TSJ):    0.050ns
    Total Input Jitter      (TIJ):    0.390ns
    Discrete Jitter          (DJ):    0.000ns
    Phase Error              (PE):    0.000ns

    Location             Delay type                Incr(ns)  Path(ns)    Netlist Resource(s)
  -------------------------------------------------------------------    -------------------
    DSP48_X3Y38          DSP48E1                      0.000     0.000 r  MLZedboard_i/inference_0/inst/grp_inference_Pipeline_VITIS_LOOP_41_1_fu_3207/mul_32s_34ns_65_1_1_U1/dout__1/ACOUT[16]
                         net (fo=1, routed)           0.002     0.002    MLZedboard_i/inference_0/inst/grp_inference_Pipeline_VITIS_LOOP_41_1_fu_3207/mul_32s_34ns_65_1_1_U1/dout__1_n_37
    DSP48_X3Y39          DSP48E1 (Prop_dsp48e1_ACIN[16]_P[0])
                                                      3.639     3.641 r  MLZedboard_i/inference_0/inst/grp_inference_Pipeline_VITIS_LOOP_41_1_fu_3207/mul_32s_34ns_65_1_1_U1/dout__2/P[0]
                         net (fo=2, routed)           1.076     4.717    MLZedboard_i/inference_0/inst/grp_inference_Pipeline_VITIS_LOOP_41_1_fu_3207/mul_32s_34ns_65_1_1_U1/dout__2_n_105
    SLICE_X81Y96         LUT2 (Prop_lut2_I0_O)        0.124     4.841 r  MLZedboard_i/inference_0/inst/grp_inference_Pipeline_VITIS_LOOP_41_1_fu_3207/mul_32s_34ns_65_1_1_U1/mul_ln1513_reg_23186[19]_i_4/O
                         net (fo=1, routed)           0.000     4.841    MLZedboard_i/inference_0/inst/grp_inference_Pipeline_VITIS_LOOP_41_1_fu_3207/mul_32s_34ns_65_1_1_U1/mul_ln1513_reg_23186[19]_i_4_n_0
    SLICE_X81Y96         CARRY4 (Prop_carry4_S[1]_CO[3])
                                                      0.550     5.391 r  MLZedboard_i/inference_0/inst/grp_inference_Pipeline_VITIS_LOOP_41_1_fu_3207/mul_32s_34ns_65_1_1_U1/mul_ln1513_reg_23186_reg[19]_i_1/CO[3]
                         net (fo=1, routed)           0.000     5.391    MLZedboard_i/inference_0/inst/grp_inference_Pipeline_VITIS_LOOP_41_1_fu_3207/mul_32s_34ns_65_1_1_U1/mul_ln1513_reg_23186_reg[19]_i_1_n_0
    SLICE_X81Y97         CARRY4 (Prop_carry4_CI_CO[3])
                                                      0.114     5.505 r  MLZedboard_i/inference_0/inst/grp_inference_Pipeline_VITIS_LOOP_41_1_fu_3207/mul_32s_34ns_65_1_1_U1/mul_ln1513_reg_23186_reg[23]_i_1/CO[3]
                         net (fo=1, routed)           0.000     5.505    MLZedboard_i/inference_0/inst/grp_inference_Pipeline_VITIS_LOOP_41_1_fu_3207/mul_32s_34ns_65_1_1_U1/mul_ln1513_reg_23186_reg[23]_i_1_n_0
    SLICE_X81Y98         CARRY4 (Prop_carry4_CI_CO[3])
                                                      0.114     5.619 r  MLZedboard_i/inference_0/inst/grp_inference_Pipeline_VITIS_LOOP_41_1_fu_3207/mul_32s_34ns_65_1_1_U1/mul_ln1513_reg_23186_reg[27]_i_1/CO[3]
                         net (fo=1, routed)           0.000     5.619    MLZedboard_i/inference_0/inst/grp_inference_Pipeline_VITIS_LOOP_41_1_fu_3207/mul_32s_34ns_65_1_1_U1/mul_ln1513_reg_23186_reg[27]_i_1_n_0
    SLICE_X81Y99         CARRY4 (Prop_carry4_CI_CO[3])
                                                      0.114     5.733 r  MLZedboard_i/inference_0/inst/grp_inference_Pipeline_VITIS_LOOP_41_1_fu_3207/mul_32s_34ns_65_1_1_U1/mul_ln1513_reg_23186_reg[31]_i_1/CO[3]
                         net (fo=1, routed)           0.001     5.734    MLZedboard_i/inference_0/inst/grp_inference_Pipeline_VITIS_LOOP_41_1_fu_3207/mul_32s_34ns_65_1_1_U1/mul_ln1513_reg_23186_reg[31]_i_1_n_0
    SLICE_X81Y100        CARRY4 (Prop_carry4_CI_CO[3])
                                                      0.114     5.848 r  MLZedboard_i/inference_0/inst/grp_inference_Pipeline_VITIS_LOOP_41_1_fu_3207/mul_32s_34ns_65_1_1_U1/mul_ln1513_reg_23186_reg[35]_i_1/CO[3]
                         net (fo=1, routed)           0.000     5.848    MLZedboard_i/inference_0/inst/grp_inference_Pipeline_VITIS_LOOP_41_1_fu_3207/mul_32s_34ns_65_1_1_U1/mul_ln1513_reg_23186_reg[35]_i_1_n_0
    SLICE_X81Y101        CARRY4 (Prop_carry4_CI_O[1])
                                                      0.334     6.182 r  MLZedboard_i/inference_0/inst/grp_inference_Pipeline_VITIS_LOOP_41_1_fu_3207/mul_32s_34ns_65_1_1_U1/mul_ln1513_reg_23186_reg[39]_i_1/O[1]
                         net (fo=1, routed)           0.000     6.182    MLZedboard_i/inference_0/inst/grp_inference_Pipeline_VITIS_LOOP_41_1_fu_3207/mul_32s_34ns_65_1_1_U1_n_2
    SLICE_X81Y101        FDRE                                         r  MLZedboard_i/inference_0/inst/grp_inference_Pipeline_VITIS_LOOP_41_1_fu_3207/mul_ln1513_reg_23186_reg[37]/D
  -------------------------------------------------------------------    -------------------

                         (clock clk_fpga_0 rise edge)
                                                      0.000     0.000 r  
    PS7_X0Y0             PS7                          0.000     0.000 r  MLZedboard_i/processing_system7_0/inst/PS7_i/FCLKCLK[0]
                         net (fo=1, routed)           1.088     1.088    MLZedboard_i/processing_system7_0/inst/FCLK_CLK_unbuffered[0]
    BUFGCTRL_X0Y16       BUFG (Prop_bufg_I_O)         0.091     1.179 r  MLZedboard_i/processing_system7_0/inst/buffer_fclk_clk_0.FCLK_CLK_0_BUFG/O
                         net (fo=4704, routed)        1.720     2.899    MLZedboard_i/inference_0/inst/grp_inference_Pipeline_VITIS_LOOP_41_1_fu_3207/ap_clk
    SLICE_X81Y101        FDRE                                         r  MLZedboard_i/inference_0/inst/grp_inference_Pipeline_VITIS_LOOP_41_1_fu_3207/mul_ln1513_reg_23186_reg[37]/C

Slack:                    inf
  Source:                 MLZedboard_i/inference_0/inst/grp_inference_Pipeline_VITIS_LOOP_41_1_fu_3207/mul_32s_34ns_65_1_1_U1/dout__1/ACOUT[16]
                            (internal pin)
  Destination:            MLZedboard_i/inference_0/inst/grp_inference_Pipeline_VITIS_LOOP_41_1_fu_3207/mul_ln1513_reg_23186_reg[39]/D
                            (rising edge-triggered cell FDRE clocked by clk_fpga_0  {rise@0.000ns fall@6.499ns period=12.999ns})
  Path Group:             (none)
  Path Type:              Setup (Max at Slow Process Corner)
  Data Path Delay:        6.161ns  (logic 5.082ns (82.484%)  route 1.079ns (17.516%))
  Logic Levels:           8  (CARRY4=6 DSP48E1=1 LUT2=1)
  Clock Uncertainty:      0.197ns  ((TSJ^2 + TIJ^2)^1/2 + DJ) / 2 + PE
    Total System Jitter     (TSJ):    0.050ns
    Total Input Jitter      (TIJ):    0.390ns
    Discrete Jitter          (DJ):    0.000ns
    Phase Error              (PE):    0.000ns

    Location             Delay type                Incr(ns)  Path(ns)    Netlist Resource(s)
  -------------------------------------------------------------------    -------------------
    DSP48_X3Y38          DSP48E1                      0.000     0.000 r  MLZedboard_i/inference_0/inst/grp_inference_Pipeline_VITIS_LOOP_41_1_fu_3207/mul_32s_34ns_65_1_1_U1/dout__1/ACOUT[16]
                         net (fo=1, routed)           0.002     0.002    MLZedboard_i/inference_0/inst/grp_inference_Pipeline_VITIS_LOOP_41_1_fu_3207/mul_32s_34ns_65_1_1_U1/dout__1_n_37
    DSP48_X3Y39          DSP48E1 (Prop_dsp48e1_ACIN[16]_P[0])
                                                      3.639     3.641 r  MLZedboard_i/inference_0/inst/grp_inference_Pipeline_VITIS_LOOP_41_1_fu_3207/mul_32s_34ns_65_1_1_U1/dout__2/P[0]
                         net (fo=2, routed)           1.076     4.717    MLZedboard_i/inference_0/inst/grp_inference_Pipeline_VITIS_LOOP_41_1_fu_3207/mul_32s_34ns_65_1_1_U1/dout__2_n_105
    SLICE_X81Y96         LUT2 (Prop_lut2_I0_O)        0.124     4.841 r  MLZedboard_i/inference_0/inst/grp_inference_Pipeline_VITIS_LOOP_41_1_fu_3207/mul_32s_34ns_65_1_1_U1/mul_ln1513_reg_23186[19]_i_4/O
                         net (fo=1, routed)           0.000     4.841    MLZedboard_i/inference_0/inst/grp_inference_Pipeline_VITIS_LOOP_41_1_fu_3207/mul_32s_34ns_65_1_1_U1/mul_ln1513_reg_23186[19]_i_4_n_0
    SLICE_X81Y96         CARRY4 (Prop_carry4_S[1]_CO[3])
                                                      0.550     5.391 r  MLZedboard_i/inference_0/inst/grp_inference_Pipeline_VITIS_LOOP_41_1_fu_3207/mul_32s_34ns_65_1_1_U1/mul_ln1513_reg_23186_reg[19]_i_1/CO[3]
                         net (fo=1, routed)           0.000     5.391    MLZedboard_i/inference_0/inst/grp_inference_Pipeline_VITIS_LOOP_41_1_fu_3207/mul_32s_34ns_65_1_1_U1/mul_ln1513_reg_23186_reg[19]_i_1_n_0
    SLICE_X81Y97         CARRY4 (Prop_carry4_CI_CO[3])
                                                      0.114     5.505 r  MLZedboard_i/inference_0/inst/grp_inference_Pipeline_VITIS_LOOP_41_1_fu_3207/mul_32s_34ns_65_1_1_U1/mul_ln1513_reg_23186_reg[23]_i_1/CO[3]
                         net (fo=1, routed)           0.000     5.505    MLZedboard_i/inference_0/inst/grp_inference_Pipeline_VITIS_LOOP_41_1_fu_3207/mul_32s_34ns_65_1_1_U1/mul_ln1513_reg_23186_reg[23]_i_1_n_0
    SLICE_X81Y98         CARRY4 (Prop_carry4_CI_CO[3])
                                                      0.114     5.619 r  MLZedboard_i/inference_0/inst/grp_inference_Pipeline_VITIS_LOOP_41_1_fu_3207/mul_32s_34ns_65_1_1_U1/mul_ln1513_reg_23186_reg[27]_i_1/CO[3]
                         net (fo=1, routed)           0.000     5.619    MLZedboard_i/inference_0/inst/grp_inference_Pipeline_VITIS_LOOP_41_1_fu_3207/mul_32s_34ns_65_1_1_U1/mul_ln1513_reg_23186_reg[27]_i_1_n_0
    SLICE_X81Y99         CARRY4 (Prop_carry4_CI_CO[3])
                                                      0.114     5.733 r  MLZedboard_i/inference_0/inst/grp_inference_Pipeline_VITIS_LOOP_41_1_fu_3207/mul_32s_34ns_65_1_1_U1/mul_ln1513_reg_23186_reg[31]_i_1/CO[3]
                         net (fo=1, routed)           0.001     5.734    MLZedboard_i/inference_0/inst/grp_inference_Pipeline_VITIS_LOOP_41_1_fu_3207/mul_32s_34ns_65_1_1_U1/mul_ln1513_reg_23186_reg[31]_i_1_n_0
    SLICE_X81Y100        CARRY4 (Prop_carry4_CI_CO[3])
                                                      0.114     5.848 r  MLZedboard_i/inference_0/inst/grp_inference_Pipeline_VITIS_LOOP_41_1_fu_3207/mul_32s_34ns_65_1_1_U1/mul_ln1513_reg_23186_reg[35]_i_1/CO[3]
                         net (fo=1, routed)           0.000     5.848    MLZedboard_i/inference_0/inst/grp_inference_Pipeline_VITIS_LOOP_41_1_fu_3207/mul_32s_34ns_65_1_1_U1/mul_ln1513_reg_23186_reg[35]_i_1_n_0
    SLICE_X81Y101        CARRY4 (Prop_carry4_CI_O[3])
                                                      0.313     6.161 r  MLZedboard_i/inference_0/inst/grp_inference_Pipeline_VITIS_LOOP_41_1_fu_3207/mul_32s_34ns_65_1_1_U1/mul_ln1513_reg_23186_reg[39]_i_1/O[3]
                         net (fo=1, routed)           0.000     6.161    MLZedboard_i/inference_0/inst/grp_inference_Pipeline_VITIS_LOOP_41_1_fu_3207/mul_32s_34ns_65_1_1_U1_n_0
    SLICE_X81Y101        FDRE                                         r  MLZedboard_i/inference_0/inst/grp_inference_Pipeline_VITIS_LOOP_41_1_fu_3207/mul_ln1513_reg_23186_reg[39]/D
  -------------------------------------------------------------------    -------------------

                         (clock clk_fpga_0 rise edge)
                                                      0.000     0.000 r  
    PS7_X0Y0             PS7                          0.000     0.000 r  MLZedboard_i/processing_system7_0/inst/PS7_i/FCLKCLK[0]
                         net (fo=1, routed)           1.088     1.088    MLZedboard_i/processing_system7_0/inst/FCLK_CLK_unbuffered[0]
    BUFGCTRL_X0Y16       BUFG (Prop_bufg_I_O)         0.091     1.179 r  MLZedboard_i/processing_system7_0/inst/buffer_fclk_clk_0.FCLK_CLK_0_BUFG/O
                         net (fo=4704, routed)        1.720     2.899    MLZedboard_i/inference_0/inst/grp_inference_Pipeline_VITIS_LOOP_41_1_fu_3207/ap_clk
    SLICE_X81Y101        FDRE                                         r  MLZedboard_i/inference_0/inst/grp_inference_Pipeline_VITIS_LOOP_41_1_fu_3207/mul_ln1513_reg_23186_reg[39]/C

Slack:                    inf
  Source:                 MLZedboard_i/inference_0/inst/grp_inference_Pipeline_VITIS_LOOP_41_1_fu_3207/mul_32s_34ns_65_1_1_U1/dout__1/ACOUT[16]
                            (internal pin)
  Destination:            MLZedboard_i/inference_0/inst/grp_inference_Pipeline_VITIS_LOOP_41_1_fu_3207/mul_ln1513_reg_23186_reg[38]/D
                            (rising edge-triggered cell FDRE clocked by clk_fpga_0  {rise@0.000ns fall@6.499ns period=12.999ns})
  Path Group:             (none)
  Path Type:              Setup (Max at Slow Process Corner)
  Data Path Delay:        6.087ns  (logic 5.008ns (82.271%)  route 1.079ns (17.729%))
  Logic Levels:           8  (CARRY4=6 DSP48E1=1 LUT2=1)
  Clock Uncertainty:      0.197ns  ((TSJ^2 + TIJ^2)^1/2 + DJ) / 2 + PE
    Total System Jitter     (TSJ):    0.050ns
    Total Input Jitter      (TIJ):    0.390ns
    Discrete Jitter          (DJ):    0.000ns
    Phase Error              (PE):    0.000ns

    Location             Delay type                Incr(ns)  Path(ns)    Netlist Resource(s)
  -------------------------------------------------------------------    -------------------
    DSP48_X3Y38          DSP48E1                      0.000     0.000 r  MLZedboard_i/inference_0/inst/grp_inference_Pipeline_VITIS_LOOP_41_1_fu_3207/mul_32s_34ns_65_1_1_U1/dout__1/ACOUT[16]
                         net (fo=1, routed)           0.002     0.002    MLZedboard_i/inference_0/inst/grp_inference_Pipeline_VITIS_LOOP_41_1_fu_3207/mul_32s_34ns_65_1_1_U1/dout__1_n_37
    DSP48_X3Y39          DSP48E1 (Prop_dsp48e1_ACIN[16]_P[0])
                                                      3.639     3.641 r  MLZedboard_i/inference_0/inst/grp_inference_Pipeline_VITIS_LOOP_41_1_fu_3207/mul_32s_34ns_65_1_1_U1/dout__2/P[0]
                         net (fo=2, routed)           1.076     4.717    MLZedboard_i/inference_0/inst/grp_inference_Pipeline_VITIS_LOOP_41_1_fu_3207/mul_32s_34ns_65_1_1_U1/dout__2_n_105
    SLICE_X81Y96         LUT2 (Prop_lut2_I0_O)        0.124     4.841 r  MLZedboard_i/inference_0/inst/grp_inference_Pipeline_VITIS_LOOP_41_1_fu_3207/mul_32s_34ns_65_1_1_U1/mul_ln1513_reg_23186[19]_i_4/O
                         net (fo=1, routed)           0.000     4.841    MLZedboard_i/inference_0/inst/grp_inference_Pipeline_VITIS_LOOP_41_1_fu_3207/mul_32s_34ns_65_1_1_U1/mul_ln1513_reg_23186[19]_i_4_n_0
    SLICE_X81Y96         CARRY4 (Prop_carry4_S[1]_CO[3])
                                                      0.550     5.391 r  MLZedboard_i/inference_0/inst/grp_inference_Pipeline_VITIS_LOOP_41_1_fu_3207/mul_32s_34ns_65_1_1_U1/mul_ln1513_reg_23186_reg[19]_i_1/CO[3]
                         net (fo=1, routed)           0.000     5.391    MLZedboard_i/inference_0/inst/grp_inference_Pipeline_VITIS_LOOP_41_1_fu_3207/mul_32s_34ns_65_1_1_U1/mul_ln1513_reg_23186_reg[19]_i_1_n_0
    SLICE_X81Y97         CARRY4 (Prop_carry4_CI_CO[3])
                                                      0.114     5.505 r  MLZedboard_i/inference_0/inst/grp_inference_Pipeline_VITIS_LOOP_41_1_fu_3207/mul_32s_34ns_65_1_1_U1/mul_ln1513_reg_23186_reg[23]_i_1/CO[3]
                         net (fo=1, routed)           0.000     5.505    MLZedboard_i/inference_0/inst/grp_inference_Pipeline_VITIS_LOOP_41_1_fu_3207/mul_32s_34ns_65_1_1_U1/mul_ln1513_reg_23186_reg[23]_i_1_n_0
    SLICE_X81Y98         CARRY4 (Prop_carry4_CI_CO[3])
                                                      0.114     5.619 r  MLZedboard_i/inference_0/inst/grp_inference_Pipeline_VITIS_LOOP_41_1_fu_3207/mul_32s_34ns_65_1_1_U1/mul_ln1513_reg_23186_reg[27]_i_1/CO[3]
                         net (fo=1, routed)           0.000     5.619    MLZedboard_i/inference_0/inst/grp_inference_Pipeline_VITIS_LOOP_41_1_fu_3207/mul_32s_34ns_65_1_1_U1/mul_ln1513_reg_23186_reg[27]_i_1_n_0
    SLICE_X81Y99         CARRY4 (Prop_carry4_CI_CO[3])
                                                      0.114     5.733 r  MLZedboard_i/inference_0/inst/grp_inference_Pipeline_VITIS_LOOP_41_1_fu_3207/mul_32s_34ns_65_1_1_U1/mul_ln1513_reg_23186_reg[31]_i_1/CO[3]
                         net (fo=1, routed)           0.001     5.734    MLZedboard_i/inference_0/inst/grp_inference_Pipeline_VITIS_LOOP_41_1_fu_3207/mul_32s_34ns_65_1_1_U1/mul_ln1513_reg_23186_reg[31]_i_1_n_0
    SLICE_X81Y100        CARRY4 (Prop_carry4_CI_CO[3])
                                                      0.114     5.848 r  MLZedboard_i/inference_0/inst/grp_inference_Pipeline_VITIS_LOOP_41_1_fu_3207/mul_32s_34ns_65_1_1_U1/mul_ln1513_reg_23186_reg[35]_i_1/CO[3]
                         net (fo=1, routed)           0.000     5.848    MLZedboard_i/inference_0/inst/grp_inference_Pipeline_VITIS_LOOP_41_1_fu_3207/mul_32s_34ns_65_1_1_U1/mul_ln1513_reg_23186_reg[35]_i_1_n_0
    SLICE_X81Y101        CARRY4 (Prop_carry4_CI_O[2])
                                                      0.239     6.087 r  MLZedboard_i/inference_0/inst/grp_inference_Pipeline_VITIS_LOOP_41_1_fu_3207/mul_32s_34ns_65_1_1_U1/mul_ln1513_reg_23186_reg[39]_i_1/O[2]
                         net (fo=1, routed)           0.000     6.087    MLZedboard_i/inference_0/inst/grp_inference_Pipeline_VITIS_LOOP_41_1_fu_3207/mul_32s_34ns_65_1_1_U1_n_1
    SLICE_X81Y101        FDRE                                         r  MLZedboard_i/inference_0/inst/grp_inference_Pipeline_VITIS_LOOP_41_1_fu_3207/mul_ln1513_reg_23186_reg[38]/D
  -------------------------------------------------------------------    -------------------

                         (clock clk_fpga_0 rise edge)
                                                      0.000     0.000 r  
    PS7_X0Y0             PS7                          0.000     0.000 r  MLZedboard_i/processing_system7_0/inst/PS7_i/FCLKCLK[0]
                         net (fo=1, routed)           1.088     1.088    MLZedboard_i/processing_system7_0/inst/FCLK_CLK_unbuffered[0]
    BUFGCTRL_X0Y16       BUFG (Prop_bufg_I_O)         0.091     1.179 r  MLZedboard_i/processing_system7_0/inst/buffer_fclk_clk_0.FCLK_CLK_0_BUFG/O
                         net (fo=4704, routed)        1.720     2.899    MLZedboard_i/inference_0/inst/grp_inference_Pipeline_VITIS_LOOP_41_1_fu_3207/ap_clk
    SLICE_X81Y101        FDRE                                         r  MLZedboard_i/inference_0/inst/grp_inference_Pipeline_VITIS_LOOP_41_1_fu_3207/mul_ln1513_reg_23186_reg[38]/C

Slack:                    inf
  Source:                 MLZedboard_i/inference_0/inst/grp_inference_Pipeline_VITIS_LOOP_41_1_fu_3207/mul_32s_34ns_65_1_1_U1/dout__1/ACOUT[16]
                            (internal pin)
  Destination:            MLZedboard_i/inference_0/inst/grp_inference_Pipeline_VITIS_LOOP_41_1_fu_3207/mul_ln1513_reg_23186_reg[36]/D
                            (rising edge-triggered cell FDRE clocked by clk_fpga_0  {rise@0.000ns fall@6.499ns period=12.999ns})
  Path Group:             (none)
  Path Type:              Setup (Max at Slow Process Corner)
  Data Path Delay:        6.071ns  (logic 4.992ns (82.224%)  route 1.079ns (17.776%))
  Logic Levels:           8  (CARRY4=6 DSP48E1=1 LUT2=1)
  Clock Uncertainty:      0.197ns  ((TSJ^2 + TIJ^2)^1/2 + DJ) / 2 + PE
    Total System Jitter     (TSJ):    0.050ns
    Total Input Jitter      (TIJ):    0.390ns
    Discrete Jitter          (DJ):    0.000ns
    Phase Error              (PE):    0.000ns

    Location             Delay type                Incr(ns)  Path(ns)    Netlist Resource(s)
  -------------------------------------------------------------------    -------------------
    DSP48_X3Y38          DSP48E1                      0.000     0.000 r  MLZedboard_i/inference_0/inst/grp_inference_Pipeline_VITIS_LOOP_41_1_fu_3207/mul_32s_34ns_65_1_1_U1/dout__1/ACOUT[16]
                         net (fo=1, routed)           0.002     0.002    MLZedboard_i/inference_0/inst/grp_inference_Pipeline_VITIS_LOOP_41_1_fu_3207/mul_32s_34ns_65_1_1_U1/dout__1_n_37
    DSP48_X3Y39          DSP48E1 (Prop_dsp48e1_ACIN[16]_P[0])
                                                      3.639     3.641 r  MLZedboard_i/inference_0/inst/grp_inference_Pipeline_VITIS_LOOP_41_1_fu_3207/mul_32s_34ns_65_1_1_U1/dout__2/P[0]
                         net (fo=2, routed)           1.076     4.717    MLZedboard_i/inference_0/inst/grp_inference_Pipeline_VITIS_LOOP_41_1_fu_3207/mul_32s_34ns_65_1_1_U1/dout__2_n_105
    SLICE_X81Y96         LUT2 (Prop_lut2_I0_O)        0.124     4.841 r  MLZedboard_i/inference_0/inst/grp_inference_Pipeline_VITIS_LOOP_41_1_fu_3207/mul_32s_34ns_65_1_1_U1/mul_ln1513_reg_23186[19]_i_4/O
                         net (fo=1, routed)           0.000     4.841    MLZedboard_i/inference_0/inst/grp_inference_Pipeline_VITIS_LOOP_41_1_fu_3207/mul_32s_34ns_65_1_1_U1/mul_ln1513_reg_23186[19]_i_4_n_0
    SLICE_X81Y96         CARRY4 (Prop_carry4_S[1]_CO[3])
                                                      0.550     5.391 r  MLZedboard_i/inference_0/inst/grp_inference_Pipeline_VITIS_LOOP_41_1_fu_3207/mul_32s_34ns_65_1_1_U1/mul_ln1513_reg_23186_reg[19]_i_1/CO[3]
                         net (fo=1, routed)           0.000     5.391    MLZedboard_i/inference_0/inst/grp_inference_Pipeline_VITIS_LOOP_41_1_fu_3207/mul_32s_34ns_65_1_1_U1/mul_ln1513_reg_23186_reg[19]_i_1_n_0
    SLICE_X81Y97         CARRY4 (Prop_carry4_CI_CO[3])
                                                      0.114     5.505 r  MLZedboard_i/inference_0/inst/grp_inference_Pipeline_VITIS_LOOP_41_1_fu_3207/mul_32s_34ns_65_1_1_U1/mul_ln1513_reg_23186_reg[23]_i_1/CO[3]
                         net (fo=1, routed)           0.000     5.505    MLZedboard_i/inference_0/inst/grp_inference_Pipeline_VITIS_LOOP_41_1_fu_3207/mul_32s_34ns_65_1_1_U1/mul_ln1513_reg_23186_reg[23]_i_1_n_0
    SLICE_X81Y98         CARRY4 (Prop_carry4_CI_CO[3])
                                                      0.114     5.619 r  MLZedboard_i/inference_0/inst/grp_inference_Pipeline_VITIS_LOOP_41_1_fu_3207/mul_32s_34ns_65_1_1_U1/mul_ln1513_reg_23186_reg[27]_i_1/CO[3]
                         net (fo=1, routed)           0.000     5.619    MLZedboard_i/inference_0/inst/grp_inference_Pipeline_VITIS_LOOP_41_1_fu_3207/mul_32s_34ns_65_1_1_U1/mul_ln1513_reg_23186_reg[27]_i_1_n_0
    SLICE_X81Y99         CARRY4 (Prop_carry4_CI_CO[3])
                                                      0.114     5.733 r  MLZedboard_i/inference_0/inst/grp_inference_Pipeline_VITIS_LOOP_41_1_fu_3207/mul_32s_34ns_65_1_1_U1/mul_ln1513_reg_23186_reg[31]_i_1/CO[3]
                         net (fo=1, routed)           0.001     5.734    MLZedboard_i/inference_0/inst/grp_inference_Pipeline_VITIS_LOOP_41_1_fu_3207/mul_32s_34ns_65_1_1_U1/mul_ln1513_reg_23186_reg[31]_i_1_n_0
    SLICE_X81Y100        CARRY4 (Prop_carry4_CI_CO[3])
                                                      0.114     5.848 r  MLZedboard_i/inference_0/inst/grp_inference_Pipeline_VITIS_LOOP_41_1_fu_3207/mul_32s_34ns_65_1_1_U1/mul_ln1513_reg_23186_reg[35]_i_1/CO[3]
                         net (fo=1, routed)           0.000     5.848    MLZedboard_i/inference_0/inst/grp_inference_Pipeline_VITIS_LOOP_41_1_fu_3207/mul_32s_34ns_65_1_1_U1/mul_ln1513_reg_23186_reg[35]_i_1_n_0
    SLICE_X81Y101        CARRY4 (Prop_carry4_CI_O[0])
                                                      0.223     6.071 r  MLZedboard_i/inference_0/inst/grp_inference_Pipeline_VITIS_LOOP_41_1_fu_3207/mul_32s_34ns_65_1_1_U1/mul_ln1513_reg_23186_reg[39]_i_1/O[0]
                         net (fo=1, routed)           0.000     6.071    MLZedboard_i/inference_0/inst/grp_inference_Pipeline_VITIS_LOOP_41_1_fu_3207/mul_32s_34ns_65_1_1_U1_n_3
    SLICE_X81Y101        FDRE                                         r  MLZedboard_i/inference_0/inst/grp_inference_Pipeline_VITIS_LOOP_41_1_fu_3207/mul_ln1513_reg_23186_reg[36]/D
  -------------------------------------------------------------------    -------------------

                         (clock clk_fpga_0 rise edge)
                                                      0.000     0.000 r  
    PS7_X0Y0             PS7                          0.000     0.000 r  MLZedboard_i/processing_system7_0/inst/PS7_i/FCLKCLK[0]
                         net (fo=1, routed)           1.088     1.088    MLZedboard_i/processing_system7_0/inst/FCLK_CLK_unbuffered[0]
    BUFGCTRL_X0Y16       BUFG (Prop_bufg_I_O)         0.091     1.179 r  MLZedboard_i/processing_system7_0/inst/buffer_fclk_clk_0.FCLK_CLK_0_BUFG/O
                         net (fo=4704, routed)        1.720     2.899    MLZedboard_i/inference_0/inst/grp_inference_Pipeline_VITIS_LOOP_41_1_fu_3207/ap_clk
    SLICE_X81Y101        FDRE                                         r  MLZedboard_i/inference_0/inst/grp_inference_Pipeline_VITIS_LOOP_41_1_fu_3207/mul_ln1513_reg_23186_reg[36]/C





Min Delay Paths
--------------------------------------------------------------------------------------
Slack:                    inf
  Source:                 MLZedboard_i/inference_0/inst/grp_inference_Pipeline_VITIS_LOOP_41_1_fu_3207/mul_32s_34ns_65_1_1_U1/dout__1/ACOUT[16]
                            (internal pin)
  Destination:            MLZedboard_i/inference_0/inst/grp_inference_Pipeline_VITIS_LOOP_41_1_fu_3207/mul_ln1513_reg_23186_reg[19]/D
                            (rising edge-triggered cell FDRE clocked by clk_fpga_0  {rise@0.000ns fall@6.499ns period=12.999ns})
  Path Group:             (none)
  Path Type:              Hold (Min at Fast Process Corner)
  Data Path Delay:        1.035ns  (logic 0.629ns (60.762%)  route 0.406ns (39.238%))
  Logic Levels:           3  (CARRY4=1 DSP48E1=1 LUT2=1)
  Clock Uncertainty:      0.197ns  ((TSJ^2 + TIJ^2)^1/2 + DJ) / 2 + PE
    Total System Jitter     (TSJ):    0.050ns
    Total Input Jitter      (TIJ):    0.390ns
    Discrete Jitter          (DJ):    0.000ns
    Phase Error              (PE):    0.000ns

    Location             Delay type                Incr(ns)  Path(ns)    Netlist Resource(s)
  -------------------------------------------------------------------    -------------------
    DSP48_X3Y38          DSP48E1                      0.000     0.000 r  MLZedboard_i/inference_0/inst/grp_inference_Pipeline_VITIS_LOOP_41_1_fu_3207/mul_32s_34ns_65_1_1_U1/dout__1/ACOUT[16]
                         net (fo=1, routed)           0.002     0.002    MLZedboard_i/inference_0/inst/grp_inference_Pipeline_VITIS_LOOP_41_1_fu_3207/mul_32s_34ns_65_1_1_U1/dout__1_n_37
    DSP48_X3Y39          DSP48E1 (Prop_dsp48e1_ACIN[16]_P[2])
                                                      0.521     0.523 r  MLZedboard_i/inference_0/inst/grp_inference_Pipeline_VITIS_LOOP_41_1_fu_3207/mul_32s_34ns_65_1_1_U1/dout__2/P[2]
                         net (fo=2, routed)           0.404     0.927    MLZedboard_i/inference_0/inst/grp_inference_Pipeline_VITIS_LOOP_41_1_fu_3207/mul_32s_34ns_65_1_1_U1/dout__2_n_103
    SLICE_X81Y96         LUT2 (Prop_lut2_I0_O)        0.045     0.972 r  MLZedboard_i/inference_0/inst/grp_inference_Pipeline_VITIS_LOOP_41_1_fu_3207/mul_32s_34ns_65_1_1_U1/mul_ln1513_reg_23186[19]_i_2/O
                         net (fo=1, routed)           0.000     0.972    MLZedboard_i/inference_0/inst/grp_inference_Pipeline_VITIS_LOOP_41_1_fu_3207/mul_32s_34ns_65_1_1_U1/mul_ln1513_reg_23186[19]_i_2_n_0
    SLICE_X81Y96         CARRY4 (Prop_carry4_S[3]_O[3])
                                                      0.063     1.035 r  MLZedboard_i/inference_0/inst/grp_inference_Pipeline_VITIS_LOOP_41_1_fu_3207/mul_32s_34ns_65_1_1_U1/mul_ln1513_reg_23186_reg[19]_i_1/O[3]
                         net (fo=1, routed)           0.000     1.035    MLZedboard_i/inference_0/inst/grp_inference_Pipeline_VITIS_LOOP_41_1_fu_3207/mul_32s_34ns_65_1_1_U1_n_20
    SLICE_X81Y96         FDRE                                         r  MLZedboard_i/inference_0/inst/grp_inference_Pipeline_VITIS_LOOP_41_1_fu_3207/mul_ln1513_reg_23186_reg[19]/D
  -------------------------------------------------------------------    -------------------

                         (clock clk_fpga_0 rise edge)
                                                      0.000     0.000 r  
    PS7_X0Y0             PS7                          0.000     0.000 r  MLZedboard_i/processing_system7_0/inst/PS7_i/FCLKCLK[0]
                         net (fo=1, routed)           0.337     0.337    MLZedboard_i/processing_system7_0/inst/FCLK_CLK_unbuffered[0]
    BUFGCTRL_X0Y16       BUFG (Prop_bufg_I_O)         0.029     0.366 r  MLZedboard_i/processing_system7_0/inst/buffer_fclk_clk_0.FCLK_CLK_0_BUFG/O
                         net (fo=4704, routed)        0.852     1.218    MLZedboard_i/inference_0/inst/grp_inference_Pipeline_VITIS_LOOP_41_1_fu_3207/ap_clk
    SLICE_X81Y96         FDRE                                         r  MLZedboard_i/inference_0/inst/grp_inference_Pipeline_VITIS_LOOP_41_1_fu_3207/mul_ln1513_reg_23186_reg[19]/C

Slack:                    inf
  Source:                 MLZedboard_i/inference_0/inst/grp_inference_Pipeline_VITIS_LOOP_41_1_fu_3207/mul_32s_34ns_65_1_1_U1/dout__1/ACOUT[16]
                            (internal pin)
  Destination:            MLZedboard_i/inference_0/inst/grp_inference_Pipeline_VITIS_LOOP_41_1_fu_3207/mul_ln1513_reg_23186_reg[23]/D
                            (rising edge-triggered cell FDRE clocked by clk_fpga_0  {rise@0.000ns fall@6.499ns period=12.999ns})
  Path Group:             (none)
  Path Type:              Hold (Min at Fast Process Corner)
  Data Path Delay:        1.035ns  (logic 0.629ns (60.762%)  route 0.406ns (39.238%))
  Logic Levels:           3  (CARRY4=1 DSP48E1=1 LUT2=1)
  Clock Uncertainty:      0.197ns  ((TSJ^2 + TIJ^2)^1/2 + DJ) / 2 + PE
    Total System Jitter     (TSJ):    0.050ns
    Total Input Jitter      (TIJ):    0.390ns
    Discrete Jitter          (DJ):    0.000ns
    Phase Error              (PE):    0.000ns

    Location             Delay type                Incr(ns)  Path(ns)    Netlist Resource(s)
  -------------------------------------------------------------------    -------------------
    DSP48_X3Y38          DSP48E1                      0.000     0.000 r  MLZedboard_i/inference_0/inst/grp_inference_Pipeline_VITIS_LOOP_41_1_fu_3207/mul_32s_34ns_65_1_1_U1/dout__1/ACOUT[16]
                         net (fo=1, routed)           0.002     0.002    MLZedboard_i/inference_0/inst/grp_inference_Pipeline_VITIS_LOOP_41_1_fu_3207/mul_32s_34ns_65_1_1_U1/dout__1_n_37
    DSP48_X3Y39          DSP48E1 (Prop_dsp48e1_ACIN[16]_P[6])
                                                      0.521     0.523 r  MLZedboard_i/inference_0/inst/grp_inference_Pipeline_VITIS_LOOP_41_1_fu_3207/mul_32s_34ns_65_1_1_U1/dout__2/P[6]
                         net (fo=2, routed)           0.404     0.927    MLZedboard_i/inference_0/inst/grp_inference_Pipeline_VITIS_LOOP_41_1_fu_3207/mul_32s_34ns_65_1_1_U1/dout__2_n_99
    SLICE_X81Y97         LUT2 (Prop_lut2_I0_O)        0.045     0.972 r  MLZedboard_i/inference_0/inst/grp_inference_Pipeline_VITIS_LOOP_41_1_fu_3207/mul_32s_34ns_65_1_1_U1/mul_ln1513_reg_23186[23]_i_2/O
                         net (fo=1, routed)           0.000     0.972    MLZedboard_i/inference_0/inst/grp_inference_Pipeline_VITIS_LOOP_41_1_fu_3207/mul_32s_34ns_65_1_1_U1/mul_ln1513_reg_23186[23]_i_2_n_0
    SLICE_X81Y97         CARRY4 (Prop_carry4_S[3]_O[3])
                                                      0.063     1.035 r  MLZedboard_i/inference_0/inst/grp_inference_Pipeline_VITIS_LOOP_41_1_fu_3207/mul_32s_34ns_65_1_1_U1/mul_ln1513_reg_23186_reg[23]_i_1/O[3]
                         net (fo=1, routed)           0.000     1.035    MLZedboard_i/inference_0/inst/grp_inference_Pipeline_VITIS_LOOP_41_1_fu_3207/mul_32s_34ns_65_1_1_U1_n_16
    SLICE_X81Y97         FDRE                                         r  MLZedboard_i/inference_0/inst/grp_inference_Pipeline_VITIS_LOOP_41_1_fu_3207/mul_ln1513_reg_23186_reg[23]/D
  -------------------------------------------------------------------    -------------------

                         (clock clk_fpga_0 rise edge)
                                                      0.000     0.000 r  
    PS7_X0Y0             PS7                          0.000     0.000 r  MLZedboard_i/processing_system7_0/inst/PS7_i/FCLKCLK[0]
                         net (fo=1, routed)           0.337     0.337    MLZedboard_i/processing_system7_0/inst/FCLK_CLK_unbuffered[0]
    BUFGCTRL_X0Y16       BUFG (Prop_bufg_I_O)         0.029     0.366 r  MLZedboard_i/processing_system7_0/inst/buffer_fclk_clk_0.FCLK_CLK_0_BUFG/O
                         net (fo=4704, routed)        0.853     1.219    MLZedboard_i/inference_0/inst/grp_inference_Pipeline_VITIS_LOOP_41_1_fu_3207/ap_clk
    SLICE_X81Y97         FDRE                                         r  MLZedboard_i/inference_0/inst/grp_inference_Pipeline_VITIS_LOOP_41_1_fu_3207/mul_ln1513_reg_23186_reg[23]/C

Slack:                    inf
  Source:                 MLZedboard_i/inference_0/inst/grp_inference_Pipeline_VITIS_LOOP_41_1_fu_3207/mul_32s_34ns_65_1_1_U1/dout__1/ACOUT[16]
                            (internal pin)
  Destination:            MLZedboard_i/inference_0/inst/grp_inference_Pipeline_VITIS_LOOP_41_1_fu_3207/mul_ln1513_reg_23186_reg[31]/D
                            (rising edge-triggered cell FDRE clocked by clk_fpga_0  {rise@0.000ns fall@6.499ns period=12.999ns})
  Path Group:             (none)
  Path Type:              Hold (Min at Fast Process Corner)
  Data Path Delay:        1.036ns  (logic 0.629ns (60.710%)  route 0.407ns (39.290%))
  Logic Levels:           3  (CARRY4=1 DSP48E1=1 LUT2=1)
  Clock Uncertainty:      0.197ns  ((TSJ^2 + TIJ^2)^1/2 + DJ) / 2 + PE
    Total System Jitter     (TSJ):    0.050ns
    Total Input Jitter      (TIJ):    0.390ns
    Discrete Jitter          (DJ):    0.000ns
    Phase Error              (PE):    0.000ns

    Location             Delay type                Incr(ns)  Path(ns)    Netlist Resource(s)
  -------------------------------------------------------------------    -------------------
    DSP48_X3Y38          DSP48E1                      0.000     0.000 r  MLZedboard_i/inference_0/inst/grp_inference_Pipeline_VITIS_LOOP_41_1_fu_3207/mul_32s_34ns_65_1_1_U1/dout__1/ACOUT[16]
                         net (fo=1, routed)           0.002     0.002    MLZedboard_i/inference_0/inst/grp_inference_Pipeline_VITIS_LOOP_41_1_fu_3207/mul_32s_34ns_65_1_1_U1/dout__1_n_37
    DSP48_X3Y39          DSP48E1 (Prop_dsp48e1_ACIN[16]_P[14])
                                                      0.521     0.523 r  MLZedboard_i/inference_0/inst/grp_inference_Pipeline_VITIS_LOOP_41_1_fu_3207/mul_32s_34ns_65_1_1_U1/dout__2/P[14]
                         net (fo=2, routed)           0.405     0.928    MLZedboard_i/inference_0/inst/grp_inference_Pipeline_VITIS_LOOP_41_1_fu_3207/mul_32s_34ns_65_1_1_U1/dout__2_n_91
    SLICE_X81Y99         LUT2 (Prop_lut2_I0_O)        0.045     0.973 r  MLZedboard_i/inference_0/inst/grp_inference_Pipeline_VITIS_LOOP_41_1_fu_3207/mul_32s_34ns_65_1_1_U1/mul_ln1513_reg_23186[31]_i_2/O
                         net (fo=1, routed)           0.000     0.973    MLZedboard_i/inference_0/inst/grp_inference_Pipeline_VITIS_LOOP_41_1_fu_3207/mul_32s_34ns_65_1_1_U1/mul_ln1513_reg_23186[31]_i_2_n_0
    SLICE_X81Y99         CARRY4 (Prop_carry4_S[3]_O[3])
                                                      0.063     1.036 r  MLZedboard_i/inference_0/inst/grp_inference_Pipeline_VITIS_LOOP_41_1_fu_3207/mul_32s_34ns_65_1_1_U1/mul_ln1513_reg_23186_reg[31]_i_1/O[3]
                         net (fo=1, routed)           0.000     1.036    MLZedboard_i/inference_0/inst/grp_inference_Pipeline_VITIS_LOOP_41_1_fu_3207/mul_32s_34ns_65_1_1_U1_n_8
    SLICE_X81Y99         FDRE                                         r  MLZedboard_i/inference_0/inst/grp_inference_Pipeline_VITIS_LOOP_41_1_fu_3207/mul_ln1513_reg_23186_reg[31]/D
  -------------------------------------------------------------------    -------------------

                         (clock clk_fpga_0 rise edge)
                                                      0.000     0.000 r  
    PS7_X0Y0             PS7                          0.000     0.000 r  MLZedboard_i/processing_system7_0/inst/PS7_i/FCLKCLK[0]
                         net (fo=1, routed)           0.337     0.337    MLZedboard_i/processing_system7_0/inst/FCLK_CLK_unbuffered[0]
    BUFGCTRL_X0Y16       BUFG (Prop_bufg_I_O)         0.029     0.366 r  MLZedboard_i/processing_system7_0/inst/buffer_fclk_clk_0.FCLK_CLK_0_BUFG/O
                         net (fo=4704, routed)        0.853     1.219    MLZedboard_i/inference_0/inst/grp_inference_Pipeline_VITIS_LOOP_41_1_fu_3207/ap_clk
    SLICE_X81Y99         FDRE                                         r  MLZedboard_i/inference_0/inst/grp_inference_Pipeline_VITIS_LOOP_41_1_fu_3207/mul_ln1513_reg_23186_reg[31]/C

Slack:                    inf
  Source:                 MLZedboard_i/inference_0/inst/grp_inference_Pipeline_VITIS_LOOP_41_1_fu_3207/mul_32s_34ns_65_1_1_U1/dout__1/ACOUT[16]
                            (internal pin)
  Destination:            MLZedboard_i/inference_0/inst/grp_inference_Pipeline_VITIS_LOOP_41_1_fu_3207/mul_ln1513_reg_23186_reg[21]/D
                            (rising edge-triggered cell FDRE clocked by clk_fpga_0  {rise@0.000ns fall@6.499ns period=12.999ns})
  Path Group:             (none)
  Path Type:              Hold (Min at Fast Process Corner)
  Data Path Delay:        1.059ns  (logic 0.645ns (60.899%)  route 0.414ns (39.101%))
  Logic Levels:           2  (CARRY4=1 DSP48E1=1)
  Clock Uncertainty:      0.197ns  ((TSJ^2 + TIJ^2)^1/2 + DJ) / 2 + PE
    Total System Jitter     (TSJ):    0.050ns
    Total Input Jitter      (TIJ):    0.390ns
    Discrete Jitter          (DJ):    0.000ns
    Phase Error              (PE):    0.000ns

    Location             Delay type                Incr(ns)  Path(ns)    Netlist Resource(s)
  -------------------------------------------------------------------    -------------------
    DSP48_X3Y38          DSP48E1                      0.000     0.000 r  MLZedboard_i/inference_0/inst/grp_inference_Pipeline_VITIS_LOOP_41_1_fu_3207/mul_32s_34ns_65_1_1_U1/dout__1/ACOUT[16]
                         net (fo=1, routed)           0.002     0.002    MLZedboard_i/inference_0/inst/grp_inference_Pipeline_VITIS_LOOP_41_1_fu_3207/mul_32s_34ns_65_1_1_U1/dout__1_n_37
    DSP48_X3Y39          DSP48E1 (Prop_dsp48e1_ACIN[16]_P[3])
                                                      0.521     0.523 r  MLZedboard_i/inference_0/inst/grp_inference_Pipeline_VITIS_LOOP_41_1_fu_3207/mul_32s_34ns_65_1_1_U1/dout__2/P[3]
                         net (fo=2, routed)           0.412     0.935    MLZedboard_i/inference_0/inst/grp_inference_Pipeline_VITIS_LOOP_41_1_fu_3207/mul_32s_34ns_65_1_1_U1/dout__2_n_102
    SLICE_X81Y97         CARRY4 (Prop_carry4_DI[0]_O[1])
                                                      0.124     1.059 r  MLZedboard_i/inference_0/inst/grp_inference_Pipeline_VITIS_LOOP_41_1_fu_3207/mul_32s_34ns_65_1_1_U1/mul_ln1513_reg_23186_reg[23]_i_1/O[1]
                         net (fo=1, routed)           0.000     1.059    MLZedboard_i/inference_0/inst/grp_inference_Pipeline_VITIS_LOOP_41_1_fu_3207/mul_32s_34ns_65_1_1_U1_n_18
    SLICE_X81Y97         FDRE                                         r  MLZedboard_i/inference_0/inst/grp_inference_Pipeline_VITIS_LOOP_41_1_fu_3207/mul_ln1513_reg_23186_reg[21]/D
  -------------------------------------------------------------------    -------------------

                         (clock clk_fpga_0 rise edge)
                                                      0.000     0.000 r  
    PS7_X0Y0             PS7                          0.000     0.000 r  MLZedboard_i/processing_system7_0/inst/PS7_i/FCLKCLK[0]
                         net (fo=1, routed)           0.337     0.337    MLZedboard_i/processing_system7_0/inst/FCLK_CLK_unbuffered[0]
    BUFGCTRL_X0Y16       BUFG (Prop_bufg_I_O)         0.029     0.366 r  MLZedboard_i/processing_system7_0/inst/buffer_fclk_clk_0.FCLK_CLK_0_BUFG/O
                         net (fo=4704, routed)        0.853     1.219    MLZedboard_i/inference_0/inst/grp_inference_Pipeline_VITIS_LOOP_41_1_fu_3207/ap_clk
    SLICE_X81Y97         FDRE                                         r  MLZedboard_i/inference_0/inst/grp_inference_Pipeline_VITIS_LOOP_41_1_fu_3207/mul_ln1513_reg_23186_reg[21]/C

Slack:                    inf
  Source:                 MLZedboard_i/inference_0/inst/grp_inference_Pipeline_VITIS_LOOP_41_1_fu_3207/mul_32s_34ns_65_1_1_U1/dout__1/ACOUT[16]
                            (internal pin)
  Destination:            MLZedboard_i/inference_0/inst/grp_inference_Pipeline_VITIS_LOOP_41_1_fu_3207/mul_ln1513_reg_23186_reg[25]/D
                            (rising edge-triggered cell FDRE clocked by clk_fpga_0  {rise@0.000ns fall@6.499ns period=12.999ns})
  Path Group:             (none)
  Path Type:              Hold (Min at Fast Process Corner)
  Data Path Delay:        1.059ns  (logic 0.645ns (60.899%)  route 0.414ns (39.101%))
  Logic Levels:           2  (CARRY4=1 DSP48E1=1)
  Clock Uncertainty:      0.197ns  ((TSJ^2 + TIJ^2)^1/2 + DJ) / 2 + PE
    Total System Jitter     (TSJ):    0.050ns
    Total Input Jitter      (TIJ):    0.390ns
    Discrete Jitter          (DJ):    0.000ns
    Phase Error              (PE):    0.000ns

    Location             Delay type                Incr(ns)  Path(ns)    Netlist Resource(s)
  -------------------------------------------------------------------    -------------------
    DSP48_X3Y38          DSP48E1                      0.000     0.000 r  MLZedboard_i/inference_0/inst/grp_inference_Pipeline_VITIS_LOOP_41_1_fu_3207/mul_32s_34ns_65_1_1_U1/dout__1/ACOUT[16]
                         net (fo=1, routed)           0.002     0.002    MLZedboard_i/inference_0/inst/grp_inference_Pipeline_VITIS_LOOP_41_1_fu_3207/mul_32s_34ns_65_1_1_U1/dout__1_n_37
    DSP48_X3Y39          DSP48E1 (Prop_dsp48e1_ACIN[16]_P[7])
                                                      0.521     0.523 r  MLZedboard_i/inference_0/inst/grp_inference_Pipeline_VITIS_LOOP_41_1_fu_3207/mul_32s_34ns_65_1_1_U1/dout__2/P[7]
                         net (fo=2, routed)           0.412     0.935    MLZedboard_i/inference_0/inst/grp_inference_Pipeline_VITIS_LOOP_41_1_fu_3207/mul_32s_34ns_65_1_1_U1/dout__2_n_98
    SLICE_X81Y98         CARRY4 (Prop_carry4_DI[0]_O[1])
                                                      0.124     1.059 r  MLZedboard_i/inference_0/inst/grp_inference_Pipeline_VITIS_LOOP_41_1_fu_3207/mul_32s_34ns_65_1_1_U1/mul_ln1513_reg_23186_reg[27]_i_1/O[1]
                         net (fo=1, routed)           0.000     1.059    MLZedboard_i/inference_0/inst/grp_inference_Pipeline_VITIS_LOOP_41_1_fu_3207/mul_32s_34ns_65_1_1_U1_n_14
    SLICE_X81Y98         FDRE                                         r  MLZedboard_i/inference_0/inst/grp_inference_Pipeline_VITIS_LOOP_41_1_fu_3207/mul_ln1513_reg_23186_reg[25]/D
  -------------------------------------------------------------------    -------------------

                         (clock clk_fpga_0 rise edge)
                                                      0.000     0.000 r  
    PS7_X0Y0             PS7                          0.000     0.000 r  MLZedboard_i/processing_system7_0/inst/PS7_i/FCLKCLK[0]
                         net (fo=1, routed)           0.337     0.337    MLZedboard_i/processing_system7_0/inst/FCLK_CLK_unbuffered[0]
    BUFGCTRL_X0Y16       BUFG (Prop_bufg_I_O)         0.029     0.366 r  MLZedboard_i/processing_system7_0/inst/buffer_fclk_clk_0.FCLK_CLK_0_BUFG/O
                         net (fo=4704, routed)        0.853     1.219    MLZedboard_i/inference_0/inst/grp_inference_Pipeline_VITIS_LOOP_41_1_fu_3207/ap_clk
    SLICE_X81Y98         FDRE                                         r  MLZedboard_i/inference_0/inst/grp_inference_Pipeline_VITIS_LOOP_41_1_fu_3207/mul_ln1513_reg_23186_reg[25]/C

Slack:                    inf
  Source:                 MLZedboard_i/inference_0/inst/grp_inference_Pipeline_VITIS_LOOP_41_1_fu_3207/mul_32s_34ns_65_1_1_U1/dout__1/ACOUT[16]
                            (internal pin)
  Destination:            MLZedboard_i/inference_0/inst/grp_inference_Pipeline_VITIS_LOOP_41_1_fu_3207/mul_ln1513_reg_23186_reg[29]/D
                            (rising edge-triggered cell FDRE clocked by clk_fpga_0  {rise@0.000ns fall@6.499ns period=12.999ns})
  Path Group:             (none)
  Path Type:              Hold (Min at Fast Process Corner)
  Data Path Delay:        1.059ns  (logic 0.645ns (60.899%)  route 0.414ns (39.101%))
  Logic Levels:           2  (CARRY4=1 DSP48E1=1)
  Clock Uncertainty:      0.197ns  ((TSJ^2 + TIJ^2)^1/2 + DJ) / 2 + PE
    Total System Jitter     (TSJ):    0.050ns
    Total Input Jitter      (TIJ):    0.390ns
    Discrete Jitter          (DJ):    0.000ns
    Phase Error              (PE):    0.000ns

    Location             Delay type                Incr(ns)  Path(ns)    Netlist Resource(s)
  -------------------------------------------------------------------    -------------------
    DSP48_X3Y38          DSP48E1                      0.000     0.000 r  MLZedboard_i/inference_0/inst/grp_inference_Pipeline_VITIS_LOOP_41_1_fu_3207/mul_32s_34ns_65_1_1_U1/dout__1/ACOUT[16]
                         net (fo=1, routed)           0.002     0.002    MLZedboard_i/inference_0/inst/grp_inference_Pipeline_VITIS_LOOP_41_1_fu_3207/mul_32s_34ns_65_1_1_U1/dout__1_n_37
    DSP48_X3Y39          DSP48E1 (Prop_dsp48e1_ACIN[16]_P[11])
                                                      0.521     0.523 r  MLZedboard_i/inference_0/inst/grp_inference_Pipeline_VITIS_LOOP_41_1_fu_3207/mul_32s_34ns_65_1_1_U1/dout__2/P[11]
                         net (fo=2, routed)           0.412     0.935    MLZedboard_i/inference_0/inst/grp_inference_Pipeline_VITIS_LOOP_41_1_fu_3207/mul_32s_34ns_65_1_1_U1/dout__2_n_94
    SLICE_X81Y99         CARRY4 (Prop_carry4_DI[0]_O[1])
                                                      0.124     1.059 r  MLZedboard_i/inference_0/inst/grp_inference_Pipeline_VITIS_LOOP_41_1_fu_3207/mul_32s_34ns_65_1_1_U1/mul_ln1513_reg_23186_reg[31]_i_1/O[1]
                         net (fo=1, routed)           0.000     1.059    MLZedboard_i/inference_0/inst/grp_inference_Pipeline_VITIS_LOOP_41_1_fu_3207/mul_32s_34ns_65_1_1_U1_n_10
    SLICE_X81Y99         FDRE                                         r  MLZedboard_i/inference_0/inst/grp_inference_Pipeline_VITIS_LOOP_41_1_fu_3207/mul_ln1513_reg_23186_reg[29]/D
  -------------------------------------------------------------------    -------------------

                         (clock clk_fpga_0 rise edge)
                                                      0.000     0.000 r  
    PS7_X0Y0             PS7                          0.000     0.000 r  MLZedboard_i/processing_system7_0/inst/PS7_i/FCLKCLK[0]
                         net (fo=1, routed)           0.337     0.337    MLZedboard_i/processing_system7_0/inst/FCLK_CLK_unbuffered[0]
    BUFGCTRL_X0Y16       BUFG (Prop_bufg_I_O)         0.029     0.366 r  MLZedboard_i/processing_system7_0/inst/buffer_fclk_clk_0.FCLK_CLK_0_BUFG/O
                         net (fo=4704, routed)        0.853     1.219    MLZedboard_i/inference_0/inst/grp_inference_Pipeline_VITIS_LOOP_41_1_fu_3207/ap_clk
    SLICE_X81Y99         FDRE                                         r  MLZedboard_i/inference_0/inst/grp_inference_Pipeline_VITIS_LOOP_41_1_fu_3207/mul_ln1513_reg_23186_reg[29]/C

Slack:                    inf
  Source:                 MLZedboard_i/inference_0/inst/grp_inference_Pipeline_VITIS_LOOP_41_1_fu_3207/mul_32s_34ns_65_1_1_U1/dout__1/ACOUT[16]
                            (internal pin)
  Destination:            MLZedboard_i/inference_0/inst/grp_inference_Pipeline_VITIS_LOOP_41_1_fu_3207/mul_ln1513_reg_23186_reg[37]/D
                            (rising edge-triggered cell FDRE clocked by clk_fpga_0  {rise@0.000ns fall@6.499ns period=12.999ns})
  Path Group:             (none)
  Path Type:              Hold (Min at Fast Process Corner)
  Data Path Delay:        1.060ns  (logic 0.645ns (60.827%)  route 0.415ns (39.173%))
  Logic Levels:           2  (CARRY4=1 DSP48E1=1)
  Clock Uncertainty:      0.197ns  ((TSJ^2 + TIJ^2)^1/2 + DJ) / 2 + PE
    Total System Jitter     (TSJ):    0.050ns
    Total Input Jitter      (TIJ):    0.390ns
    Discrete Jitter          (DJ):    0.000ns
    Phase Error              (PE):    0.000ns

    Location             Delay type                Incr(ns)  Path(ns)    Netlist Resource(s)
  -------------------------------------------------------------------    -------------------
    DSP48_X3Y38          DSP48E1                      0.000     0.000 r  MLZedboard_i/inference_0/inst/grp_inference_Pipeline_VITIS_LOOP_41_1_fu_3207/mul_32s_34ns_65_1_1_U1/dout__1/ACOUT[16]
                         net (fo=1, routed)           0.002     0.002    MLZedboard_i/inference_0/inst/grp_inference_Pipeline_VITIS_LOOP_41_1_fu_3207/mul_32s_34ns_65_1_1_U1/dout__1_n_37
    DSP48_X3Y39          DSP48E1 (Prop_dsp48e1_ACIN[16]_P[19])
                                                      0.521     0.523 r  MLZedboard_i/inference_0/inst/grp_inference_Pipeline_VITIS_LOOP_41_1_fu_3207/mul_32s_34ns_65_1_1_U1/dout__2/P[19]
                         net (fo=2, routed)           0.413     0.936    MLZedboard_i/inference_0/inst/grp_inference_Pipeline_VITIS_LOOP_41_1_fu_3207/mul_32s_34ns_65_1_1_U1/dout__2_n_86
    SLICE_X81Y101        CARRY4 (Prop_carry4_DI[0]_O[1])
                                                      0.124     1.060 r  MLZedboard_i/inference_0/inst/grp_inference_Pipeline_VITIS_LOOP_41_1_fu_3207/mul_32s_34ns_65_1_1_U1/mul_ln1513_reg_23186_reg[39]_i_1/O[1]
                         net (fo=1, routed)           0.000     1.060    MLZedboard_i/inference_0/inst/grp_inference_Pipeline_VITIS_LOOP_41_1_fu_3207/mul_32s_34ns_65_1_1_U1_n_2
    SLICE_X81Y101        FDRE                                         r  MLZedboard_i/inference_0/inst/grp_inference_Pipeline_VITIS_LOOP_41_1_fu_3207/mul_ln1513_reg_23186_reg[37]/D
  -------------------------------------------------------------------    -------------------

                         (clock clk_fpga_0 rise edge)
                                                      0.000     0.000 r  
    PS7_X0Y0             PS7                          0.000     0.000 r  MLZedboard_i/processing_system7_0/inst/PS7_i/FCLKCLK[0]
                         net (fo=1, routed)           0.337     0.337    MLZedboard_i/processing_system7_0/inst/FCLK_CLK_unbuffered[0]
    BUFGCTRL_X0Y16       BUFG (Prop_bufg_I_O)         0.029     0.366 r  MLZedboard_i/processing_system7_0/inst/buffer_fclk_clk_0.FCLK_CLK_0_BUFG/O
                         net (fo=4704, routed)        0.939     1.305    MLZedboard_i/inference_0/inst/grp_inference_Pipeline_VITIS_LOOP_41_1_fu_3207/ap_clk
    SLICE_X81Y101        FDRE                                         r  MLZedboard_i/inference_0/inst/grp_inference_Pipeline_VITIS_LOOP_41_1_fu_3207/mul_ln1513_reg_23186_reg[37]/C

Slack:                    inf
  Source:                 MLZedboard_i/inference_0/inst/grp_inference_Pipeline_VITIS_LOOP_41_1_fu_3207/mul_32s_34ns_65_1_1_U1/dout__1/ACOUT[16]
                            (internal pin)
  Destination:            MLZedboard_i/inference_0/inst/grp_inference_Pipeline_VITIS_LOOP_41_1_fu_3207/mul_ln1513_reg_23186_reg[33]/D
                            (rising edge-triggered cell FDRE clocked by clk_fpga_0  {rise@0.000ns fall@6.499ns period=12.999ns})
  Path Group:             (none)
  Path Type:              Hold (Min at Fast Process Corner)
  Data Path Delay:        1.062ns  (logic 0.645ns (60.758%)  route 0.417ns (39.242%))
  Logic Levels:           2  (CARRY4=1 DSP48E1=1)
  Clock Uncertainty:      0.197ns  ((TSJ^2 + TIJ^2)^1/2 + DJ) / 2 + PE
    Total System Jitter     (TSJ):    0.050ns
    Total Input Jitter      (TIJ):    0.390ns
    Discrete Jitter          (DJ):    0.000ns
    Phase Error              (PE):    0.000ns

    Location             Delay type                Incr(ns)  Path(ns)    Netlist Resource(s)
  -------------------------------------------------------------------    -------------------
    DSP48_X3Y38          DSP48E1                      0.000     0.000 r  MLZedboard_i/inference_0/inst/grp_inference_Pipeline_VITIS_LOOP_41_1_fu_3207/mul_32s_34ns_65_1_1_U1/dout__1/ACOUT[16]
                         net (fo=1, routed)           0.002     0.002    MLZedboard_i/inference_0/inst/grp_inference_Pipeline_VITIS_LOOP_41_1_fu_3207/mul_32s_34ns_65_1_1_U1/dout__1_n_37
    DSP48_X3Y39          DSP48E1 (Prop_dsp48e1_ACIN[16]_P[15])
                                                      0.521     0.523 r  MLZedboard_i/inference_0/inst/grp_inference_Pipeline_VITIS_LOOP_41_1_fu_3207/mul_32s_34ns_65_1_1_U1/dout__2/P[15]
                         net (fo=2, routed)           0.415     0.938    MLZedboard_i/inference_0/inst/grp_inference_Pipeline_VITIS_LOOP_41_1_fu_3207/mul_32s_34ns_65_1_1_U1/dout__2_n_90
    SLICE_X81Y100        CARRY4 (Prop_carry4_DI[0]_O[1])
                                                      0.124     1.062 r  MLZedboard_i/inference_0/inst/grp_inference_Pipeline_VITIS_LOOP_41_1_fu_3207/mul_32s_34ns_65_1_1_U1/mul_ln1513_reg_23186_reg[35]_i_1/O[1]
                         net (fo=1, routed)           0.000     1.062    MLZedboard_i/inference_0/inst/grp_inference_Pipeline_VITIS_LOOP_41_1_fu_3207/mul_32s_34ns_65_1_1_U1_n_6
    SLICE_X81Y100        FDRE                                         r  MLZedboard_i/inference_0/inst/grp_inference_Pipeline_VITIS_LOOP_41_1_fu_3207/mul_ln1513_reg_23186_reg[33]/D
  -------------------------------------------------------------------    -------------------

                         (clock clk_fpga_0 rise edge)
                                                      0.000     0.000 r  
    PS7_X0Y0             PS7                          0.000     0.000 r  MLZedboard_i/processing_system7_0/inst/PS7_i/FCLKCLK[0]
                         net (fo=1, routed)           0.337     0.337    MLZedboard_i/processing_system7_0/inst/FCLK_CLK_unbuffered[0]
    BUFGCTRL_X0Y16       BUFG (Prop_bufg_I_O)         0.029     0.366 r  MLZedboard_i/processing_system7_0/inst/buffer_fclk_clk_0.FCLK_CLK_0_BUFG/O
                         net (fo=4704, routed)        0.939     1.305    MLZedboard_i/inference_0/inst/grp_inference_Pipeline_VITIS_LOOP_41_1_fu_3207/ap_clk
    SLICE_X81Y100        FDRE                                         r  MLZedboard_i/inference_0/inst/grp_inference_Pipeline_VITIS_LOOP_41_1_fu_3207/mul_ln1513_reg_23186_reg[33]/C

Slack:                    inf
  Source:                 MLZedboard_i/inference_0/inst/grp_inference_Pipeline_VITIS_LOOP_41_1_fu_3207/mul_32s_34ns_65_1_1_U1/dout__1/ACOUT[16]
                            (internal pin)
  Destination:            MLZedboard_i/inference_0/inst/grp_inference_Pipeline_VITIS_LOOP_41_1_fu_3207/mul_ln1513_reg_23186_reg[26]/D
                            (rising edge-triggered cell FDRE clocked by clk_fpga_0  {rise@0.000ns fall@6.499ns period=12.999ns})
  Path Group:             (none)
  Path Type:              Hold (Min at Fast Process Corner)
  Data Path Delay:        1.066ns  (logic 0.667ns (62.589%)  route 0.399ns (37.411%))
  Logic Levels:           2  (CARRY4=1 DSP48E1=1)
  Clock Uncertainty:      0.197ns  ((TSJ^2 + TIJ^2)^1/2 + DJ) / 2 + PE
    Total System Jitter     (TSJ):    0.050ns
    Total Input Jitter      (TIJ):    0.390ns
    Discrete Jitter          (DJ):    0.000ns
    Phase Error              (PE):    0.000ns

    Location             Delay type                Incr(ns)  Path(ns)    Netlist Resource(s)
  -------------------------------------------------------------------    -------------------
    DSP48_X3Y38          DSP48E1                      0.000     0.000 r  MLZedboard_i/inference_0/inst/grp_inference_Pipeline_VITIS_LOOP_41_1_fu_3207/mul_32s_34ns_65_1_1_U1/dout__1/ACOUT[16]
                         net (fo=1, routed)           0.002     0.002    MLZedboard_i/inference_0/inst/grp_inference_Pipeline_VITIS_LOOP_41_1_fu_3207/mul_32s_34ns_65_1_1_U1/dout__1_n_37
    DSP48_X3Y39          DSP48E1 (Prop_dsp48e1_ACIN[16]_P[8])
                                                      0.521     0.523 r  MLZedboard_i/inference_0/inst/grp_inference_Pipeline_VITIS_LOOP_41_1_fu_3207/mul_32s_34ns_65_1_1_U1/dout__2/P[8]
                         net (fo=2, routed)           0.397     0.920    MLZedboard_i/inference_0/inst/grp_inference_Pipeline_VITIS_LOOP_41_1_fu_3207/mul_32s_34ns_65_1_1_U1/dout__2_n_97
    SLICE_X81Y98         CARRY4 (Prop_carry4_DI[1]_O[2])
                                                      0.146     1.066 r  MLZedboard_i/inference_0/inst/grp_inference_Pipeline_VITIS_LOOP_41_1_fu_3207/mul_32s_34ns_65_1_1_U1/mul_ln1513_reg_23186_reg[27]_i_1/O[2]
                         net (fo=1, routed)           0.000     1.066    MLZedboard_i/inference_0/inst/grp_inference_Pipeline_VITIS_LOOP_41_1_fu_3207/mul_32s_34ns_65_1_1_U1_n_13
    SLICE_X81Y98         FDRE                                         r  MLZedboard_i/inference_0/inst/grp_inference_Pipeline_VITIS_LOOP_41_1_fu_3207/mul_ln1513_reg_23186_reg[26]/D
  -------------------------------------------------------------------    -------------------

                         (clock clk_fpga_0 rise edge)
                                                      0.000     0.000 r  
    PS7_X0Y0             PS7                          0.000     0.000 r  MLZedboard_i/processing_system7_0/inst/PS7_i/FCLKCLK[0]
                         net (fo=1, routed)           0.337     0.337    MLZedboard_i/processing_system7_0/inst/FCLK_CLK_unbuffered[0]
    BUFGCTRL_X0Y16       BUFG (Prop_bufg_I_O)         0.029     0.366 r  MLZedboard_i/processing_system7_0/inst/buffer_fclk_clk_0.FCLK_CLK_0_BUFG/O
                         net (fo=4704, routed)        0.853     1.219    MLZedboard_i/inference_0/inst/grp_inference_Pipeline_VITIS_LOOP_41_1_fu_3207/ap_clk
    SLICE_X81Y98         FDRE                                         r  MLZedboard_i/inference_0/inst/grp_inference_Pipeline_VITIS_LOOP_41_1_fu_3207/mul_ln1513_reg_23186_reg[26]/C

Slack:                    inf
  Source:                 MLZedboard_i/inference_0/inst/grp_inference_Pipeline_VITIS_LOOP_41_1_fu_3207/mul_32s_34ns_65_1_1_U1/dout__1/ACOUT[16]
                            (internal pin)
  Destination:            MLZedboard_i/inference_0/inst/grp_inference_Pipeline_VITIS_LOOP_41_1_fu_3207/mul_ln1513_reg_23186_reg[18]/D
                            (rising edge-triggered cell FDRE clocked by clk_fpga_0  {rise@0.000ns fall@6.499ns period=12.999ns})
  Path Group:             (none)
  Path Type:              Hold (Min at Fast Process Corner)
  Data Path Delay:        1.069ns  (logic 0.632ns (59.131%)  route 0.437ns (40.869%))
  Logic Levels:           3  (CARRY4=1 DSP48E1=1 LUT2=1)
  Clock Uncertainty:      0.197ns  ((TSJ^2 + TIJ^2)^1/2 + DJ) / 2 + PE
    Total System Jitter     (TSJ):    0.050ns
    Total Input Jitter      (TIJ):    0.390ns
    Discrete Jitter          (DJ):    0.000ns
    Phase Error              (PE):    0.000ns

    Location             Delay type                Incr(ns)  Path(ns)    Netlist Resource(s)
  -------------------------------------------------------------------    -------------------
    DSP48_X3Y38          DSP48E1                      0.000     0.000 r  MLZedboard_i/inference_0/inst/grp_inference_Pipeline_VITIS_LOOP_41_1_fu_3207/mul_32s_34ns_65_1_1_U1/dout__1/ACOUT[16]
                         net (fo=1, routed)           0.002     0.002    MLZedboard_i/inference_0/inst/grp_inference_Pipeline_VITIS_LOOP_41_1_fu_3207/mul_32s_34ns_65_1_1_U1/dout__1_n_37
    DSP48_X3Y39          DSP48E1 (Prop_dsp48e1_ACIN[16]_P[1])
                                                      0.521     0.523 r  MLZedboard_i/inference_0/inst/grp_inference_Pipeline_VITIS_LOOP_41_1_fu_3207/mul_32s_34ns_65_1_1_U1/dout__2/P[1]
                         net (fo=2, routed)           0.435     0.958    MLZedboard_i/inference_0/inst/grp_inference_Pipeline_VITIS_LOOP_41_1_fu_3207/mul_32s_34ns_65_1_1_U1/dout__2_n_104
    SLICE_X81Y96         LUT2 (Prop_lut2_I0_O)        0.045     1.003 r  MLZedboard_i/inference_0/inst/grp_inference_Pipeline_VITIS_LOOP_41_1_fu_3207/mul_32s_34ns_65_1_1_U1/mul_ln1513_reg_23186[19]_i_3/O
                         net (fo=1, routed)           0.000     1.003    MLZedboard_i/inference_0/inst/grp_inference_Pipeline_VITIS_LOOP_41_1_fu_3207/mul_32s_34ns_65_1_1_U1/mul_ln1513_reg_23186[19]_i_3_n_0
    SLICE_X81Y96         CARRY4 (Prop_carry4_S[2]_O[2])
                                                      0.066     1.069 r  MLZedboard_i/inference_0/inst/grp_inference_Pipeline_VITIS_LOOP_41_1_fu_3207/mul_32s_34ns_65_1_1_U1/mul_ln1513_reg_23186_reg[19]_i_1/O[2]
                         net (fo=1, routed)           0.000     1.069    MLZedboard_i/inference_0/inst/grp_inference_Pipeline_VITIS_LOOP_41_1_fu_3207/mul_32s_34ns_65_1_1_U1_n_21
    SLICE_X81Y96         FDRE                                         r  MLZedboard_i/inference_0/inst/grp_inference_Pipeline_VITIS_LOOP_41_1_fu_3207/mul_ln1513_reg_23186_reg[18]/D
  -------------------------------------------------------------------    -------------------

                         (clock clk_fpga_0 rise edge)
                                                      0.000     0.000 r  
    PS7_X0Y0             PS7                          0.000     0.000 r  MLZedboard_i/processing_system7_0/inst/PS7_i/FCLKCLK[0]
                         net (fo=1, routed)           0.337     0.337    MLZedboard_i/processing_system7_0/inst/FCLK_CLK_unbuffered[0]
    BUFGCTRL_X0Y16       BUFG (Prop_bufg_I_O)         0.029     0.366 r  MLZedboard_i/processing_system7_0/inst/buffer_fclk_clk_0.FCLK_CLK_0_BUFG/O
                         net (fo=4704, routed)        0.852     1.218    MLZedboard_i/inference_0/inst/grp_inference_Pipeline_VITIS_LOOP_41_1_fu_3207/ap_clk
    SLICE_X81Y96         FDRE                                         r  MLZedboard_i/inference_0/inst/grp_inference_Pipeline_VITIS_LOOP_41_1_fu_3207/mul_ln1513_reg_23186_reg[18]/C





